stash,stash_section,stash_item,lbproc,lblev,lbplev,blev,cmip6_short_name,mip_table,is_simple_mapping,n_stash_refs_in_expression,units,status,expression,source_file
m01s03i237,3,237,0,,,,huss,3hr,True,1,1,ok,m01s03i237[lbproc=0],HadGEM3_3hr_mappings.cfg
m01s08i223,8,223,0,,,0.05,mrsos,3hr,True,1,kg m-2,ok,"m01s08i223[blev=0.05, lbproc=0]",HadGEM3_3hr_mappings.cfg
m01s00i409,0,409,0,,,,ps,3hr,True,1,Pa,ok,m01s00i409[lbproc=0],HadGEM3_3hr_mappings.cfg
m01s03i236,3,236,0,,,,tas,3hr,True,1,K,ok,m01s03i236[lbproc=0],HadGEM3_3hr_mappings.cfg
m01s03i209,3,209,0,,,,uas,3hr,True,1,m s-1,ok,m01s03i209[lbproc=0],HadGEM3_3hr_mappings.cfg
m01s03i210,3,210,0,,,,vas,3hr,True,1,m s-1,ok,m01s03i210[lbproc=0],HadGEM3_3hr_mappings.cfg
m01s02i530,2,530,0,,3,,ec550aer,6hrLev,False,2,m-1,ok,"m01s02i530[lbplev=3, lbproc=0] + m01s02i540[lbplev=3, lbproc=0]",HadGEM3_6hrLev_mappings.cfg
m01s02i540,2,540,0,,3,,ec550aer,6hrLev,False,2,m-1,ok,"m01s02i530[lbplev=3, lbproc=0] + m01s02i540[lbplev=3, lbproc=0]",HadGEM3_6hrLev_mappings.cfg
m01s00i010,0,10,0,,,,hus,6hrLev,True,1,1,ok,m01s00i010[lbproc=0],HadGEM3_6hrLev_mappings.cfg
m01s00i408,0,408,0,,,,pfull,6hrLev,True,1,Pa,ok,m01s00i408[lbproc=0],HadGEM3_6hrLev_mappings.cfg
m01s00i409,0,409,0,,,,ps,6hrLev,True,1,Pa,ok,m01s00i409[lbproc=0],HadGEM3_6hrLev_mappings.cfg
m01s30i111,30,111,0,,,,ta,6hrLev,True,1,K,ok,m01s30i111[lbproc=0],HadGEM3_6hrLev_mappings.cfg
m01s00i002,0,2,0,,,,ua,6hrLev,True,1,m s-1,ok,m01s00i002[lbproc=0],HadGEM3_6hrLev_mappings.cfg
m01s00i003,0,3,0,,,,va,6hrLev,True,1,m s-1,ok,m01s00i003[lbproc=0],HadGEM3_6hrLev_mappings.cfg
m01s16i222,16,222,0,,,,psl,6hrPlevPt,True,1,Pa,ok,m01s16i222[lbproc=0],HadGEM3_6hrPlevPt_mappings.cfg
m01s30i455,30,455,0,,,P850,rv850,6hrPlevPt,True,1,s-1,embargoed,"m01s30i455[blev=P850, lbproc=0]",HadGEM3_6hrPlevPt_mappings.cfg
m01s30i294,30,294,0,,,PLEV3,ta,6hrPlevPt,False,2,K,ok,"m01s30i294[blev=PLEV3, lbproc=0]
/ m01s30i304[blev=PLEV3, lbproc=0]",HadGEM3_6hrPlevPt_mappings.cfg
m01s30i304,30,304,0,,,PLEV3,ta,6hrPlevPt,False,2,K,ok,"m01s30i294[blev=PLEV3, lbproc=0]
/ m01s30i304[blev=PLEV3, lbproc=0]",HadGEM3_6hrPlevPt_mappings.cfg
m01s08i225,8,225,0,,,0.05,tsl,6hrPlevPt,True,1,K,embargoed,"m01s08i225[blev=0.05, lbproc=0]",HadGEM3_6hrPlevPt_mappings.cfg
m01s30i201,30,201,0,,,PLEV7H,ua7h,6hrPlevPt,False,2,m s-1,ok,"m01s30i201[blev=PLEV7H, lbproc=0]
/ m01s30i301[blev=PLEV7H, lbproc=0]",HadGEM3_6hrPlevPt_mappings.cfg
m01s30i301,30,301,0,,,PLEV7H,ua7h,6hrPlevPt,False,2,m s-1,ok,"m01s30i201[blev=PLEV7H, lbproc=0]
/ m01s30i301[blev=PLEV7H, lbproc=0]",HadGEM3_6hrPlevPt_mappings.cfg
m01s30i201,30,201,0,,,PLEV3,ua,6hrPlevPt,False,2,m s-1,ok,"m01s30i201[blev=PLEV3, lbproc=0]
/ m01s30i301[blev=PLEV3, lbproc=0]",HadGEM3_6hrPlevPt_mappings.cfg
m01s30i301,30,301,0,,,PLEV3,ua,6hrPlevPt,False,2,m s-1,ok,"m01s30i201[blev=PLEV3, lbproc=0]
/ m01s30i301[blev=PLEV3, lbproc=0]",HadGEM3_6hrPlevPt_mappings.cfg
m01s03i209,3,209,0,,,,uas,6hrPlevPt,True,1,m s-1,ok,m01s03i209[lbproc=0],HadGEM3_6hrPlevPt_mappings.cfg
m01s30i202,30,202,0,,,PLEV7H,va7h,6hrPlevPt,False,2,m s-1,ok,"m01s30i202[blev=PLEV7H, lbproc=0]
/ m01s30i301[blev=PLEV7H, lbproc=0]",HadGEM3_6hrPlevPt_mappings.cfg
m01s30i301,30,301,0,,,PLEV7H,va7h,6hrPlevPt,False,2,m s-1,ok,"m01s30i202[blev=PLEV7H, lbproc=0]
/ m01s30i301[blev=PLEV7H, lbproc=0]",HadGEM3_6hrPlevPt_mappings.cfg
m01s30i202,30,202,0,,,PLEV3,va,6hrPlevPt,False,2,m s-1,ok,"m01s30i202[blev=PLEV3, lbproc=0]
/ m01s30i301[blev=PLEV3, lbproc=0]",HadGEM3_6hrPlevPt_mappings.cfg
m01s30i301,30,301,0,,,PLEV3,va,6hrPlevPt,False,2,m s-1,ok,"m01s30i202[blev=PLEV3, lbproc=0]
/ m01s30i301[blev=PLEV3, lbproc=0]",HadGEM3_6hrPlevPt_mappings.cfg
m01s03i210,3,210,0,,,,vas,6hrPlevPt,True,1,m s-1,ok,m01s03i210[lbproc=0],HadGEM3_6hrPlevPt_mappings.cfg
m01s30i297,30,297,0,,,P500,zg500,6hrPlevPt,False,2,m,ok,"m01s30i297[blev=P500, lbproc=0] / m01s30i304[blev=P500, lbproc=0]",HadGEM3_6hrPlevPt_mappings.cfg
m01s30i304,30,304,0,,,P500,zg500,6hrPlevPt,False,2,m,ok,"m01s30i297[blev=P500, lbproc=0] / m01s30i304[blev=P500, lbproc=0]",HadGEM3_6hrPlevPt_mappings.cfg
m01s50i219,50,219,128,1,,,toz,AERday,True,1,1e-5 m,ok,"m01s50i219[lblev=1, lbproc=128]",HadGEM3_AERday_mappings.cfg
m01s03i236,3,236,128,,,,tas,AERhr,True,1,K,embargoed,m01s03i236[lbproc=128],HadGEM3_AERhr_mappings.cfg
m01s51i009,51,9,192,,,PLEV39,ch4,AERmonZ,False,2,mol mol-1,ok,"(MOLECULAR_MASS_OF_AIR / MOLECULAR_MASS_OF_CH4)
* m01s51i009[blev=PLEV39, lbproc=192] / m01s51i999[blev=PLEV39, lbproc=192]",HadGEM3_AERmonZ_mappings.cfg
m01s51i999,51,999,192,,,PLEV39,ch4,AERmonZ,False,2,mol mol-1,ok,"(MOLECULAR_MASS_OF_AIR / MOLECULAR_MASS_OF_CH4)
* m01s51i009[blev=PLEV39, lbproc=192] / m01s51i999[blev=PLEV39, lbproc=192]",HadGEM3_AERmonZ_mappings.cfg
m01s51i992,51,992,192,,,PLEV39,hcl,AERmonZ,False,2,mol mol-1,ok,"(MOLECULAR_MASS_OF_AIR / MOLECULAR_MASS_OF_HCL)
* m01s51i992[blev=PLEV39, lbproc=192] / m01s51i999[blev=PLEV39, lbproc=192]",HadGEM3_AERmonZ_mappings.cfg
m01s51i999,51,999,192,,,PLEV39,hcl,AERmonZ,False,2,mol mol-1,ok,"(MOLECULAR_MASS_OF_AIR / MOLECULAR_MASS_OF_HCL)
* m01s51i992[blev=PLEV39, lbproc=192] / m01s51i999[blev=PLEV39, lbproc=192]",HadGEM3_AERmonZ_mappings.cfg
m01s51i007,51,7,192,,,PLEV39,hno3,AERmonZ,False,2,mol mol-1,ok,"(MOLECULAR_MASS_OF_AIR / MOLECULAR_MASS_OF_HNO3)
* m01s51i007[blev=PLEV39, lbproc=192] / m01s51i999[blev=PLEV39, lbproc=192]",HadGEM3_AERmonZ_mappings.cfg
m01s51i999,51,999,192,,,PLEV39,hno3,AERmonZ,False,2,mol mol-1,ok,"(MOLECULAR_MASS_OF_AIR / MOLECULAR_MASS_OF_HNO3)
* m01s51i007[blev=PLEV39, lbproc=192] / m01s51i999[blev=PLEV39, lbproc=192]",HadGEM3_AERmonZ_mappings.cfg
m01s51i049,51,49,192,,,PLEV39,n2o,AERmonZ,False,2,mol mol-1,ok,"(MOLECULAR_MASS_OF_AIR / MOLECULAR_MASS_OF_N2O)
* m01s51i049[blev=PLEV39, lbproc=192] / m01s51i999[blev=PLEV39, lbproc=192]",HadGEM3_AERmonZ_mappings.cfg
m01s51i999,51,999,192,,,PLEV39,n2o,AERmonZ,False,2,mol mol-1,ok,"(MOLECULAR_MASS_OF_AIR / MOLECULAR_MASS_OF_N2O)
* m01s51i049[blev=PLEV39, lbproc=192] / m01s51i999[blev=PLEV39, lbproc=192]",HadGEM3_AERmonZ_mappings.cfg
m01s51i001,51,1,192,,,PLEV39,o3,AERmonZ,False,2,mol mol-1,ok,"(MOLECULAR_MASS_OF_AIR / MOLECULAR_MASS_OF_O3)
* m01s51i001[blev=PLEV39, lbproc=192] / m01s51i999[blev=PLEV39, lbproc=192]",HadGEM3_AERmonZ_mappings.cfg
m01s51i999,51,999,192,,,PLEV39,o3,AERmonZ,False,2,mol mol-1,ok,"(MOLECULAR_MASS_OF_AIR / MOLECULAR_MASS_OF_O3)
* m01s51i001[blev=PLEV39, lbproc=192] / m01s51i999[blev=PLEV39, lbproc=192]",HadGEM3_AERmonZ_mappings.cfg
m01s51i081,51,81,192,,,PLEV39,oh,AERmonZ,False,2,mol mol-1,ok,"(MOLECULAR_MASS_OF_AIR / MOLECULAR_MASS_OF_OH)
* m01s51i081[blev=PLEV39, lbproc=192] / m01s51i999[blev=PLEV39, lbproc=192]",HadGEM3_AERmonZ_mappings.cfg
m01s51i999,51,999,192,,,PLEV39,oh,AERmonZ,False,2,mol mol-1,ok,"(MOLECULAR_MASS_OF_AIR / MOLECULAR_MASS_OF_OH)
* m01s51i081[blev=PLEV39, lbproc=192] / m01s51i999[blev=PLEV39, lbproc=192]",HadGEM3_AERmonZ_mappings.cfg
m01s30i294,30,294,192,,,PLEV39,ta,AERmonZ,False,2,K,ok,"m01s30i294[blev=PLEV39, lbproc=192]
/ m01s30i304[blev=PLEV39, lbproc=192]",HadGEM3_AERmonZ_mappings.cfg
m01s30i304,30,304,192,,,PLEV39,ta,AERmonZ,False,2,K,ok,"m01s30i294[blev=PLEV39, lbproc=192]
/ m01s30i304[blev=PLEV39, lbproc=192]",HadGEM3_AERmonZ_mappings.cfg
m01s30i201,30,201,192,,,PLEV39,ua,AERmonZ,False,2,m s-1,ok,"m01s30i201[blev=PLEV39, lbproc=192]
/ m01s30i301[blev=PLEV39, lbproc=192]",HadGEM3_AERmonZ_mappings.cfg
m01s30i301,30,301,192,,,PLEV39,ua,AERmonZ,False,2,m s-1,ok,"m01s30i201[blev=PLEV39, lbproc=192]
/ m01s30i301[blev=PLEV39, lbproc=192]",HadGEM3_AERmonZ_mappings.cfg
m01s30i202,30,202,192,,,PLEV39,va,AERmonZ,False,2,m s-1,ok,"m01s30i202[blev=PLEV39, lbproc=192]
/ m01s30i301[blev=PLEV39, lbproc=192]",HadGEM3_AERmonZ_mappings.cfg
m01s30i301,30,301,192,,,PLEV39,va,AERmonZ,False,2,m s-1,ok,"m01s30i202[blev=PLEV39, lbproc=192]
/ m01s30i301[blev=PLEV39, lbproc=192]",HadGEM3_AERmonZ_mappings.cfg
m01s30i297,30,297,192,,,PLEV39,zg,AERmonZ,False,2,m,ok,"m01s30i297[blev=PLEV39, lbproc=192]
/ m01s30i304[blev=PLEV39, lbproc=192]",HadGEM3_AERmonZ_mappings.cfg
m01s30i304,30,304,192,,,PLEV39,zg,AERmonZ,False,2,m,ok,"m01s30i297[blev=PLEV39, lbproc=192]
/ m01s30i304[blev=PLEV39, lbproc=192]",HadGEM3_AERmonZ_mappings.cfg
m01s34i009,34,9,128,,,,ch4,AERmon,True,1,mol mol-1,ok,"(MOLECULAR_MASS_OF_AIR / MOLECULAR_MASS_OF_CH4)
* m01s34i009[lbproc=128]",HadGEM3_AERmon_mappings.cfg
m01s34i049,34,49,128,,,,n2o,AERmon,True,1,mol mol-1,ok,"(MOLECULAR_MASS_OF_AIR / MOLECULAR_MASS_OF_N2O)
* m01s34i049[lbproc=128]",HadGEM3_AERmon_mappings.cfg
m01s34i001,34,1,128,,,,o3,AERmon,True,1,mol mol-1,ok,"(MOLECULAR_MASS_OF_AIR / MOLECULAR_MASS_OF_O3)
* m01s34i001[lbproc=128]",HadGEM3_AERmon_mappings.cfg
m01s00i002,0,2,128,,,,ua,AERmon,True,1,m s-1,ok,m01s00i002[lbproc=128],HadGEM3_AERmon_mappings.cfg
m01s00i003,0,3,128,,,,va,AERmon,True,1,m s-1,ok,m01s00i003[lbproc=128],HadGEM3_AERmon_mappings.cfg
m01s16i201,16,201,128,,,,zg,AERmon,True,1,m,ok,m01s16i201[lbproc=128],HadGEM3_AERmon_mappings.cfg
m01s30i296,30,296,128,,,PLEV8,hur,APday,False,2,%,ok,"m01s30i296[blev=PLEV8, lbproc=128]
/ m01s30i304[blev=PLEV8, lbproc=128]",HadGEM3_APday_mappings.cfg
m01s30i304,30,304,128,,,PLEV8,hur,APday,False,2,%,ok,"m01s30i296[blev=PLEV8, lbproc=128]
/ m01s30i304[blev=PLEV8, lbproc=128]",HadGEM3_APday_mappings.cfg
m01s30i295,30,295,128,,,PLEV8,hus8,APday,False,2,1,ok,"m01s30i295[blev=PLEV8, lbproc=128]
/ m01s30i304[blev=PLEV8, lbproc=128]",HadGEM3_APday_mappings.cfg
m01s30i304,30,304,128,,,PLEV8,hus8,APday,False,2,1,ok,"m01s30i295[blev=PLEV8, lbproc=128]
/ m01s30i304[blev=PLEV8, lbproc=128]",HadGEM3_APday_mappings.cfg
m01s30i294,30,294,128,,,PLEV8,ta8,APday,False,2,K,ok,"m01s30i294[blev=PLEV8, lbproc=128]
/ m01s30i304[blev=PLEV8, lbproc=128]",HadGEM3_APday_mappings.cfg
m01s30i304,30,304,128,,,PLEV8,ta8,APday,False,2,K,ok,"m01s30i294[blev=PLEV8, lbproc=128]
/ m01s30i304[blev=PLEV8, lbproc=128]",HadGEM3_APday_mappings.cfg
m01s03i230,3,230,8192,,,,sfcWindmax,APday,True,1,m s-1,ok,m01s03i230[lbproc=8192],HadGEM3_APday_mappings.cfg
m01s03i236,3,236,8192,,,,tasmax,APday,True,1,K,ok,m01s03i236[lbproc=8192],HadGEM3_APday_mappings.cfg
m01s03i236,3,236,4096,,,,tasmin,APday,True,1,K,ok,m01s03i236[lbproc=4096],HadGEM3_APday_mappings.cfg
m01s30i201,30,201,128,,,PLEV8,ua8,APday,False,2,m s-1,ok,"m01s30i201[blev=PLEV8, lbproc=128]
/ m01s30i301[blev=PLEV8, lbproc=128]",HadGEM3_APday_mappings.cfg
m01s30i301,30,301,128,,,PLEV8,ua8,APday,False,2,m s-1,ok,"m01s30i201[blev=PLEV8, lbproc=128]
/ m01s30i301[blev=PLEV8, lbproc=128]",HadGEM3_APday_mappings.cfg
m01s30i202,30,202,128,,,PLEV8,va8,APday,False,2,m s-1,ok,"m01s30i202[blev=PLEV8, lbproc=128]
/ m01s30i301[blev=PLEV8, lbproc=128]",HadGEM3_APday_mappings.cfg
m01s30i301,30,301,128,,,PLEV8,va8,APday,False,2,m s-1,ok,"m01s30i202[blev=PLEV8, lbproc=128]
/ m01s30i301[blev=PLEV8, lbproc=128]",HadGEM3_APday_mappings.cfg
m01s30i298,30,298,128,,,PLEV8,wap8,APday,False,2,Pa s-1,ok,"m01s30i298[blev=PLEV8, lbproc=128]
/ m01s30i304[blev=PLEV8, lbproc=128]",HadGEM3_APday_mappings.cfg
m01s30i304,30,304,128,,,PLEV8,wap8,APday,False,2,Pa s-1,ok,"m01s30i298[blev=PLEV8, lbproc=128]
/ m01s30i304[blev=PLEV8, lbproc=128]",HadGEM3_APday_mappings.cfg
m01s30i297,30,297,128,,,PLEV8,zg8,APday,False,2,m,ok,"m01s30i297[blev=PLEV8, lbproc=128]
/ m01s30i304[blev=PLEV8, lbproc=128]",HadGEM3_APday_mappings.cfg
m01s30i304,30,304,128,,,PLEV8,zg8,APday,False,2,m,ok,"m01s30i297[blev=PLEV8, lbproc=128]
/ m01s30i304[blev=PLEV8, lbproc=128]",HadGEM3_APday_mappings.cfg
m01s30i296,30,296,128,,,PLEV19,hur,APmon,False,2,%,ok,"m01s30i296[blev=PLEV19, lbproc=128]
/ m01s30i304[blev=PLEV19, lbproc=128]",HadGEM3_APmon_mappings.cfg
m01s30i304,30,304,128,,,PLEV19,hur,APmon,False,2,%,ok,"m01s30i296[blev=PLEV19, lbproc=128]
/ m01s30i304[blev=PLEV19, lbproc=128]",HadGEM3_APmon_mappings.cfg
m01s30i296,30,296,128,,,PLEV19,hur,Amon,False,2,%,ok,"m01s30i296[blev=PLEV19, lbproc=128]
/ m01s30i304[blev=PLEV19, lbproc=128]",HadGEM3_Amon_mappings.cfg
m01s30i304,30,304,128,,,PLEV19,hur,Amon,False,2,%,ok,"m01s30i296[blev=PLEV19, lbproc=128]
/ m01s30i304[blev=PLEV19, lbproc=128]",HadGEM3_Amon_mappings.cfg
m01s03i298,3,298,128,,,,sbl,Amon,True,1,kg m-2 s-1,embargoed,m01s03i298[lbproc=128],HadGEM3_Amon_mappings.cfg
m01s05i269,5,269,0,,,,ci,CF3hr,True,1,1.0,embargoed,m01s05i269[lbproc=0],HadGEM3_CF3hr_mappings.cfg
m01s02i317,2,317,0,,,,clc,CF3hr,True,1,1,ok,m01s02i317[lbproc=0],HadGEM3_CF3hr_mappings.cfg
m01s02i319,2,319,0,,,,clic,CF3hr,True,1,1,ok,m01s02i319[lbproc=0],HadGEM3_CF3hr_mappings.cfg
m01s02i309,2,309,0,,,,clis,CF3hr,False,2,1,ok,m01s02i309[lbproc=0] - m01s02i319[lbproc=0],HadGEM3_CF3hr_mappings.cfg
m01s02i319,2,319,0,,,,clis,CF3hr,False,2,1,ok,m01s02i309[lbproc=0] - m01s02i319[lbproc=0],HadGEM3_CF3hr_mappings.cfg
m01s02i392,2,392,0,,,,clivi,CF3hr,True,1,kg m-2,embargoed,m01s02i392[lbproc=0],HadGEM3_CF3hr_mappings.cfg
m01s02i312,2,312,0,,,,cls,CF3hr,False,3,1,ok,m01s02i312[lbproc=0] + m01s02i313[lbproc=0] - m01s02i317[lbproc=0],HadGEM3_CF3hr_mappings.cfg
m01s02i313,2,313,0,,,,cls,CF3hr,False,3,1,ok,m01s02i312[lbproc=0] + m01s02i313[lbproc=0] - m01s02i317[lbproc=0],HadGEM3_CF3hr_mappings.cfg
m01s02i317,2,317,0,,,,cls,CF3hr,False,3,1,ok,m01s02i312[lbproc=0] + m01s02i313[lbproc=0] - m01s02i317[lbproc=0],HadGEM3_CF3hr_mappings.cfg
m01s02i204,2,204,0,,,,clt,CF3hr,True,1,1,embargoed,m01s02i204[lbproc=0],HadGEM3_CF3hr_mappings.cfg
m01s02i318,2,318,0,,,,clwc,CF3hr,True,1,1,ok,m01s02i318[lbproc=0],HadGEM3_CF3hr_mappings.cfg
m01s02i308,2,308,0,,,,clws,CF3hr,False,2,1,ok,m01s02i308[lbproc=0] - m01s02i318[lbproc=0],HadGEM3_CF3hr_mappings.cfg
m01s02i318,2,318,0,,,,clws,CF3hr,False,2,1,ok,m01s02i308[lbproc=0] - m01s02i318[lbproc=0],HadGEM3_CF3hr_mappings.cfg
m01s02i391,2,391,0,,,,clwvi,CF3hr,False,2,kg m-2,embargoed,m01s02i391[lbproc=0]+m01s02i392[lbproc=0],HadGEM3_CF3hr_mappings.cfg
m01s02i392,2,392,0,,,,clwvi,CF3hr,False,2,kg m-2,embargoed,m01s02i391[lbproc=0]+m01s02i392[lbproc=0],HadGEM3_CF3hr_mappings.cfg
m01s03i223,3,223,0,,,,evspsbl,CF3hr,True,1,kg m-2 s-1,embargoed,m01s03i223[lbproc=0],HadGEM3_CF3hr_mappings.cfg
m01s03i234,3,234,0,,,,hfls,CF3hr,True,1,W m-2,embargoed,m01s03i234[lbproc=0],HadGEM3_CF3hr_mappings.cfg
m01s03i217,3,217,0,,,,hfss,CF3hr,True,1,W m-2,embargoed,m01s03i217[lbproc=0],HadGEM3_CF3hr_mappings.cfg
m01s03i245,3,245,0,,,,hurs,CF3hr,True,1,%,embargoed,m01s03i245[lbproc=0],HadGEM3_CF3hr_mappings.cfg
m01s00i408,0,408,0,,,,pfull,CF3hr,True,1,Pa,embargoed,m01s00i408[lbproc=0],HadGEM3_CF3hr_mappings.cfg
m01s00i407,0,407,0,,,,phalf,CF3hr,True,1,Pa,embargoed,m01s00i407[lbproc=0],HadGEM3_CF3hr_mappings.cfg
m01s05i216,5,216,0,,,,pr,CF3hr,True,1,kg m-2 s-1,embargoed,m01s05i216[lbproc=0],HadGEM3_CF3hr_mappings.cfg
m01s05i205,5,205,0,,,,prc,CF3hr,False,2,kg m-2 s-1,embargoed,m01s05i205[lbproc=0]+m01s05i206[lbproc=0],HadGEM3_CF3hr_mappings.cfg
m01s05i206,5,206,0,,,,prc,CF3hr,False,2,kg m-2 s-1,embargoed,m01s05i205[lbproc=0]+m01s05i206[lbproc=0],HadGEM3_CF3hr_mappings.cfg
m01s05i215,5,215,0,,,,prsn,CF3hr,True,1,kg m-2 s-1,embargoed,m01s05i215[lbproc=0],HadGEM3_CF3hr_mappings.cfg
m01s05i228,5,228,0,,,,prsnc,CF3hr,True,1,kg m-2 s-1,ok,m01s05i228[lbproc=0],HadGEM3_CF3hr_mappings.cfg
m01s30i461,30,461,0,,,,prw,CF3hr,True,1,kg m-2,embargoed,m01s30i461[lbproc=0],HadGEM3_CF3hr_mappings.cfg
m01s00i409,0,409,0,,,,ps,CF3hr,True,1,Pa,ok,m01s00i409[lbproc=0],HadGEM3_CF3hr_mappings.cfg
m01s16i222,16,222,0,,,,psl,CF3hr,True,1,Pa,embargoed,m01s16i222[lbproc=0],HadGEM3_CF3hr_mappings.cfg
m01s02i398,2,398,0,,,,reffclic,CF3hr,False,2,m,ok,0.5 * m01s02i398[lbproc=0] / m01s02i313[lbproc=0],HadGEM3_CF3hr_mappings.cfg
m01s02i313,2,313,0,,,,reffclic,CF3hr,False,2,m,ok,0.5 * m01s02i398[lbproc=0] / m01s02i313[lbproc=0],HadGEM3_CF3hr_mappings.cfg
m01s02i398,2,398,0,,,,reffclis,CF3hr,False,2,m,ok,0.5 * m01s02i398[lbproc=0] / m01s02i313[lbproc=0],HadGEM3_CF3hr_mappings.cfg
m01s02i313,2,313,0,,,,reffclis,CF3hr,False,2,m,ok,0.5 * m01s02i398[lbproc=0] / m01s02i313[lbproc=0],HadGEM3_CF3hr_mappings.cfg
m01s02i397,2,397,0,,,,reffclwc,CF3hr,False,2,m,ok,m01s02i397[lbproc=0] / m01s02i312[lbproc=0],HadGEM3_CF3hr_mappings.cfg
m01s02i312,2,312,0,,,,reffclwc,CF3hr,False,2,m,ok,m01s02i397[lbproc=0] / m01s02i312[lbproc=0],HadGEM3_CF3hr_mappings.cfg
m01s02i397,2,397,0,,,,reffclws,CF3hr,False,2,m,ok,m01s02i397[lbproc=0] / m01s02i312[lbproc=0],HadGEM3_CF3hr_mappings.cfg
m01s02i312,2,312,0,,,,reffclws,CF3hr,False,2,m,ok,m01s02i397[lbproc=0] / m01s02i312[lbproc=0],HadGEM3_CF3hr_mappings.cfg
m01s02i207,2,207,0,,,,rlds,CF3hr,True,1,W m-2,embargoed,m01s02i207[lbproc=0],HadGEM3_CF3hr_mappings.cfg
m01s02i208,2,208,0,,,,rldscs,CF3hr,True,1,W m-2,embargoed,m01s02i208[lbproc=0],HadGEM3_CF3hr_mappings.cfg
m01s02i207,2,207,0,,,,rlus,CF3hr,False,4,W m-2,embargoed,m01s02i207[lbproc=0]-m01s02i201[lbproc=0]+m01s03i332[lbproc=0]-m01s02i205[lbproc=0],HadGEM3_CF3hr_mappings.cfg
m01s02i201,2,201,0,,,,rlus,CF3hr,False,4,W m-2,embargoed,m01s02i207[lbproc=0]-m01s02i201[lbproc=0]+m01s03i332[lbproc=0]-m01s02i205[lbproc=0],HadGEM3_CF3hr_mappings.cfg
m01s03i332,3,332,0,,,,rlus,CF3hr,False,4,W m-2,embargoed,m01s02i207[lbproc=0]-m01s02i201[lbproc=0]+m01s03i332[lbproc=0]-m01s02i205[lbproc=0],HadGEM3_CF3hr_mappings.cfg
m01s02i205,2,205,0,,,,rlus,CF3hr,False,4,W m-2,embargoed,m01s02i207[lbproc=0]-m01s02i201[lbproc=0]+m01s03i332[lbproc=0]-m01s02i205[lbproc=0],HadGEM3_CF3hr_mappings.cfg
m01s03i332,3,332,0,,,,rlut,CF3hr,True,1,W m-2,embargoed,m01s03i332[lbproc=0],HadGEM3_CF3hr_mappings.cfg
m01s02i206,2,206,0,,,,rlutcs,CF3hr,False,3,W m-2,embargoed,m01s02i206[lbproc=0]+m01s03i332[lbproc=0]-m01s02i205[lbproc=0],HadGEM3_CF3hr_mappings.cfg
m01s03i332,3,332,0,,,,rlutcs,CF3hr,False,3,W m-2,embargoed,m01s02i206[lbproc=0]+m01s03i332[lbproc=0]-m01s02i205[lbproc=0],HadGEM3_CF3hr_mappings.cfg
m01s02i205,2,205,0,,,,rlutcs,CF3hr,False,3,W m-2,embargoed,m01s02i206[lbproc=0]+m01s03i332[lbproc=0]-m01s02i205[lbproc=0],HadGEM3_CF3hr_mappings.cfg
m01s01i235,1,235,0,,,,rsds,CF3hr,True,1,W m-2,embargoed,m01s01i235[lbproc=0],HadGEM3_CF3hr_mappings.cfg
m01s01i210,1,210,0,,,,rsdscs,CF3hr,True,1,W m-2,embargoed,m01s01i210[lbproc=0],HadGEM3_CF3hr_mappings.cfg
m01s01i207,1,207,0,,,,rsdt,CF3hr,True,1,W m-2,embargoed,m01s01i207[lbproc=0],HadGEM3_CF3hr_mappings.cfg
m01s01i235,1,235,0,,,,rsus,CF3hr,False,2,W m-2,embargoed,m01s01i235[lbproc=0]-m01s01i201[lbproc=0],HadGEM3_CF3hr_mappings.cfg
m01s01i201,1,201,0,,,,rsus,CF3hr,False,2,W m-2,embargoed,m01s01i235[lbproc=0]-m01s01i201[lbproc=0],HadGEM3_CF3hr_mappings.cfg
m01s01i211,1,211,0,,,,rsuscs,CF3hr,True,1,W m-2,embargoed,m01s01i211[lbproc=0],HadGEM3_CF3hr_mappings.cfg
m01s01i208,1,208,0,,,,rsut,CF3hr,True,1,W m-2,embargoed,m01s01i208[lbproc=0],HadGEM3_CF3hr_mappings.cfg
m01s01i209,1,209,0,,,,rsutcs,CF3hr,True,1,W m-2,embargoed,m01s01i209[lbproc=0],HadGEM3_CF3hr_mappings.cfg
m01s01i207,1,207,0,,,,rtmt,CF3hr,False,3,W m-2,embargoed,m01s01i207[lbproc=0]-m01s01i208[lbproc=0]-m01s03i332[lbproc=0],HadGEM3_CF3hr_mappings.cfg
m01s01i208,1,208,0,,,,rtmt,CF3hr,False,3,W m-2,embargoed,m01s01i207[lbproc=0]-m01s01i208[lbproc=0]-m01s03i332[lbproc=0],HadGEM3_CF3hr_mappings.cfg
m01s03i332,3,332,0,,,,rtmt,CF3hr,False,3,W m-2,embargoed,m01s01i207[lbproc=0]-m01s01i208[lbproc=0]-m01s03i332[lbproc=0],HadGEM3_CF3hr_mappings.cfg
m01s03i298,3,298,0,,,,sbl,CF3hr,True,1,kg m-2 s-1,embargoed,m01s03i298[lbproc=0],HadGEM3_CF3hr_mappings.cfg
m01s05i270,5,270,0,,,,sci,CF3hr,True,1,1.0,embargoed,m01s05i270[lbproc=0],HadGEM3_CF3hr_mappings.cfg
m01s03i230,3,230,0,,,,sfcWind,CF3hr,True,1,m s-1,embargoed,m01s03i230[lbproc=0],HadGEM3_CF3hr_mappings.cfg
m01s30i111,30,111,0,,,,ta,CF3hr,True,1,K,embargoed,m01s30i111[lbproc=0],HadGEM3_CF3hr_mappings.cfg
m01s03i460,3,460,0,,,,tauu,CF3hr,True,1,Pa,embargoed,m01s03i460[lbproc=0],HadGEM3_CF3hr_mappings.cfg
m01s03i461,3,461,0,,,,tauv,CF3hr,True,1,Pa,embargoed,m01s03i461[lbproc=0],HadGEM3_CF3hr_mappings.cfg
m01s00i024,0,24,0,,,,ts,CF3hr,True,1,K,ok,m01s00i024[lbproc=0],HadGEM3_CF3hr_mappings.cfg
m01s00i010,0,10,128,,,,hus,CFday,True,1,1,ok,m01s00i010[lbproc=128],HadGEM3_CFday_mappings.cfg
m01s30i111,30,111,128,,,,ta,CFday,True,1,K,ok,m01s30i111[lbproc=128],HadGEM3_CFday_mappings.cfg
m01s00i002,0,2,128,,,,ua,CFday,True,1,m s-1,ok,m01s00i002[lbproc=128],HadGEM3_CFday_mappings.cfg
m01s00i003,0,3,128,,,,va,CFday,True,1,m s-1,ok,m01s00i003[lbproc=128],HadGEM3_CFday_mappings.cfg
m01s30i008,30,8,128,,,,wap,CFday,True,1,Pa s-1,ok,m01s30i008[lbproc=128],HadGEM3_CFday_mappings.cfg
m01s16i201,16,201,128,,,,zg,CFday,True,1,m,ok,m01s16i201[lbproc=128],HadGEM3_CFday_mappings.cfg
m01s00i010,0,10,128,,,,hus,CFmon,True,1,1,ok,m01s00i010[lbproc=128],HadGEM3_CFmon_mappings.cfg
m01s30i111,30,111,128,,,,ta,CFmon,True,1,K,ok,m01s30i111[lbproc=128],HadGEM3_CFmon_mappings.cfg
m01s05i269,5,269,0,,,,ci,CFsubhr,True,1,1,ok,m01s05i269[lbproc=0],HadGEM3_CFsubhr_mappings.cfg
m01s02i261,2,261,0,,,,cl,CFsubhr,True,1,1,ok,m01s02i261[lbproc=0],HadGEM3_CFsubhr_mappings.cfg
m01s02i309,2,309,0,,,,cli,CFsubhr,True,1,kg kg-1,ok,m01s02i309[lbproc=0],HadGEM3_CFsubhr_mappings.cfg
m01s02i392,2,392,0,,,,clivi,CFsubhr,True,1,kg m-2,ok,m01s02i392[lbproc=0],HadGEM3_CFsubhr_mappings.cfg
m01s02i204,2,204,0,,,,clt,CFsubhr,True,1,1,ok,m01s02i204[lbproc=0],HadGEM3_CFsubhr_mappings.cfg
m01s02i308,2,308,0,,,,clw,CFsubhr,True,1,kg kg-1,ok,m01s02i308[lbproc=0],HadGEM3_CFsubhr_mappings.cfg
m01s02i391,2,391,0,,,,clwvi,CFsubhr,False,2,kg m-2,ok,m01s02i391[lbproc=0] + m01s02i392[lbproc=0],HadGEM3_CFsubhr_mappings.cfg
m01s02i392,2,392,0,,,,clwvi,CFsubhr,False,2,kg m-2,ok,m01s02i391[lbproc=0] + m01s02i392[lbproc=0],HadGEM3_CFsubhr_mappings.cfg
m01s03i223,3,223,0,,,,evspsbl,CFsubhr,True,1,kg m-2 s-1,ok,m01s03i223[lbproc=0],HadGEM3_CFsubhr_mappings.cfg
m01s03i234,3,234,0,,,,hfls,CFsubhr,True,1,W m-2,ok,m01s03i234[lbproc=0],HadGEM3_CFsubhr_mappings.cfg
m01s03i217,3,217,0,,,,hfss,CFsubhr,True,1,W m-2,ok,m01s03i217[lbproc=0],HadGEM3_CFsubhr_mappings.cfg
m01s30i113,30,113,0,,,,hur,CFsubhr,True,1,%,ok,m01s30i113[lbproc=0],HadGEM3_CFsubhr_mappings.cfg
m01s03i245,3,245,0,,,,hurs,CFsubhr,True,1,%,ok,m01s03i245[lbproc=0],HadGEM3_CFsubhr_mappings.cfg
m01s00i010,0,10,0,,,,hus,CFsubhr,True,1,1,ok,m01s00i010[lbproc=0],HadGEM3_CFsubhr_mappings.cfg
m01s03i237,3,237,0,,,,huss,CFsubhr,True,1,1,ok,m01s03i237[lbproc=0],HadGEM3_CFsubhr_mappings.cfg
m01s05i250,5,250,0,,,,mc,CFsubhr,False,2,kg m-2 s-1,ok,(m01s05i250[lbproc=0] - m01s05i251[lbproc=0]) / ACCELERATION_DUE_TO_EARTH_GRAVITY,HadGEM3_CFsubhr_mappings.cfg
m01s05i251,5,251,0,,,,mc,CFsubhr,False,2,kg m-2 s-1,ok,(m01s05i250[lbproc=0] - m01s05i251[lbproc=0]) / ACCELERATION_DUE_TO_EARTH_GRAVITY,HadGEM3_CFsubhr_mappings.cfg
m01s00i408,0,408,0,,,,pfull,CFsubhr,True,1,Pa,ok,m01s00i408[lbproc=0],HadGEM3_CFsubhr_mappings.cfg
m01s00i407,0,407,0,,,,phalf,CFsubhr,True,1,Pa,ok,m01s00i407[lbproc=0],HadGEM3_CFsubhr_mappings.cfg
m01s05i216,5,216,0,,,,pr,CFsubhr,True,1,kg m-2 s-1,ok,m01s05i216[lbproc=0],HadGEM3_CFsubhr_mappings.cfg
m01s05i205,5,205,0,,,,prc,CFsubhr,False,2,kg m-2 s-1,ok,m01s05i205[lbproc=0] + m01s05i206[lbproc=0],HadGEM3_CFsubhr_mappings.cfg
m01s05i206,5,206,0,,,,prc,CFsubhr,False,2,kg m-2 s-1,ok,m01s05i205[lbproc=0] + m01s05i206[lbproc=0],HadGEM3_CFsubhr_mappings.cfg
m01s05i215,5,215,0,,,,prsn,CFsubhr,True,1,kg m-2 s-1,ok,m01s05i215[lbproc=0],HadGEM3_CFsubhr_mappings.cfg
m01s30i461,30,461,0,,,,prw,CFsubhr,True,1,kg m-2,ok,m01s30i461[lbproc=0],HadGEM3_CFsubhr_mappings.cfg
m01s00i409,0,409,0,,,,ps,CFsubhr,True,1,Pa,ok,m01s00i409[lbproc=0],HadGEM3_CFsubhr_mappings.cfg
m01s16i222,16,222,0,,,,psl,CFsubhr,True,1,Pa,ok,m01s16i222[lbproc=0],HadGEM3_CFsubhr_mappings.cfg
m01s02i218,2,218,0,,,,rld,CFsubhr,True,1,W m-2,ok,correct_multilevel_metadata(m01s02i218[lbproc=0]),HadGEM3_CFsubhr_mappings.cfg
m01s02i220,2,220,0,,,,rldcs,CFsubhr,True,1,W m-2,ok,correct_multilevel_metadata(m01s02i220[lbproc=0]),HadGEM3_CFsubhr_mappings.cfg
m01s02i207,2,207,0,,,,rlds,CFsubhr,True,1,W m-2,ok,m01s02i207[lbproc=0],HadGEM3_CFsubhr_mappings.cfg
m01s02i208,2,208,0,,,,rldscs,CFsubhr,True,1,W m-2,ok,m01s02i208[lbproc=0],HadGEM3_CFsubhr_mappings.cfg
m01s02i207,2,207,0,,,,rlus,CFsubhr,False,2,W m-2,ok,m01s02i207[lbproc=0] - m01s02i201[lbproc=0],HadGEM3_CFsubhr_mappings.cfg
m01s02i201,2,201,0,,,,rlus,CFsubhr,False,2,W m-2,ok,m01s02i207[lbproc=0] - m01s02i201[lbproc=0],HadGEM3_CFsubhr_mappings.cfg
m01s02i217,2,217,0,,,,rlu,CFsubhr,True,1,W m-2,ok,correct_multilevel_metadata(m01s02i217[lbproc=0]),HadGEM3_CFsubhr_mappings.cfg
m01s02i219,2,219,0,,,,rlucs,CFsubhr,True,1,W m-2,ok,correct_multilevel_metadata(m01s02i219[lbproc=0]),HadGEM3_CFsubhr_mappings.cfg
m01s02i205,2,205,0,,,,rlut,CFsubhr,True,1,W m-2,ok,m01s02i205[lbproc=0],HadGEM3_CFsubhr_mappings.cfg
m01s02i206,2,206,0,,,,rlutcs,CFsubhr,True,1,W m-2,ok,m01s02i206[lbproc=0],HadGEM3_CFsubhr_mappings.cfg
m01s01i218,1,218,0,,,,rsd,CFsubhr,True,1,W m-2,ok,correct_multilevel_metadata(m01s01i218[lbproc=0]),HadGEM3_CFsubhr_mappings.cfg
m01s01i220,1,220,0,,,,rsdcs,CFsubhr,True,1,W m-2,ok,correct_multilevel_metadata(m01s01i220[lbproc=0]),HadGEM3_CFsubhr_mappings.cfg
m01s01i235,1,235,0,,,,rsds,CFsubhr,True,1,W m-2,ok,m01s01i235[lbproc=0],HadGEM3_CFsubhr_mappings.cfg
m01s01i210,1,210,0,,,,rsdscs,CFsubhr,True,1,W m-2,ok,m01s01i210[lbproc=0],HadGEM3_CFsubhr_mappings.cfg
m01s01i207,1,207,0,,,,rsdt,CFsubhr,True,1,W m-2,ok,m01s01i207[lbproc=0],HadGEM3_CFsubhr_mappings.cfg
m01s01i217,1,217,0,,,,rsu,CFsubhr,True,1,W m-2,ok,correct_multilevel_metadata(m01s01i217[lbproc=0]),HadGEM3_CFsubhr_mappings.cfg
m01s01i219,1,219,0,,,,rsucs,CFsubhr,True,1,W m-2,ok,correct_multilevel_metadata(m01s01i219[lbproc=0]),HadGEM3_CFsubhr_mappings.cfg
m01s01i235,1,235,0,,,,rsus,CFsubhr,False,2,W m-2,ok,m01s01i235[lbproc=0] - m01s01i201[lbproc=0],HadGEM3_CFsubhr_mappings.cfg
m01s01i201,1,201,0,,,,rsus,CFsubhr,False,2,W m-2,ok,m01s01i235[lbproc=0] - m01s01i201[lbproc=0],HadGEM3_CFsubhr_mappings.cfg
m01s01i211,1,211,0,,,,rsuscs,CFsubhr,True,1,W m-2,ok,m01s01i211[lbproc=0],HadGEM3_CFsubhr_mappings.cfg
m01s01i208,1,208,0,,,,rsut,CFsubhr,True,1,W m-2,ok,m01s01i208[lbproc=0],HadGEM3_CFsubhr_mappings.cfg
m01s01i209,1,209,0,,,,rsutcs,CFsubhr,True,1,W m-2,ok,m01s01i209[lbproc=0],HadGEM3_CFsubhr_mappings.cfg
m01s01i207,1,207,0,,,,rtmt,CFsubhr,False,3,W m-2,embargoed,m01s01i207[lbproc=0] - m01s01i208[lbproc=0] - m01s02i205[lbproc=0],HadGEM3_CFsubhr_mappings.cfg
m01s01i208,1,208,0,,,,rtmt,CFsubhr,False,3,W m-2,embargoed,m01s01i207[lbproc=0] - m01s01i208[lbproc=0] - m01s02i205[lbproc=0],HadGEM3_CFsubhr_mappings.cfg
m01s02i205,2,205,0,,,,rtmt,CFsubhr,False,3,W m-2,embargoed,m01s01i207[lbproc=0] - m01s01i208[lbproc=0] - m01s02i205[lbproc=0],HadGEM3_CFsubhr_mappings.cfg
m01s03i298,3,298,0,,,,sbl,CFsubhr,True,1,kg m-2 s-1,ok,m01s03i298[lbproc=0],HadGEM3_CFsubhr_mappings.cfg
m01s05i270,5,270,0,,,,sci,CFsubhr,True,1,1,ok,m01s05i270[lbproc=0],HadGEM3_CFsubhr_mappings.cfg
m01s03i230,3,230,0,,,,sfcWind,CFsubhr,True,1,m s-1,ok,m01s03i230[lbproc=0],HadGEM3_CFsubhr_mappings.cfg
m01s30i111,30,111,0,,,,ta,CFsubhr,True,1,K,ok,m01s30i111[lbproc=0],HadGEM3_CFsubhr_mappings.cfg
m01s03i236,3,236,0,,,,tas,CFsubhr,True,1,K,ok,m01s03i236[lbproc=0],HadGEM3_CFsubhr_mappings.cfg
m01s03i460,3,460,0,,,,tauu,CFsubhr,True,1,Pa,ok,m01s03i460[lbproc=0],HadGEM3_CFsubhr_mappings.cfg
m01s03i461,3,461,0,,,,tauv,CFsubhr,True,1,Pa,ok,m01s03i461[lbproc=0],HadGEM3_CFsubhr_mappings.cfg
m01s30i182,30,182,0,,,,tnhus,CFsubhr,True,1,s-1,ok,m01s30i182[lbproc=0] / ATMOS_TIMESTEP,HadGEM3_CFsubhr_mappings.cfg
m01s12i182,12,182,0,,,,tnhusa,CFsubhr,False,2,s-1,ok,"(m01s12i182[lbproc=0] + m01s12i382[lbproc=0])
/ ATMOS_TIMESTEP",HadGEM3_CFsubhr_mappings.cfg
m01s12i382,12,382,0,,,,tnhusa,CFsubhr,False,2,s-1,ok,"(m01s12i182[lbproc=0] + m01s12i382[lbproc=0])
/ ATMOS_TIMESTEP",HadGEM3_CFsubhr_mappings.cfg
m01s05i162,5,162,0,,,,tnhusc,CFsubhr,True,1,s-1,ok,m01s05i162[lbproc=0] / ATMOS_TIMESTEP,HadGEM3_CFsubhr_mappings.cfg
m01s01i182,1,182,0,,,,tnhusmp,CFsubhr,False,10,s-1,ok,"(m01s01i182[lbproc=0] + m01s02i182[lbproc=0]
+ m01s03i182[lbproc=0] + m01s04i142[lbproc=0] + m01s04i182[lbproc=0]
+ m01s04i982[lbproc=0] + m01s05i182[lbproc=0] + m01s16i162[lbproc=0]
+ m01s16i182[lbproc=0] + m01s35i025[lbproc=0] ) / ATMOS_TIMESTEP",HadGEM3_CFsubhr_mappings.cfg
m01s02i182,2,182,0,,,,tnhusmp,CFsubhr,False,10,s-1,ok,"(m01s01i182[lbproc=0] + m01s02i182[lbproc=0]
+ m01s03i182[lbproc=0] + m01s04i142[lbproc=0] + m01s04i182[lbproc=0]
+ m01s04i982[lbproc=0] + m01s05i182[lbproc=0] + m01s16i162[lbproc=0]
+ m01s16i182[lbproc=0] + m01s35i025[lbproc=0] ) / ATMOS_TIMESTEP",HadGEM3_CFsubhr_mappings.cfg
m01s03i182,3,182,0,,,,tnhusmp,CFsubhr,False,10,s-1,ok,"(m01s01i182[lbproc=0] + m01s02i182[lbproc=0]
+ m01s03i182[lbproc=0] + m01s04i142[lbproc=0] + m01s04i182[lbproc=0]
+ m01s04i982[lbproc=0] + m01s05i182[lbproc=0] + m01s16i162[lbproc=0]
+ m01s16i182[lbproc=0] + m01s35i025[lbproc=0] ) / ATMOS_TIMESTEP",HadGEM3_CFsubhr_mappings.cfg
m01s04i142,4,142,0,,,,tnhusmp,CFsubhr,False,10,s-1,ok,"(m01s01i182[lbproc=0] + m01s02i182[lbproc=0]
+ m01s03i182[lbproc=0] + m01s04i142[lbproc=0] + m01s04i182[lbproc=0]
+ m01s04i982[lbproc=0] + m01s05i182[lbproc=0] + m01s16i162[lbproc=0]
+ m01s16i182[lbproc=0] + m01s35i025[lbproc=0] ) / ATMOS_TIMESTEP",HadGEM3_CFsubhr_mappings.cfg
m01s04i182,4,182,0,,,,tnhusmp,CFsubhr,False,10,s-1,ok,"(m01s01i182[lbproc=0] + m01s02i182[lbproc=0]
+ m01s03i182[lbproc=0] + m01s04i142[lbproc=0] + m01s04i182[lbproc=0]
+ m01s04i982[lbproc=0] + m01s05i182[lbproc=0] + m01s16i162[lbproc=0]
+ m01s16i182[lbproc=0] + m01s35i025[lbproc=0] ) / ATMOS_TIMESTEP",HadGEM3_CFsubhr_mappings.cfg
m01s04i982,4,982,0,,,,tnhusmp,CFsubhr,False,10,s-1,ok,"(m01s01i182[lbproc=0] + m01s02i182[lbproc=0]
+ m01s03i182[lbproc=0] + m01s04i142[lbproc=0] + m01s04i182[lbproc=0]
+ m01s04i982[lbproc=0] + m01s05i182[lbproc=0] + m01s16i162[lbproc=0]
+ m01s16i182[lbproc=0] + m01s35i025[lbproc=0] ) / ATMOS_TIMESTEP",HadGEM3_CFsubhr_mappings.cfg
m01s05i182,5,182,0,,,,tnhusmp,CFsubhr,False,10,s-1,ok,"(m01s01i182[lbproc=0] + m01s02i182[lbproc=0]
+ m01s03i182[lbproc=0] + m01s04i142[lbproc=0] + m01s04i182[lbproc=0]
+ m01s04i982[lbproc=0] + m01s05i182[lbproc=0] + m01s16i162[lbproc=0]
+ m01s16i182[lbproc=0] + m01s35i025[lbproc=0] ) / ATMOS_TIMESTEP",HadGEM3_CFsubhr_mappings.cfg
m01s16i162,16,162,0,,,,tnhusmp,CFsubhr,False,10,s-1,ok,"(m01s01i182[lbproc=0] + m01s02i182[lbproc=0]
+ m01s03i182[lbproc=0] + m01s04i142[lbproc=0] + m01s04i182[lbproc=0]
+ m01s04i982[lbproc=0] + m01s05i182[lbproc=0] + m01s16i162[lbproc=0]
+ m01s16i182[lbproc=0] + m01s35i025[lbproc=0] ) / ATMOS_TIMESTEP",HadGEM3_CFsubhr_mappings.cfg
m01s16i182,16,182,0,,,,tnhusmp,CFsubhr,False,10,s-1,ok,"(m01s01i182[lbproc=0] + m01s02i182[lbproc=0]
+ m01s03i182[lbproc=0] + m01s04i142[lbproc=0] + m01s04i182[lbproc=0]
+ m01s04i982[lbproc=0] + m01s05i182[lbproc=0] + m01s16i162[lbproc=0]
+ m01s16i182[lbproc=0] + m01s35i025[lbproc=0] ) / ATMOS_TIMESTEP",HadGEM3_CFsubhr_mappings.cfg
m01s35i025,35,25,0,,,,tnhusmp,CFsubhr,False,10,s-1,ok,"(m01s01i182[lbproc=0] + m01s02i182[lbproc=0]
+ m01s03i182[lbproc=0] + m01s04i142[lbproc=0] + m01s04i182[lbproc=0]
+ m01s04i982[lbproc=0] + m01s05i182[lbproc=0] + m01s16i162[lbproc=0]
+ m01s16i182[lbproc=0] + m01s35i025[lbproc=0] ) / ATMOS_TIMESTEP",HadGEM3_CFsubhr_mappings.cfg
m01s01i182,1,182,0,,,,tnhusscpbl,CFsubhr,False,9,s-1,ok,"(m01s01i182[lbproc=0] + m01s02i182[lbproc=0]
+ m01s03i182[lbproc=0] + m01s04i142[lbproc=0] + m01s04i182[lbproc=0]
+ m01s05i182[lbproc=0] - m01s05i162[lbproc=0] + m01s16i162[lbproc=0]
+ m01s16i182[lbproc=0]) / ATMOS_TIMESTEP",HadGEM3_CFsubhr_mappings.cfg
m01s02i182,2,182,0,,,,tnhusscpbl,CFsubhr,False,9,s-1,ok,"(m01s01i182[lbproc=0] + m01s02i182[lbproc=0]
+ m01s03i182[lbproc=0] + m01s04i142[lbproc=0] + m01s04i182[lbproc=0]
+ m01s05i182[lbproc=0] - m01s05i162[lbproc=0] + m01s16i162[lbproc=0]
+ m01s16i182[lbproc=0]) / ATMOS_TIMESTEP",HadGEM3_CFsubhr_mappings.cfg
m01s03i182,3,182,0,,,,tnhusscpbl,CFsubhr,False,9,s-1,ok,"(m01s01i182[lbproc=0] + m01s02i182[lbproc=0]
+ m01s03i182[lbproc=0] + m01s04i142[lbproc=0] + m01s04i182[lbproc=0]
+ m01s05i182[lbproc=0] - m01s05i162[lbproc=0] + m01s16i162[lbproc=0]
+ m01s16i182[lbproc=0]) / ATMOS_TIMESTEP",HadGEM3_CFsubhr_mappings.cfg
m01s04i142,4,142,0,,,,tnhusscpbl,CFsubhr,False,9,s-1,ok,"(m01s01i182[lbproc=0] + m01s02i182[lbproc=0]
+ m01s03i182[lbproc=0] + m01s04i142[lbproc=0] + m01s04i182[lbproc=0]
+ m01s05i182[lbproc=0] - m01s05i162[lbproc=0] + m01s16i162[lbproc=0]
+ m01s16i182[lbproc=0]) / ATMOS_TIMESTEP",HadGEM3_CFsubhr_mappings.cfg
m01s04i182,4,182,0,,,,tnhusscpbl,CFsubhr,False,9,s-1,ok,"(m01s01i182[lbproc=0] + m01s02i182[lbproc=0]
+ m01s03i182[lbproc=0] + m01s04i142[lbproc=0] + m01s04i182[lbproc=0]
+ m01s05i182[lbproc=0] - m01s05i162[lbproc=0] + m01s16i162[lbproc=0]
+ m01s16i182[lbproc=0]) / ATMOS_TIMESTEP",HadGEM3_CFsubhr_mappings.cfg
m01s05i182,5,182,0,,,,tnhusscpbl,CFsubhr,False,9,s-1,ok,"(m01s01i182[lbproc=0] + m01s02i182[lbproc=0]
+ m01s03i182[lbproc=0] + m01s04i142[lbproc=0] + m01s04i182[lbproc=0]
+ m01s05i182[lbproc=0] - m01s05i162[lbproc=0] + m01s16i162[lbproc=0]
+ m01s16i182[lbproc=0]) / ATMOS_TIMESTEP",HadGEM3_CFsubhr_mappings.cfg
m01s05i162,5,162,0,,,,tnhusscpbl,CFsubhr,False,9,s-1,ok,"(m01s01i182[lbproc=0] + m01s02i182[lbproc=0]
+ m01s03i182[lbproc=0] + m01s04i142[lbproc=0] + m01s04i182[lbproc=0]
+ m01s05i182[lbproc=0] - m01s05i162[lbproc=0] + m01s16i162[lbproc=0]
+ m01s16i182[lbproc=0]) / ATMOS_TIMESTEP",HadGEM3_CFsubhr_mappings.cfg
m01s16i162,16,162,0,,,,tnhusscpbl,CFsubhr,False,9,s-1,ok,"(m01s01i182[lbproc=0] + m01s02i182[lbproc=0]
+ m01s03i182[lbproc=0] + m01s04i142[lbproc=0] + m01s04i182[lbproc=0]
+ m01s05i182[lbproc=0] - m01s05i162[lbproc=0] + m01s16i162[lbproc=0]
+ m01s16i182[lbproc=0]) / ATMOS_TIMESTEP",HadGEM3_CFsubhr_mappings.cfg
m01s16i182,16,182,0,,,,tnhusscpbl,CFsubhr,False,9,s-1,ok,"(m01s01i182[lbproc=0] + m01s02i182[lbproc=0]
+ m01s03i182[lbproc=0] + m01s04i142[lbproc=0] + m01s04i182[lbproc=0]
+ m01s05i182[lbproc=0] - m01s05i162[lbproc=0] + m01s16i162[lbproc=0]
+ m01s16i182[lbproc=0]) / ATMOS_TIMESTEP",HadGEM3_CFsubhr_mappings.cfg
m01s30i181,30,181,0,,,,tnt,CFsubhr,True,1,K s-1,ok,m01s30i181[lbproc=0] / ATMOS_TIMESTEP,HadGEM3_CFsubhr_mappings.cfg
m01s10i181,10,181,0,,,,tnta,CFsubhr,False,3,K s-1,embargoed,"(m01s10i181[lbproc=0]
+ m01s12i181[lbproc=0]
+ m01s12i381[lbproc=0]) / ATMOS_TIMESTEP",HadGEM3_CFsubhr_mappings.cfg
m01s12i181,12,181,0,,,,tnta,CFsubhr,False,3,K s-1,embargoed,"(m01s10i181[lbproc=0]
+ m01s12i181[lbproc=0]
+ m01s12i381[lbproc=0]) / ATMOS_TIMESTEP",HadGEM3_CFsubhr_mappings.cfg
m01s12i381,12,381,0,,,,tnta,CFsubhr,False,3,K s-1,embargoed,"(m01s10i181[lbproc=0]
+ m01s12i181[lbproc=0]
+ m01s12i381[lbproc=0]) / ATMOS_TIMESTEP",HadGEM3_CFsubhr_mappings.cfg
m01s05i161,5,161,0,,,,tntc,CFsubhr,True,1,K s-1,ok,m01s05i161[lbproc=0] / ATMOS_TIMESTEP,HadGEM3_CFsubhr_mappings.cfg
m01s14i181,14,181,0,,,,tntmp,CFsubhr,False,11,K s-1,embargoed,"(m01s14i181[lbproc=0]+ m01s01i181[lbproc=0]
+ m01s02i181[lbproc=0] + m01s03i181[lbproc=0] + m01s04i141[lbproc=0]
+ m01s04i181[lbproc=0] + m01s05i181[lbproc=0] + m01s06i181[lbproc=0]
+ m01s16i161[lbproc=0] + m01s16i181[lbproc=0] + m01s35i029[lbproc=0])
/ ATMOS_TIMESTEP",HadGEM3_CFsubhr_mappings.cfg
m01s01i181,1,181,0,,,,tntmp,CFsubhr,False,11,K s-1,embargoed,"(m01s14i181[lbproc=0]+ m01s01i181[lbproc=0]
+ m01s02i181[lbproc=0] + m01s03i181[lbproc=0] + m01s04i141[lbproc=0]
+ m01s04i181[lbproc=0] + m01s05i181[lbproc=0] + m01s06i181[lbproc=0]
+ m01s16i161[lbproc=0] + m01s16i181[lbproc=0] + m01s35i029[lbproc=0])
/ ATMOS_TIMESTEP",HadGEM3_CFsubhr_mappings.cfg
m01s02i181,2,181,0,,,,tntmp,CFsubhr,False,11,K s-1,embargoed,"(m01s14i181[lbproc=0]+ m01s01i181[lbproc=0]
+ m01s02i181[lbproc=0] + m01s03i181[lbproc=0] + m01s04i141[lbproc=0]
+ m01s04i181[lbproc=0] + m01s05i181[lbproc=0] + m01s06i181[lbproc=0]
+ m01s16i161[lbproc=0] + m01s16i181[lbproc=0] + m01s35i029[lbproc=0])
/ ATMOS_TIMESTEP",HadGEM3_CFsubhr_mappings.cfg
m01s03i181,3,181,0,,,,tntmp,CFsubhr,False,11,K s-1,embargoed,"(m01s14i181[lbproc=0]+ m01s01i181[lbproc=0]
+ m01s02i181[lbproc=0] + m01s03i181[lbproc=0] + m01s04i141[lbproc=0]
+ m01s04i181[lbproc=0] + m01s05i181[lbproc=0] + m01s06i181[lbproc=0]
+ m01s16i161[lbproc=0] + m01s16i181[lbproc=0] + m01s35i029[lbproc=0])
/ ATMOS_TIMESTEP",HadGEM3_CFsubhr_mappings.cfg
m01s04i141,4,141,0,,,,tntmp,CFsubhr,False,11,K s-1,embargoed,"(m01s14i181[lbproc=0]+ m01s01i181[lbproc=0]
+ m01s02i181[lbproc=0] + m01s03i181[lbproc=0] + m01s04i141[lbproc=0]
+ m01s04i181[lbproc=0] + m01s05i181[lbproc=0] + m01s06i181[lbproc=0]
+ m01s16i161[lbproc=0] + m01s16i181[lbproc=0] + m01s35i029[lbproc=0])
/ ATMOS_TIMESTEP",HadGEM3_CFsubhr_mappings.cfg
m01s04i181,4,181,0,,,,tntmp,CFsubhr,False,11,K s-1,embargoed,"(m01s14i181[lbproc=0]+ m01s01i181[lbproc=0]
+ m01s02i181[lbproc=0] + m01s03i181[lbproc=0] + m01s04i141[lbproc=0]
+ m01s04i181[lbproc=0] + m01s05i181[lbproc=0] + m01s06i181[lbproc=0]
+ m01s16i161[lbproc=0] + m01s16i181[lbproc=0] + m01s35i029[lbproc=0])
/ ATMOS_TIMESTEP",HadGEM3_CFsubhr_mappings.cfg
m01s05i181,5,181,0,,,,tntmp,CFsubhr,False,11,K s-1,embargoed,"(m01s14i181[lbproc=0]+ m01s01i181[lbproc=0]
+ m01s02i181[lbproc=0] + m01s03i181[lbproc=0] + m01s04i141[lbproc=0]
+ m01s04i181[lbproc=0] + m01s05i181[lbproc=0] + m01s06i181[lbproc=0]
+ m01s16i161[lbproc=0] + m01s16i181[lbproc=0] + m01s35i029[lbproc=0])
/ ATMOS_TIMESTEP",HadGEM3_CFsubhr_mappings.cfg
m01s06i181,6,181,0,,,,tntmp,CFsubhr,False,11,K s-1,embargoed,"(m01s14i181[lbproc=0]+ m01s01i181[lbproc=0]
+ m01s02i181[lbproc=0] + m01s03i181[lbproc=0] + m01s04i141[lbproc=0]
+ m01s04i181[lbproc=0] + m01s05i181[lbproc=0] + m01s06i181[lbproc=0]
+ m01s16i161[lbproc=0] + m01s16i181[lbproc=0] + m01s35i029[lbproc=0])
/ ATMOS_TIMESTEP",HadGEM3_CFsubhr_mappings.cfg
m01s16i161,16,161,0,,,,tntmp,CFsubhr,False,11,K s-1,embargoed,"(m01s14i181[lbproc=0]+ m01s01i181[lbproc=0]
+ m01s02i181[lbproc=0] + m01s03i181[lbproc=0] + m01s04i141[lbproc=0]
+ m01s04i181[lbproc=0] + m01s05i181[lbproc=0] + m01s06i181[lbproc=0]
+ m01s16i161[lbproc=0] + m01s16i181[lbproc=0] + m01s35i029[lbproc=0])
/ ATMOS_TIMESTEP",HadGEM3_CFsubhr_mappings.cfg
m01s16i181,16,181,0,,,,tntmp,CFsubhr,False,11,K s-1,embargoed,"(m01s14i181[lbproc=0]+ m01s01i181[lbproc=0]
+ m01s02i181[lbproc=0] + m01s03i181[lbproc=0] + m01s04i141[lbproc=0]
+ m01s04i181[lbproc=0] + m01s05i181[lbproc=0] + m01s06i181[lbproc=0]
+ m01s16i161[lbproc=0] + m01s16i181[lbproc=0] + m01s35i029[lbproc=0])
/ ATMOS_TIMESTEP",HadGEM3_CFsubhr_mappings.cfg
m01s35i029,35,29,0,,,,tntmp,CFsubhr,False,11,K s-1,embargoed,"(m01s14i181[lbproc=0]+ m01s01i181[lbproc=0]
+ m01s02i181[lbproc=0] + m01s03i181[lbproc=0] + m01s04i141[lbproc=0]
+ m01s04i181[lbproc=0] + m01s05i181[lbproc=0] + m01s06i181[lbproc=0]
+ m01s16i161[lbproc=0] + m01s16i181[lbproc=0] + m01s35i029[lbproc=0])
/ ATMOS_TIMESTEP",HadGEM3_CFsubhr_mappings.cfg
m01s01i161,1,161,0,,,,tntr,CFsubhr,False,2,K s-1,ok,(m01s01i161[lbproc=0] + m01s02i161[lbproc=0]) / ATMOS_TIMESTEP,HadGEM3_CFsubhr_mappings.cfg
m01s02i161,2,161,0,,,,tntr,CFsubhr,False,2,K s-1,ok,(m01s01i161[lbproc=0] + m01s02i161[lbproc=0]) / ATMOS_TIMESTEP,HadGEM3_CFsubhr_mappings.cfg
m01s03i181,3,181,0,,,,tntscpbl,CFsubhr,False,11,K s-1,ok,"(m01s03i181[lbproc=0] + m01s04i141[lbproc=0]
+ m01s04i181[lbproc=0] + m01s16i161[lbproc=0] + m01s16i181[lbproc=0]
+ m01s01i181[lbproc=0] - m01s01i161[lbproc=0] + m01s02i181[lbproc=0]
- m01s02i161[lbproc=0] + m01s05i181[lbproc=0] - m01s05i161[lbproc=0])
/ ATMOS_TIMESTEP",HadGEM3_CFsubhr_mappings.cfg
m01s04i141,4,141,0,,,,tntscpbl,CFsubhr,False,11,K s-1,ok,"(m01s03i181[lbproc=0] + m01s04i141[lbproc=0]
+ m01s04i181[lbproc=0] + m01s16i161[lbproc=0] + m01s16i181[lbproc=0]
+ m01s01i181[lbproc=0] - m01s01i161[lbproc=0] + m01s02i181[lbproc=0]
- m01s02i161[lbproc=0] + m01s05i181[lbproc=0] - m01s05i161[lbproc=0])
/ ATMOS_TIMESTEP",HadGEM3_CFsubhr_mappings.cfg
m01s04i181,4,181,0,,,,tntscpbl,CFsubhr,False,11,K s-1,ok,"(m01s03i181[lbproc=0] + m01s04i141[lbproc=0]
+ m01s04i181[lbproc=0] + m01s16i161[lbproc=0] + m01s16i181[lbproc=0]
+ m01s01i181[lbproc=0] - m01s01i161[lbproc=0] + m01s02i181[lbproc=0]
- m01s02i161[lbproc=0] + m01s05i181[lbproc=0] - m01s05i161[lbproc=0])
/ ATMOS_TIMESTEP",HadGEM3_CFsubhr_mappings.cfg
m01s16i161,16,161,0,,,,tntscpbl,CFsubhr,False,11,K s-1,ok,"(m01s03i181[lbproc=0] + m01s04i141[lbproc=0]
+ m01s04i181[lbproc=0] + m01s16i161[lbproc=0] + m01s16i181[lbproc=0]
+ m01s01i181[lbproc=0] - m01s01i161[lbproc=0] + m01s02i181[lbproc=0]
- m01s02i161[lbproc=0] + m01s05i181[lbproc=0] - m01s05i161[lbproc=0])
/ ATMOS_TIMESTEP",HadGEM3_CFsubhr_mappings.cfg
m01s16i181,16,181,0,,,,tntscpbl,CFsubhr,False,11,K s-1,ok,"(m01s03i181[lbproc=0] + m01s04i141[lbproc=0]
+ m01s04i181[lbproc=0] + m01s16i161[lbproc=0] + m01s16i181[lbproc=0]
+ m01s01i181[lbproc=0] - m01s01i161[lbproc=0] + m01s02i181[lbproc=0]
- m01s02i161[lbproc=0] + m01s05i181[lbproc=0] - m01s05i161[lbproc=0])
/ ATMOS_TIMESTEP",HadGEM3_CFsubhr_mappings.cfg
m01s01i181,1,181,0,,,,tntscpbl,CFsubhr,False,11,K s-1,ok,"(m01s03i181[lbproc=0] + m01s04i141[lbproc=0]
+ m01s04i181[lbproc=0] + m01s16i161[lbproc=0] + m01s16i181[lbproc=0]
+ m01s01i181[lbproc=0] - m01s01i161[lbproc=0] + m01s02i181[lbproc=0]
- m01s02i161[lbproc=0] + m01s05i181[lbproc=0] - m01s05i161[lbproc=0])
/ ATMOS_TIMESTEP",HadGEM3_CFsubhr_mappings.cfg
m01s01i161,1,161,0,,,,tntscpbl,CFsubhr,False,11,K s-1,ok,"(m01s03i181[lbproc=0] + m01s04i141[lbproc=0]
+ m01s04i181[lbproc=0] + m01s16i161[lbproc=0] + m01s16i181[lbproc=0]
+ m01s01i181[lbproc=0] - m01s01i161[lbproc=0] + m01s02i181[lbproc=0]
- m01s02i161[lbproc=0] + m01s05i181[lbproc=0] - m01s05i161[lbproc=0])
/ ATMOS_TIMESTEP",HadGEM3_CFsubhr_mappings.cfg
m01s02i181,2,181,0,,,,tntscpbl,CFsubhr,False,11,K s-1,ok,"(m01s03i181[lbproc=0] + m01s04i141[lbproc=0]
+ m01s04i181[lbproc=0] + m01s16i161[lbproc=0] + m01s16i181[lbproc=0]
+ m01s01i181[lbproc=0] - m01s01i161[lbproc=0] + m01s02i181[lbproc=0]
- m01s02i161[lbproc=0] + m01s05i181[lbproc=0] - m01s05i161[lbproc=0])
/ ATMOS_TIMESTEP",HadGEM3_CFsubhr_mappings.cfg
m01s02i161,2,161,0,,,,tntscpbl,CFsubhr,False,11,K s-1,ok,"(m01s03i181[lbproc=0] + m01s04i141[lbproc=0]
+ m01s04i181[lbproc=0] + m01s16i161[lbproc=0] + m01s16i181[lbproc=0]
+ m01s01i181[lbproc=0] - m01s01i161[lbproc=0] + m01s02i181[lbproc=0]
- m01s02i161[lbproc=0] + m01s05i181[lbproc=0] - m01s05i161[lbproc=0])
/ ATMOS_TIMESTEP",HadGEM3_CFsubhr_mappings.cfg
m01s05i181,5,181,0,,,,tntscpbl,CFsubhr,False,11,K s-1,ok,"(m01s03i181[lbproc=0] + m01s04i141[lbproc=0]
+ m01s04i181[lbproc=0] + m01s16i161[lbproc=0] + m01s16i181[lbproc=0]
+ m01s01i181[lbproc=0] - m01s01i161[lbproc=0] + m01s02i181[lbproc=0]
- m01s02i161[lbproc=0] + m01s05i181[lbproc=0] - m01s05i161[lbproc=0])
/ ATMOS_TIMESTEP",HadGEM3_CFsubhr_mappings.cfg
m01s05i161,5,161,0,,,,tntscpbl,CFsubhr,False,11,K s-1,ok,"(m01s03i181[lbproc=0] + m01s04i141[lbproc=0]
+ m01s04i181[lbproc=0] + m01s16i161[lbproc=0] + m01s16i181[lbproc=0]
+ m01s01i181[lbproc=0] - m01s01i161[lbproc=0] + m01s02i181[lbproc=0]
- m01s02i161[lbproc=0] + m01s05i181[lbproc=0] - m01s05i161[lbproc=0])
/ ATMOS_TIMESTEP",HadGEM3_CFsubhr_mappings.cfg
m01s00i024,0,24,0,,,,ts,CFsubhr,True,1,K,ok,m01s00i024[lbproc=0],HadGEM3_CFsubhr_mappings.cfg
m01s00i002,0,2,0,,,,ua,CFsubhr,True,1,m s-1,ok,m01s00i002[lbproc=0],HadGEM3_CFsubhr_mappings.cfg
m01s03i209,3,209,0,,,,uas,CFsubhr,True,1,m s-1,ok,m01s03i209[lbproc=0],HadGEM3_CFsubhr_mappings.cfg
m01s00i003,0,3,0,,,,va,CFsubhr,True,1,m s-1,ok,m01s00i003[lbproc=0],HadGEM3_CFsubhr_mappings.cfg
m01s03i210,3,210,0,,,,vas,CFsubhr,True,1,m s-1,ok,m01s03i210[lbproc=0],HadGEM3_CFsubhr_mappings.cfg
m01s30i008,30,8,0,,,,wap,CFsubhr,True,1,Pa s-1,ok,m01s30i008[lbproc=0],HadGEM3_CFsubhr_mappings.cfg
m01s16i201,16,201,0,,,,zg,CFsubhr,True,1,m,ok,m01s16i201[lbproc=0],HadGEM3_CFsubhr_mappings.cfg
m01s02i261,2,261,0,,,,cl,Cres6hrPt,True,1,1,embargoed,m01s02i261[lbproc=0],HadGEM3_Cres6hrPt_mappings.cfg
m01s02i530,2,530,0,,3,,ec550aer,Cres6hrPt,False,2,m-1,embargoed,"m01s02i530[lbplev=3, lbproc=0]
+ m01s02i540[lbplev=3, lbproc=0]",HadGEM3_Cres6hrPt_mappings.cfg
m01s02i540,2,540,0,,3,,ec550aer,Cres6hrPt,False,2,m-1,embargoed,"m01s02i530[lbplev=3, lbproc=0]
+ m01s02i540[lbplev=3, lbproc=0]",HadGEM3_Cres6hrPt_mappings.cfg
m01s50i214,50,214,0,,,,emidms,Cres6hrPt,True,1,kg m-2 s-1,embargoed,m01s50i214[lbproc=0],HadGEM3_Cres6hrPt_mappings.cfg
m01s03i495,3,495,0,,,,emiisop,Cres6hrPt,False,2,kg m-2 s-1,embargoed,"(MOLECULAR_MASS_OF_ISOPRENE / (5.0 * ATOMIC_MASS_OF_C))
* (m01s03i495[lbproc=0] * m01s00i505)",HadGEM3_Cres6hrPt_mappings.cfg
m01s00i505,0,505,,,,,emiisop,Cres6hrPt,False,2,kg m-2 s-1,embargoed,"(MOLECULAR_MASS_OF_ISOPRENE / (5.0 * ATOMIC_MASS_OF_C))
* (m01s03i495[lbproc=0] * m01s00i505)",HadGEM3_Cres6hrPt_mappings.cfg
m01s03i209,3,209,0,,,,uas,Cres6hrPt,True,1,m s-1,embargoed,m01s03i209[lbproc=0],HadGEM3_Cres6hrPt_mappings.cfg
m01s03i210,3,210,0,,,,vas,Cres6hrPt,True,1,m s-1,embargoed,m01s03i210[lbproc=0],HadGEM3_Cres6hrPt_mappings.cfg
m01s03i332,3,332,128,,,,rlut,E1hrClimMon,True,1,W m-2,ok,"mean_diurnal_cycle(m01s03i332[lbproc=128, lbtim_ia=24])",HadGEM3_E1hrClimMon_mappings.cfg
m01s02i206,2,206,128,,,,rlutcs,E1hrClimMon,False,3,W m-2,ok,"mean_diurnal_cycle(m01s02i206[lbproc=128, lbtim_ia=24] +
m01s03i332[lbproc=128, lbtim_ia=24] - m01s02i205[lbproc=128, lbtim_ia=24])",HadGEM3_E1hrClimMon_mappings.cfg
m01s03i332,3,332,128,,,,rlutcs,E1hrClimMon,False,3,W m-2,ok,"mean_diurnal_cycle(m01s02i206[lbproc=128, lbtim_ia=24] +
m01s03i332[lbproc=128, lbtim_ia=24] - m01s02i205[lbproc=128, lbtim_ia=24])",HadGEM3_E1hrClimMon_mappings.cfg
m01s02i205,2,205,128,,,,rlutcs,E1hrClimMon,False,3,W m-2,ok,"mean_diurnal_cycle(m01s02i206[lbproc=128, lbtim_ia=24] +
m01s03i332[lbproc=128, lbtim_ia=24] - m01s02i205[lbproc=128, lbtim_ia=24])",HadGEM3_E1hrClimMon_mappings.cfg
m01s01i207,1,207,128,,,,rsdt,E1hrClimMon,True,1,W m-2,ok,"mean_diurnal_cycle(m01s01i207[lbproc=128, lbtim_ia=24])",HadGEM3_E1hrClimMon_mappings.cfg
m01s01i208,1,208,128,,,,rsut,E1hrClimMon,True,1,W m-2,ok,"mean_diurnal_cycle(m01s01i208[lbproc=128, lbtim_ia=24])",HadGEM3_E1hrClimMon_mappings.cfg
m01s01i209,1,209,128,,,,rsutcs,E1hrClimMon,True,1,W m-2,ok,"mean_diurnal_cycle(m01s01i209[lbproc=128, lbtim_ia=24])",HadGEM3_E1hrClimMon_mappings.cfg
m01s16i222,16,222,0,,,,psl,E1hr,True,1,Pa,embargoed,m01s16i222[lbproc=0],HadGEM3_E1hr_mappings.cfg
m01s30i201,30,201,0,,,PLEV27,ua27,E1hr,False,2,m s-1,embargoed,"m01s30i201[blev=PLEV27, lbproc=0]
/ m01s30i301[blev=PLEV27, lbproc=0]",HadGEM3_E1hr_mappings.cfg
m01s30i301,30,301,0,,,PLEV27,ua27,E1hr,False,2,m s-1,embargoed,"m01s30i201[blev=PLEV27, lbproc=0]
/ m01s30i301[blev=PLEV27, lbproc=0]",HadGEM3_E1hr_mappings.cfg
m01s30i202,30,202,0,,,PLEV27,va27,E1hr,False,2,m s-1,embargoed,"m01s30i202[blev=PLEV27, lbproc=0]
/ m01s30i301[blev=PLEV27, lbproc=0]",HadGEM3_E1hr_mappings.cfg
m01s30i301,30,301,0,,,PLEV27,va27,E1hr,False,2,m s-1,embargoed,"m01s30i202[blev=PLEV27, lbproc=0]
/ m01s30i301[blev=PLEV27, lbproc=0]",HadGEM3_E1hr_mappings.cfg
m01s02i372,2,372,0,,,,cfadDbze94,E3hrPt,True,1,1,ok,m01s02i372[lbproc=0],HadGEM3_E3hrPt_mappings.cfg
m01s02i370,2,370,0,,,,cfadLidarsr532,E3hrPt,True,1,1,ok,m01s02i370[lbproc=0],HadGEM3_E3hrPt_mappings.cfg
m01s34i009,34,9,0,,,,ch4,E3hrPt,True,1,mol mol-1,embargoed,"(MOLECULAR_MASS_OF_AIR / MOLECULAR_MASS_OF_CH4)
* m01s34i009[lbproc=0]",HadGEM3_E3hrPt_mappings.cfg
m01s02i371,2,371,0,,,,clcalipso,E3hrPt,False,2,1,ok,m01s02i371[lbproc=0] / m01s02i325[lbproc=0],HadGEM3_E3hrPt_mappings.cfg
m01s02i325,2,325,0,,,,clcalipso,E3hrPt,False,2,1,ok,m01s02i371[lbproc=0] / m01s02i325[lbproc=0],HadGEM3_E3hrPt_mappings.cfg
m01s02i346,2,346,0,,,P220,clhcalipso,E3hrPt,False,2,1,ok,"m01s02i346[blev=P220, lbproc=0] / m01s02i323[blev=P220, lbproc=0]",HadGEM3_E3hrPt_mappings.cfg
m01s02i323,2,323,0,,,P220,clhcalipso,E3hrPt,False,2,1,ok,"m01s02i346[blev=P220, lbproc=0] / m01s02i323[blev=P220, lbproc=0]",HadGEM3_E3hrPt_mappings.cfg
m01s02i337,2,337,0,,,PLEV7C,clisccp,E3hrPt,False,2,1,ok,"divide_by_mask(m01s02i337[blev=PLEV7C, lbproc=0], m01s02i330[lbproc=0])",HadGEM3_E3hrPt_mappings.cfg
m01s02i330,2,330,0,,,,clisccp,E3hrPt,False,2,1,ok,"divide_by_mask(m01s02i337[blev=PLEV7C, lbproc=0], m01s02i330[lbproc=0])",HadGEM3_E3hrPt_mappings.cfg
m01s02i344,2,344,0,,,P840,cllcalipso,E3hrPt,False,2,1,ok,"m01s02i344[blev=P840, lbproc=0] / m01s02i321[blev=P840, lbproc=0]",HadGEM3_E3hrPt_mappings.cfg
m01s02i321,2,321,0,,,P840,cllcalipso,E3hrPt,False,2,1,ok,"m01s02i344[blev=P840, lbproc=0] / m01s02i321[blev=P840, lbproc=0]",HadGEM3_E3hrPt_mappings.cfg
m01s02i345,2,345,0,,,P560,clmcalipso,E3hrPt,False,2,1,ok,"m01s02i345[blev=P560, lbproc=0] / m01s02i322[blev=P560, lbproc=0]",HadGEM3_E3hrPt_mappings.cfg
m01s02i322,2,322,0,,,P560,clmcalipso,E3hrPt,False,2,1,ok,"m01s02i345[blev=P560, lbproc=0] / m01s02i322[blev=P560, lbproc=0]",HadGEM3_E3hrPt_mappings.cfg
m01s02i360,2,360,0,,,,clmisr,E3hrPt,False,2,1,ok,"fix_clmisr_height(m01s02i360[lbproc=0], m01s02i330[lbproc=0])",HadGEM3_E3hrPt_mappings.cfg
m01s02i330,2,330,0,,,,clmisr,E3hrPt,False,2,1,ok,"fix_clmisr_height(m01s02i360[lbproc=0], m01s02i330[lbproc=0])",HadGEM3_E3hrPt_mappings.cfg
m01s02i347,2,347,0,,,,cltcalipso,E3hrPt,False,2,1,ok,m01s02i347[lbproc=0] / m01s02i324[lbproc=0],HadGEM3_E3hrPt_mappings.cfg
m01s02i324,2,324,0,,,,cltcalipso,E3hrPt,False,2,1,ok,m01s02i347[lbproc=0] / m01s02i324[lbproc=0],HadGEM3_E3hrPt_mappings.cfg
m01s00i010,0,10,0,,,,hus,E3hrPt,True,1,1,ok,m01s00i010[lbproc=0],HadGEM3_E3hrPt_mappings.cfg
m01s30i295,30,295,0,,,PLEV7H,hus7h,E3hrPt,False,2,1,embargoed,"m01s30i295[blev=PLEV7H, lbproc=0]
/ m01s30i304[blev=PLEV7H, lbproc=0]",HadGEM3_E3hrPt_mappings.cfg
m01s30i304,30,304,0,,,PLEV7H,hus7h,E3hrPt,False,2,1,embargoed,"m01s30i295[blev=PLEV7H, lbproc=0]
/ m01s30i304[blev=PLEV7H, lbproc=0]",HadGEM3_E3hrPt_mappings.cfg
m01s02i469,2,469,0,,,,jpdftaureicemodis,E3hrPt,False,2,1,ok,"jpdftaure_divide_by_mask(m01s02i469[lbproc=0], m01s02i330[lbproc=0])",HadGEM3_E3hrPt_mappings.cfg
m01s02i330,2,330,0,,,,jpdftaureicemodis,E3hrPt,False,2,1,ok,"jpdftaure_divide_by_mask(m01s02i469[lbproc=0], m01s02i330[lbproc=0])",HadGEM3_E3hrPt_mappings.cfg
m01s02i468,2,468,0,,,,jpdftaureliqmodis,E3hrPt,False,2,1,ok,"jpdftaure_divide_by_mask(m01s02i468[lbproc=0], m01s02i330[lbproc=0])",HadGEM3_E3hrPt_mappings.cfg
m01s02i330,2,330,0,,,,jpdftaureliqmodis,E3hrPt,False,2,1,ok,"jpdftaure_divide_by_mask(m01s02i468[lbproc=0], m01s02i330[lbproc=0])",HadGEM3_E3hrPt_mappings.cfg
m01s34i049,34,49,0,,,,n2o,E3hrPt,True,1,mol mol-1,embargoed,"(MOLECULAR_MASS_OF_AIR / MOLECULAR_MASS_OF_N2O)
* m01s34i049[lbproc=0]",HadGEM3_E3hrPt_mappings.cfg
m01s34i001,34,1,0,,,,o3,E3hrPt,True,1,mol mol-1,embargoed,"(MOLECULAR_MASS_OF_AIR / MOLECULAR_MASS_OF_O3)
* m01s34i001[lbproc=0]",HadGEM3_E3hrPt_mappings.cfg
m01s02i348,2,348,0,,,,parasolRefl,E3hrPt,True,1,1,ok,fix_parasol_sza_axis(m01s02i348[lbproc=0]),HadGEM3_E3hrPt_mappings.cfg
m01s00i409,0,409,0,,,,ps,E3hrPt,True,1,Pa,ok,m01s00i409[lbproc=0],HadGEM3_E3hrPt_mappings.cfg
m01s16i222,16,222,0,,,,psl,E3hrPt,True,1,Pa,embargoed,m01s16i222[lbproc=0],HadGEM3_E3hrPt_mappings.cfg
m01s01i220,1,220,0,,,,rsdcs,E3hrPt,True,1,W m-2,embargoed,correct_multilevel_metadata(m01s01i220[lbproc=0]),HadGEM3_E3hrPt_mappings.cfg
m01s01i219,1,219,0,,,,rsucs,E3hrPt,True,1,W m-2,embargoed,correct_multilevel_metadata(m01s01i219[lbproc=0]),HadGEM3_E3hrPt_mappings.cfg
m01s01i211,1,211,0,,,,rsuscs,E3hrPt,True,1,W m-2,embargoed,m01s01i211[lbproc=0],HadGEM3_E3hrPt_mappings.cfg
m01s01i519,1,519,0,86,,,rsutcsaf,E3hrPt,True,1,W m-2,embargoed,"m01s01i519[lblev=86, lbproc=0]",HadGEM3_E3hrPt_mappings.cfg
m01s01i527,1,527,0,86,,,rsutcsafbnd,E3hrPt,True,1,W m-2,embargoed,"m01s01i527[lblev=86, lbproc=0]",HadGEM3_E3hrPt_mappings.cfg
m01s01i511,1,511,0,86,,,rsutcsbnd,E3hrPt,True,1,W m-2,embargoed,"m01s01i511[lblev=86, lbproc=0]",HadGEM3_E3hrPt_mappings.cfg
m01s00i024,0,24,0,,,,ts,E3hrPt,True,1,K,embargoed,m01s00i024[lbproc=0],HadGEM3_E3hrPt_mappings.cfg
m01s30i201,30,201,0,,,PLEV7H,ua7h,E3hrPt,False,2,m s-1,ok,"m01s30i201[blev=PLEV7H, lbproc=0]
/ m01s30i301[blev=PLEV7H, lbproc=0]",HadGEM3_E3hrPt_mappings.cfg
m01s30i301,30,301,0,,,PLEV7H,ua7h,E3hrPt,False,2,m s-1,ok,"m01s30i201[blev=PLEV7H, lbproc=0]
/ m01s30i301[blev=PLEV7H, lbproc=0]",HadGEM3_E3hrPt_mappings.cfg
m01s30i202,30,202,0,,,PLEV7H,va7h,E3hrPt,False,2,m s-1,ok,"m01s30i202[blev=PLEV7H, lbproc=0]
/ m01s30i301[blev=PLEV7H, lbproc=0]",HadGEM3_E3hrPt_mappings.cfg
m01s30i301,30,301,0,,,PLEV7H,va7h,E3hrPt,False,2,m s-1,ok,"m01s30i202[blev=PLEV7H, lbproc=0]
/ m01s30i301[blev=PLEV7H, lbproc=0]",HadGEM3_E3hrPt_mappings.cfg
m01s05i206,5,206,128,,,,prsnc,E3hr,True,1,kg m-2 s-1,embargoed,m01s05i206[lbproc=128],HadGEM3_E3hr_mappings.cfg
m01s00i409,0,409,192,,,,ps,E6hrZ,True,1,Pa,embargoed,m01s00i409[lbproc=192],HadGEM3_E6hrZ_mappings.cfg
m01s30i295,30,295,192,,,PLEV19,hus,EdayZ,False,2,1,ok,"m01s30i295[blev=PLEV19, lbproc=192]
/ m01s30i304[blev=PLEV19, lbproc=192]",HadGEM3_EdayZ_mappings.cfg
m01s30i304,30,304,192,,,PLEV19,hus,EdayZ,False,2,1,ok,"m01s30i295[blev=PLEV19, lbproc=192]
/ m01s30i304[blev=PLEV19, lbproc=192]",HadGEM3_EdayZ_mappings.cfg
m01s30i294,30,294,192,,,PLEV19,ta,EdayZ,False,2,K,ok,"m01s30i294[blev=PLEV19, lbproc=192]
/ m01s30i304[blev=PLEV19, lbproc=192]",HadGEM3_EdayZ_mappings.cfg
m01s30i304,30,304,192,,,PLEV19,ta,EdayZ,False,2,K,ok,"m01s30i294[blev=PLEV19, lbproc=192]
/ m01s30i304[blev=PLEV19, lbproc=192]",HadGEM3_EdayZ_mappings.cfg
m01s30i201,30,201,192,,,PLEV39,ua,EdayZ,False,2,m s-1,ok,"m01s30i201[blev=PLEV39, lbproc=192]
/ m01s30i301[blev=PLEV39, lbproc=192]",HadGEM3_EdayZ_mappings.cfg
m01s30i301,30,301,192,,,PLEV39,ua,EdayZ,False,2,m s-1,ok,"m01s30i201[blev=PLEV39, lbproc=192]
/ m01s30i301[blev=PLEV39, lbproc=192]",HadGEM3_EdayZ_mappings.cfg
m01s06i115,6,115,192,,,PLEV39,utendnogw,EdayZ,True,1,m s-2,ok,"m01s06i115[blev=PLEV39, lbproc=192]",HadGEM3_EdayZ_mappings.cfg
m01s06i247,6,247,192,,,PLEV39,utendogw,EdayZ,True,1,m s-2,ok,"m01s06i247[blev=PLEV39, lbproc=192]",HadGEM3_EdayZ_mappings.cfg
m01s30i202,30,202,192,,,PLEV19,va,EdayZ,False,2,m s-1,ok,"m01s30i202[blev=PLEV19, lbproc=192]
/ m01s30i301[blev=PLEV19, lbproc=192]",HadGEM3_EdayZ_mappings.cfg
m01s30i301,30,301,192,,,PLEV19,va,EdayZ,False,2,m s-1,ok,"m01s30i202[blev=PLEV19, lbproc=192]
/ m01s30i301[blev=PLEV19, lbproc=192]",HadGEM3_EdayZ_mappings.cfg
m01s30i297,30,297,192,,,PLEV19,zg,EdayZ,False,2,m,ok,"m01s30i297[blev=PLEV19, lbproc=192]
/ m01s30i304[blev=PLEV19, lbproc=192]",HadGEM3_EdayZ_mappings.cfg
m01s30i304,30,304,192,,,PLEV19,zg,EdayZ,False,2,m,ok,"m01s30i297[blev=PLEV19, lbproc=192]
/ m01s30i304[blev=PLEV19, lbproc=192]",HadGEM3_EdayZ_mappings.cfg
m01s03i330,3,330,128,,,,hfls,Eday,False,2,W m-2,ok,"land_class_mean(m01s03i330[lbproc=128], m01s03i317[lbproc=128],
land_class='all')",HadGEM3_Eday_mappings.cfg
m01s03i317,3,317,128,,,,hfls,Eday,False,2,W m-2,ok,"land_class_mean(m01s03i330[lbproc=128], m01s03i317[lbproc=128],
land_class='all')",HadGEM3_Eday_mappings.cfg
m01s03i290,3,290,128,,,,hfss,Eday,False,2,W m-2,ok,"land_class_mean(m01s03i290[lbproc=128], m01s03i317[lbproc=128],
land_class='all')",HadGEM3_Eday_mappings.cfg
m01s03i317,3,317,128,,,,hfss,Eday,False,2,W m-2,ok,"land_class_mean(m01s03i290[lbproc=128], m01s03i317[lbproc=128],
land_class='all')",HadGEM3_Eday_mappings.cfg
m01s01i201,1,201,128,,,,rss,Eday,True,1,W m-2,embargoed,m01s01i201[lbproc=128],HadGEM3_Eday_mappings.cfg
m01s06i115,6,115,192,,,PLEV39,utendnogw,EmonZ,True,1,m s-2,ok,"m01s06i115[blev=PLEV39, lbproc=192]",HadGEM3_EmonZ_mappings.cfg
m01s30i295,30,295,128,,,PLEV7H,hus,Emon,False,2,1,ok,"m01s30i295[blev=PLEV7H, lbproc=128]
/ m01s30i304[blev=PLEV7H, lbproc=128]",HadGEM3_Emon_mappings.cfg
m01s30i304,30,304,128,,,PLEV7H,hus,Emon,False,2,1,ok,"m01s30i295[blev=PLEV7H, lbproc=128]
/ m01s30i304[blev=PLEV7H, lbproc=128]",HadGEM3_Emon_mappings.cfg
m01s00i033,0,33,128,,,,orog,Emon,True,1,m,ok,m01s00i033[lbproc=128],HadGEM3_Emon_mappings.cfg
m01s30i008,30,8,128,,,,wap,Emon,True,1,Pa s-1,ok,m01s30i008[lbproc=128],HadGEM3_Emon_mappings.cfg
m01s00i409,0,409,0,,,,ps,Esubhr,True,1,Pa,embargoed,m01s00i409[lbproc=0],HadGEM3_Esubhr_mappings.cfg
m01s02i398,2,398,0,,,,reffclic,Esubhr,False,2,m,embargoed,0.5 * m01s02i398[lbproc=0] / m01s02i313[lbproc=0],HadGEM3_Esubhr_mappings.cfg
m01s02i313,2,313,0,,,,reffclic,Esubhr,False,2,m,embargoed,0.5 * m01s02i398[lbproc=0] / m01s02i313[lbproc=0],HadGEM3_Esubhr_mappings.cfg
m01s02i398,2,398,0,,,,reffclis,Esubhr,False,2,m,embargoed,0.5 * m01s02i398[lbproc=0] / m01s02i313[lbproc=0],HadGEM3_Esubhr_mappings.cfg
m01s02i313,2,313,0,,,,reffclis,Esubhr,False,2,m,embargoed,0.5 * m01s02i398[lbproc=0] / m01s02i313[lbproc=0],HadGEM3_Esubhr_mappings.cfg
m01s02i397,2,397,0,,,,reffclwc,Esubhr,False,2,m,embargoed,m01s02i397[lbproc=0] / m01s02i312[lbproc=0],HadGEM3_Esubhr_mappings.cfg
m01s02i312,2,312,0,,,,reffclwc,Esubhr,False,2,m,embargoed,m01s02i397[lbproc=0] / m01s02i312[lbproc=0],HadGEM3_Esubhr_mappings.cfg
m01s02i397,2,397,0,,,,reffclws,Esubhr,False,2,m,embargoed,m01s02i397[lbproc=0] / m01s02i312[lbproc=0],HadGEM3_Esubhr_mappings.cfg
m01s02i312,2,312,0,,,,reffclws,Esubhr,False,2,m,embargoed,m01s02i397[lbproc=0] / m01s02i312[lbproc=0],HadGEM3_Esubhr_mappings.cfg
m01s03i190,3,190,0,,,,tnhuspbl,Esubhr,True,1,s-1,embargoed,m01s03i190[lbproc=0] / ATMOS_TIMESTEP,HadGEM3_Esubhr_mappings.cfg
m01s01i182,1,182,0,,,,tnhusscp,Esubhr,False,10,s-1,embargoed,"(m01s01i182[lbproc=0] + m01s02i182[lbproc=0]
+ m01s03i182[lbproc=0] - m01s03i190[lbproc=0] + m01s04i142[lbproc=0]
+ m01s04i182[lbproc=0] + m01s05i182[lbproc=0] - m01s05i162[lbproc=0]
+ m01s16i162[lbproc=0] + m01s16i182[lbproc=0]) / ATMOS_TIMESTEP",HadGEM3_Esubhr_mappings.cfg
m01s02i182,2,182,0,,,,tnhusscp,Esubhr,False,10,s-1,embargoed,"(m01s01i182[lbproc=0] + m01s02i182[lbproc=0]
+ m01s03i182[lbproc=0] - m01s03i190[lbproc=0] + m01s04i142[lbproc=0]
+ m01s04i182[lbproc=0] + m01s05i182[lbproc=0] - m01s05i162[lbproc=0]
+ m01s16i162[lbproc=0] + m01s16i182[lbproc=0]) / ATMOS_TIMESTEP",HadGEM3_Esubhr_mappings.cfg
m01s03i182,3,182,0,,,,tnhusscp,Esubhr,False,10,s-1,embargoed,"(m01s01i182[lbproc=0] + m01s02i182[lbproc=0]
+ m01s03i182[lbproc=0] - m01s03i190[lbproc=0] + m01s04i142[lbproc=0]
+ m01s04i182[lbproc=0] + m01s05i182[lbproc=0] - m01s05i162[lbproc=0]
+ m01s16i162[lbproc=0] + m01s16i182[lbproc=0]) / ATMOS_TIMESTEP",HadGEM3_Esubhr_mappings.cfg
m01s03i190,3,190,0,,,,tnhusscp,Esubhr,False,10,s-1,embargoed,"(m01s01i182[lbproc=0] + m01s02i182[lbproc=0]
+ m01s03i182[lbproc=0] - m01s03i190[lbproc=0] + m01s04i142[lbproc=0]
+ m01s04i182[lbproc=0] + m01s05i182[lbproc=0] - m01s05i162[lbproc=0]
+ m01s16i162[lbproc=0] + m01s16i182[lbproc=0]) / ATMOS_TIMESTEP",HadGEM3_Esubhr_mappings.cfg
m01s04i142,4,142,0,,,,tnhusscp,Esubhr,False,10,s-1,embargoed,"(m01s01i182[lbproc=0] + m01s02i182[lbproc=0]
+ m01s03i182[lbproc=0] - m01s03i190[lbproc=0] + m01s04i142[lbproc=0]
+ m01s04i182[lbproc=0] + m01s05i182[lbproc=0] - m01s05i162[lbproc=0]
+ m01s16i162[lbproc=0] + m01s16i182[lbproc=0]) / ATMOS_TIMESTEP",HadGEM3_Esubhr_mappings.cfg
m01s04i182,4,182,0,,,,tnhusscp,Esubhr,False,10,s-1,embargoed,"(m01s01i182[lbproc=0] + m01s02i182[lbproc=0]
+ m01s03i182[lbproc=0] - m01s03i190[lbproc=0] + m01s04i142[lbproc=0]
+ m01s04i182[lbproc=0] + m01s05i182[lbproc=0] - m01s05i162[lbproc=0]
+ m01s16i162[lbproc=0] + m01s16i182[lbproc=0]) / ATMOS_TIMESTEP",HadGEM3_Esubhr_mappings.cfg
m01s05i182,5,182,0,,,,tnhusscp,Esubhr,False,10,s-1,embargoed,"(m01s01i182[lbproc=0] + m01s02i182[lbproc=0]
+ m01s03i182[lbproc=0] - m01s03i190[lbproc=0] + m01s04i142[lbproc=0]
+ m01s04i182[lbproc=0] + m01s05i182[lbproc=0] - m01s05i162[lbproc=0]
+ m01s16i162[lbproc=0] + m01s16i182[lbproc=0]) / ATMOS_TIMESTEP",HadGEM3_Esubhr_mappings.cfg
m01s05i162,5,162,0,,,,tnhusscp,Esubhr,False,10,s-1,embargoed,"(m01s01i182[lbproc=0] + m01s02i182[lbproc=0]
+ m01s03i182[lbproc=0] - m01s03i190[lbproc=0] + m01s04i142[lbproc=0]
+ m01s04i182[lbproc=0] + m01s05i182[lbproc=0] - m01s05i162[lbproc=0]
+ m01s16i162[lbproc=0] + m01s16i182[lbproc=0]) / ATMOS_TIMESTEP",HadGEM3_Esubhr_mappings.cfg
m01s16i162,16,162,0,,,,tnhusscp,Esubhr,False,10,s-1,embargoed,"(m01s01i182[lbproc=0] + m01s02i182[lbproc=0]
+ m01s03i182[lbproc=0] - m01s03i190[lbproc=0] + m01s04i142[lbproc=0]
+ m01s04i182[lbproc=0] + m01s05i182[lbproc=0] - m01s05i162[lbproc=0]
+ m01s16i162[lbproc=0] + m01s16i182[lbproc=0]) / ATMOS_TIMESTEP",HadGEM3_Esubhr_mappings.cfg
m01s16i182,16,182,0,,,,tnhusscp,Esubhr,False,10,s-1,embargoed,"(m01s01i182[lbproc=0] + m01s02i182[lbproc=0]
+ m01s03i182[lbproc=0] - m01s03i190[lbproc=0] + m01s04i142[lbproc=0]
+ m01s04i182[lbproc=0] + m01s05i182[lbproc=0] - m01s05i162[lbproc=0]
+ m01s16i162[lbproc=0] + m01s16i182[lbproc=0]) / ATMOS_TIMESTEP",HadGEM3_Esubhr_mappings.cfg
m01s03i189,3,189,0,,,,tntpbl,Esubhr,True,1,K s-1,embargoed,m01s03i189[lbproc=0] / ATMOS_TIMESTEP,HadGEM3_Esubhr_mappings.cfg
m01s02i161,2,161,0,,,,tntrl,Esubhr,True,1,K s-1,embargoed,m01s02i161[lbproc=0] / ATMOS_TIMESTEP,HadGEM3_Esubhr_mappings.cfg
m01s02i233,2,233,0,,,,tntrlcs,Esubhr,True,1,K s-1,embargoed,m01s02i233[lbproc=0],HadGEM3_Esubhr_mappings.cfg
m01s01i161,1,161,0,,,,tntrs,Esubhr,True,1,K s-1,embargoed,m01s01i161[lbproc=0] / ATMOS_TIMESTEP,HadGEM3_Esubhr_mappings.cfg
m01s01i233,1,233,0,,,,tntrscs,Esubhr,True,1,K s-1,embargoed,m01s01i233[lbproc=0],HadGEM3_Esubhr_mappings.cfg
m01s03i181,3,181,0,,,,tntscp,Esubhr,False,12,K s-1,embargoed,"(m01s03i181[lbproc=0] - m01s03i189[lbproc=0]
+ m01s04i141[lbproc=0] + m01s04i181[lbproc=0] + m01s16i161[lbproc=0]
+ m01s16i181[lbproc=0] + m01s01i181[lbproc=0] - m01s01i161[lbproc=0]
+ m01s02i181[lbproc=0] - m01s02i161[lbproc=0] + m01s05i181[lbproc=0]
- m01s05i161[lbproc=0]) / ATMOS_TIMESTEP",HadGEM3_Esubhr_mappings.cfg
m01s03i189,3,189,0,,,,tntscp,Esubhr,False,12,K s-1,embargoed,"(m01s03i181[lbproc=0] - m01s03i189[lbproc=0]
+ m01s04i141[lbproc=0] + m01s04i181[lbproc=0] + m01s16i161[lbproc=0]
+ m01s16i181[lbproc=0] + m01s01i181[lbproc=0] - m01s01i161[lbproc=0]
+ m01s02i181[lbproc=0] - m01s02i161[lbproc=0] + m01s05i181[lbproc=0]
- m01s05i161[lbproc=0]) / ATMOS_TIMESTEP",HadGEM3_Esubhr_mappings.cfg
m01s04i141,4,141,0,,,,tntscp,Esubhr,False,12,K s-1,embargoed,"(m01s03i181[lbproc=0] - m01s03i189[lbproc=0]
+ m01s04i141[lbproc=0] + m01s04i181[lbproc=0] + m01s16i161[lbproc=0]
+ m01s16i181[lbproc=0] + m01s01i181[lbproc=0] - m01s01i161[lbproc=0]
+ m01s02i181[lbproc=0] - m01s02i161[lbproc=0] + m01s05i181[lbproc=0]
- m01s05i161[lbproc=0]) / ATMOS_TIMESTEP",HadGEM3_Esubhr_mappings.cfg
m01s04i181,4,181,0,,,,tntscp,Esubhr,False,12,K s-1,embargoed,"(m01s03i181[lbproc=0] - m01s03i189[lbproc=0]
+ m01s04i141[lbproc=0] + m01s04i181[lbproc=0] + m01s16i161[lbproc=0]
+ m01s16i181[lbproc=0] + m01s01i181[lbproc=0] - m01s01i161[lbproc=0]
+ m01s02i181[lbproc=0] - m01s02i161[lbproc=0] + m01s05i181[lbproc=0]
- m01s05i161[lbproc=0]) / ATMOS_TIMESTEP",HadGEM3_Esubhr_mappings.cfg
m01s16i161,16,161,0,,,,tntscp,Esubhr,False,12,K s-1,embargoed,"(m01s03i181[lbproc=0] - m01s03i189[lbproc=0]
+ m01s04i141[lbproc=0] + m01s04i181[lbproc=0] + m01s16i161[lbproc=0]
+ m01s16i181[lbproc=0] + m01s01i181[lbproc=0] - m01s01i161[lbproc=0]
+ m01s02i181[lbproc=0] - m01s02i161[lbproc=0] + m01s05i181[lbproc=0]
- m01s05i161[lbproc=0]) / ATMOS_TIMESTEP",HadGEM3_Esubhr_mappings.cfg
m01s16i181,16,181,0,,,,tntscp,Esubhr,False,12,K s-1,embargoed,"(m01s03i181[lbproc=0] - m01s03i189[lbproc=0]
+ m01s04i141[lbproc=0] + m01s04i181[lbproc=0] + m01s16i161[lbproc=0]
+ m01s16i181[lbproc=0] + m01s01i181[lbproc=0] - m01s01i161[lbproc=0]
+ m01s02i181[lbproc=0] - m01s02i161[lbproc=0] + m01s05i181[lbproc=0]
- m01s05i161[lbproc=0]) / ATMOS_TIMESTEP",HadGEM3_Esubhr_mappings.cfg
m01s01i181,1,181,0,,,,tntscp,Esubhr,False,12,K s-1,embargoed,"(m01s03i181[lbproc=0] - m01s03i189[lbproc=0]
+ m01s04i141[lbproc=0] + m01s04i181[lbproc=0] + m01s16i161[lbproc=0]
+ m01s16i181[lbproc=0] + m01s01i181[lbproc=0] - m01s01i161[lbproc=0]
+ m01s02i181[lbproc=0] - m01s02i161[lbproc=0] + m01s05i181[lbproc=0]
- m01s05i161[lbproc=0]) / ATMOS_TIMESTEP",HadGEM3_Esubhr_mappings.cfg
m01s01i161,1,161,0,,,,tntscp,Esubhr,False,12,K s-1,embargoed,"(m01s03i181[lbproc=0] - m01s03i189[lbproc=0]
+ m01s04i141[lbproc=0] + m01s04i181[lbproc=0] + m01s16i161[lbproc=0]
+ m01s16i181[lbproc=0] + m01s01i181[lbproc=0] - m01s01i161[lbproc=0]
+ m01s02i181[lbproc=0] - m01s02i161[lbproc=0] + m01s05i181[lbproc=0]
- m01s05i161[lbproc=0]) / ATMOS_TIMESTEP",HadGEM3_Esubhr_mappings.cfg
m01s02i181,2,181,0,,,,tntscp,Esubhr,False,12,K s-1,embargoed,"(m01s03i181[lbproc=0] - m01s03i189[lbproc=0]
+ m01s04i141[lbproc=0] + m01s04i181[lbproc=0] + m01s16i161[lbproc=0]
+ m01s16i181[lbproc=0] + m01s01i181[lbproc=0] - m01s01i161[lbproc=0]
+ m01s02i181[lbproc=0] - m01s02i161[lbproc=0] + m01s05i181[lbproc=0]
- m01s05i161[lbproc=0]) / ATMOS_TIMESTEP",HadGEM3_Esubhr_mappings.cfg
m01s02i161,2,161,0,,,,tntscp,Esubhr,False,12,K s-1,embargoed,"(m01s03i181[lbproc=0] - m01s03i189[lbproc=0]
+ m01s04i141[lbproc=0] + m01s04i181[lbproc=0] + m01s16i161[lbproc=0]
+ m01s16i181[lbproc=0] + m01s01i181[lbproc=0] - m01s01i161[lbproc=0]
+ m01s02i181[lbproc=0] - m01s02i161[lbproc=0] + m01s05i181[lbproc=0]
- m01s05i161[lbproc=0]) / ATMOS_TIMESTEP",HadGEM3_Esubhr_mappings.cfg
m01s05i181,5,181,0,,,,tntscp,Esubhr,False,12,K s-1,embargoed,"(m01s03i181[lbproc=0] - m01s03i189[lbproc=0]
+ m01s04i141[lbproc=0] + m01s04i181[lbproc=0] + m01s16i161[lbproc=0]
+ m01s16i181[lbproc=0] + m01s01i181[lbproc=0] - m01s01i161[lbproc=0]
+ m01s02i181[lbproc=0] - m01s02i161[lbproc=0] + m01s05i181[lbproc=0]
- m01s05i161[lbproc=0]) / ATMOS_TIMESTEP",HadGEM3_Esubhr_mappings.cfg
m01s05i161,5,161,0,,,,tntscp,Esubhr,False,12,K s-1,embargoed,"(m01s03i181[lbproc=0] - m01s03i189[lbproc=0]
+ m01s04i141[lbproc=0] + m01s04i181[lbproc=0] + m01s16i161[lbproc=0]
+ m01s16i181[lbproc=0] + m01s01i181[lbproc=0] - m01s01i161[lbproc=0]
+ m01s02i181[lbproc=0] - m01s02i161[lbproc=0] + m01s05i181[lbproc=0]
- m01s05i161[lbproc=0]) / ATMOS_TIMESTEP",HadGEM3_Esubhr_mappings.cfg
m01s03i317,3,317,128,,,,vegFrac,Eyr,False,2,,embargoed,"land_class_area(m01s03i317[lbproc=128], m01s03i395[lbproc=128],
land_class='natural')",HadGEM3_Eyr_mappings.cfg
m01s03i395,3,395,128,,,,vegFrac,Eyr,False,2,,embargoed,"land_class_area(m01s03i317[lbproc=128], m01s03i395[lbproc=128],
land_class='natural')",HadGEM3_Eyr_mappings.cfg
m01s05i216,5,216,128,,,,pr,GA7mon,True,1,kg m-2 s-1,Internal,"m01s05i216[lbproc=128, lbtim=122]",HadGEM3_GA7mon_mappings.cfg
m01s00i024,0,24,128,,,,ts,GA7mon,True,1,K,Internal,"m01s00i024[lbproc=128, lbtim=122]",HadGEM3_GA7mon_mappings.cfg
m01s30i201,30,201,128,,,PLEV17,ua,GA7mon,False,2,m s-1,Internal,"m01s30i201[blev=PLEV17, lbproc=128]
/ m01s30i301[blev=PLEV17, lbproc=128]",HadGEM3_GA7mon_mappings.cfg
m01s30i301,30,301,128,,,PLEV17,ua,GA7mon,False,2,m s-1,Internal,"m01s30i201[blev=PLEV17, lbproc=128]
/ m01s30i301[blev=PLEV17, lbproc=128]",HadGEM3_GA7mon_mappings.cfg
m01s30i202,30,202,128,,,PLEV17,va,GA7mon,False,2,m s-1,Internal,"m01s30i202[blev=PLEV17, lbproc=128]
/ m01s30i301[blev=PLEV17, lbproc=128]",HadGEM3_GA7mon_mappings.cfg
m01s30i301,30,301,128,,,PLEV17,va,GA7mon,False,2,m s-1,Internal,"m01s30i202[blev=PLEV17, lbproc=128]
/ m01s30i301[blev=PLEV17, lbproc=128]",HadGEM3_GA7mon_mappings.cfg
m01s02i420,2,420,128,,,,rldcso3ref,GCAERmon,True,1,W m-2,embargoed,correct_multilevel_metadata(m01s02i420[lbproc=128]),HadGEM3_GCAERmon_mappings.cfg
m01s02i418,2,418,128,,,,rldo3ref,GCAERmon,True,1,W m-2,embargoed,correct_multilevel_metadata(m01s02i418[lbproc=128]),HadGEM3_GCAERmon_mappings.cfg
m01s02i420,2,420,128,1,,,rldscso3ref,GCAERmon,True,1,W m-2,embargoed,"m01s02i420[lblev=1, lbproc=128]",HadGEM3_GCAERmon_mappings.cfg
m01s02i418,2,418,128,1,,,rldso3ref,GCAERmon,True,1,W m-2,embargoed,"m01s02i418[lblev=1, lbproc=128]",HadGEM3_GCAERmon_mappings.cfg
m01s02i419,2,419,128,,,,rlucso3ref,GCAERmon,True,1,W m-2,embargoed,correct_multilevel_metadata(m01s02i419[lbproc=128]),HadGEM3_GCAERmon_mappings.cfg
m01s02i417,2,417,128,,,,rluo3ref,GCAERmon,True,1,W m-2,embargoed,correct_multilevel_metadata(m01s02i417[lbproc=128]),HadGEM3_GCAERmon_mappings.cfg
m01s02i419,2,419,128,1,,,rluscso3ref,GCAERmon,True,1,W m-2,embargoed,"m01s02i419[lblev=1, lbproc=128]",HadGEM3_GCAERmon_mappings.cfg
m01s02i417,2,417,128,1,,,rluso3ref,GCAERmon,True,1,W m-2,embargoed,"m01s02i417[lblev=1, lbproc=128]",HadGEM3_GCAERmon_mappings.cfg
m01s02i419,2,419,128,86,,,rlutcso3ref,GCAERmon,True,1,W m-2,embargoed,"m01s02i419[lblev=86, lbproc=128]",HadGEM3_GCAERmon_mappings.cfg
m01s02i417,2,417,128,86,,,rluto3ref,GCAERmon,True,1,W m-2,embargoed,"m01s02i417[lblev=86, lbproc=128]",HadGEM3_GCAERmon_mappings.cfg
m01s01i420,1,420,128,,,,rsdcso3ref,GCAERmon,True,1,W m-2,embargoed,correct_multilevel_metadata(m01s01i420[lbproc=128]),HadGEM3_GCAERmon_mappings.cfg
m01s01i418,1,418,128,,,,rsdo3ref,GCAERmon,True,1,W m-2,embargoed,correct_multilevel_metadata(m01s01i418[lbproc=128]),HadGEM3_GCAERmon_mappings.cfg
m01s01i420,1,420,128,1,,,rsdscso3ref,GCAERmon,True,1,W m-2,embargoed,"m01s01i420[lblev=1, lbproc=128]",HadGEM3_GCAERmon_mappings.cfg
m01s01i418,1,418,128,1,,,rsdso3ref,GCAERmon,True,1,W m-2,embargoed,"m01s01i418[lblev=1, lbproc=128]",HadGEM3_GCAERmon_mappings.cfg
m01s01i419,1,419,128,,,,rsucso3ref,GCAERmon,True,1,W m-2,embargoed,correct_multilevel_metadata(m01s01i419[lbproc=128]),HadGEM3_GCAERmon_mappings.cfg
m01s01i417,1,417,128,,,,rsuo3ref,GCAERmon,True,1,W m-2,embargoed,correct_multilevel_metadata(m01s01i417[lbproc=128]),HadGEM3_GCAERmon_mappings.cfg
m01s01i419,1,419,128,1,,,rsuscso3ref,GCAERmon,True,1,W m-2,embargoed,"m01s01i419[lblev=1, lbproc=128]",HadGEM3_GCAERmon_mappings.cfg
m01s01i417,1,417,128,1,,,rsuso3ref,GCAERmon,True,1,W m-2,embargoed,"m01s01i417[lblev=1, lbproc=128]",HadGEM3_GCAERmon_mappings.cfg
m01s01i419,1,419,128,86,,,rsutcso3ref,GCAERmon,True,1,W m-2,embargoed,"m01s01i419[lblev=86, lbproc=128]",HadGEM3_GCAERmon_mappings.cfg
m01s01i417,1,417,128,86,,,rsuto3ref,GCAERmon,True,1,W m-2,embargoed,"m01s01i417[lblev=86, lbproc=128]",HadGEM3_GCAERmon_mappings.cfg
m01s03i236,3,236,128,,,,tas,GCAmon6hr,True,1,K,ok,"m01s03i236[lbtim_ia=6, lbproc=128]",HadGEM3_GCAmon6hr_mappings.cfg
m01s30i205,30,205,128,,,PLEV19,hus,GCAmonUV,False,2,1,embargoed,"m01s30i205[blev=PLEV19, lbproc=128]
/ m01s30i301[blev=PLEV19, lbproc=128]",HadGEM3_GCAmonUV_mappings.cfg
m01s30i301,30,301,128,,,PLEV19,hus,GCAmonUV,False,2,1,embargoed,"m01s30i205[blev=PLEV19, lbproc=128]
/ m01s30i301[blev=PLEV19, lbproc=128]",HadGEM3_GCAmonUV_mappings.cfg
m01s30i208,30,208,128,,,PLEV19,wap,GCAmonUV,False,2,Pa s-1,embargoed,"m01s30i208[blev=PLEV19, lbproc=128]
/ m01s30i301[blev=PLEV19, lbproc=128]",HadGEM3_GCAmonUV_mappings.cfg
m01s30i301,30,301,128,,,PLEV19,wap,GCAmonUV,False,2,Pa s-1,embargoed,"m01s30i208[blev=PLEV19, lbproc=128]
/ m01s30i301[blev=PLEV19, lbproc=128]",HadGEM3_GCAmonUV_mappings.cfg
m01s08i578,8,578,128,,,,acabfIs,LImon,False,2,kg m-2 s-1,embargoed,"land_class_mean(m01s08i578[lbproc=128],
m01s03i317[lbproc=128],
land_class='ice')",HadGEM3_LImon_mappings.cfg
m01s03i317,3,317,128,,,,acabfIs,LImon,False,2,kg m-2 s-1,embargoed,"land_class_mean(m01s08i578[lbproc=128],
m01s03i317[lbproc=128],
land_class='ice')",HadGEM3_LImon_mappings.cfg
m01s03i330,3,330,128,,,,hflsIs,LImon,False,2,W m-2,embargoed,"land_class_mean(m01s03i330[lbproc=128],
m01s03i317[lbproc=128],
land_class='ice')",HadGEM3_LImon_mappings.cfg
m01s03i317,3,317,128,,,,hflsIs,LImon,False,2,W m-2,embargoed,"land_class_mean(m01s03i330[lbproc=128],
m01s03i317[lbproc=128],
land_class='ice')",HadGEM3_LImon_mappings.cfg
m01s03i290,3,290,128,,,,hfssIs,LImon,False,2,W m-2,embargoed,"land_class_mean(m01s03i290[lbproc=128],
m01s03i317[lbproc=128],
land_class='ice')",HadGEM3_LImon_mappings.cfg
m01s03i317,3,317,128,,,,hfssIs,LImon,False,2,W m-2,embargoed,"land_class_mean(m01s03i290[lbproc=128],
m01s03i317[lbproc=128],
land_class='ice')",HadGEM3_LImon_mappings.cfg
m01s08i225,8,225,128,,,,litemptopIs,LImon,False,2,K,embargoed,"land_class_mean(m01s08i225[lbproc=128],
m01s03i317[lbproc=128],
land_class='ice')",HadGEM3_LImon_mappings.cfg
m01s03i317,3,317,128,,,,litemptopIs,LImon,False,2,K,embargoed,"land_class_mean(m01s08i225[lbproc=128],
m01s03i317[lbproc=128],
land_class='ice')",HadGEM3_LImon_mappings.cfg
m01s08i583,8,583,128,,,,mrroIs,LImon,False,2,kg m-2 s-1,embargoed,"land_class_mean(m01s08i583[lbproc=128],
m01s03i317[lbproc=128],
land_class='ice')",HadGEM3_LImon_mappings.cfg
m01s03i317,3,317,128,,,,mrroIs,LImon,False,2,kg m-2 s-1,embargoed,"land_class_mean(m01s08i583[lbproc=128],
m01s03i317[lbproc=128],
land_class='ice')",HadGEM3_LImon_mappings.cfg
m01s03i384,3,384,128,,,,rldsIs,LImon,False,2,W m-2,embargoed,"land_class_mean(m01s03i384[lbproc=128],
m01s03i317[lbproc=128],
land_class='ice')",HadGEM3_LImon_mappings.cfg
m01s03i317,3,317,128,,,,rldsIs,LImon,False,2,W m-2,embargoed,"land_class_mean(m01s03i384[lbproc=128],
m01s03i317[lbproc=128],
land_class='ice')",HadGEM3_LImon_mappings.cfg
m01s03i383,3,383,128,,,,rlusIs,LImon,False,2,W m-2,embargoed,"land_class_mean(m01s03i383[lbproc=128],
m01s03i317[lbproc=128],
land_class='ice')",HadGEM3_LImon_mappings.cfg
m01s03i317,3,317,128,,,,rlusIs,LImon,False,2,W m-2,embargoed,"land_class_mean(m01s03i383[lbproc=128],
m01s03i317[lbproc=128],
land_class='ice')",HadGEM3_LImon_mappings.cfg
m01s03i331,3,331,128,,,,sblIs,LImon,False,2,kg m-2 s-1,embargoed,"land_class_mean(m01s03i331[lbproc=128],
m01s03i317[lbproc=128],
land_class='ice')",HadGEM3_LImon_mappings.cfg
m01s03i317,3,317,128,,,,sblIs,LImon,False,2,kg m-2 s-1,embargoed,"land_class_mean(m01s03i331[lbproc=128],
m01s03i317[lbproc=128],
land_class='ice')",HadGEM3_LImon_mappings.cfg
m01s03i317,3,317,128,,,,sftgif,LImon,False,2,%,embargoed,"land_class_area(m01s03i317[lbproc=128], m01s03i395[lbproc=128],
land_class='ice')",HadGEM3_LImon_mappings.cfg
m01s03i395,3,395,128,,,,sftgif,LImon,False,2,%,embargoed,"land_class_area(m01s03i317[lbproc=128], m01s03i395[lbproc=128],
land_class='ice')",HadGEM3_LImon_mappings.cfg
m01s08i580,8,580,128,,,,snicefreezIs,LImon,False,2,kg m-2 s-1,embargoed,"land_class_mean(m01s08i580[lbproc=128],
m01s03i317[lbproc=128],
land_class='ice')",HadGEM3_LImon_mappings.cfg
m01s03i317,3,317,128,,,,snicefreezIs,LImon,False,2,kg m-2 s-1,embargoed,"land_class_mean(m01s08i580[lbproc=128],
m01s03i317[lbproc=128],
land_class='ice')",HadGEM3_LImon_mappings.cfg
m01s08i579,8,579,128,,,,snicemIs,LImon,False,2,kg m-2 s-1,embargoed,"land_class_mean(m01s08i579[lbproc=128],
m01s03i317[lbproc=128],
land_class='ice')",HadGEM3_LImon_mappings.cfg
m01s03i317,3,317,128,,,,snicemIs,LImon,False,2,kg m-2 s-1,embargoed,"land_class_mean(m01s08i579[lbproc=128],
m01s03i317[lbproc=128],
land_class='ice')",HadGEM3_LImon_mappings.cfg
m01s08i579,8,579,128,,,,snmIs,LImon,False,2,kg m-2 s-1,embargoed,"land_class_mean(m01s08i579[lbproc=128],
m01s03i317[lbproc=128],
land_class='ice')",HadGEM3_LImon_mappings.cfg
m01s03i317,3,317,128,,,,snmIs,LImon,False,2,kg m-2 s-1,embargoed,"land_class_mean(m01s08i579[lbproc=128],
m01s03i317[lbproc=128],
land_class='ice')",HadGEM3_LImon_mappings.cfg
m01s03i328,3,328,128,,,,tasIs,LImon,False,2,K,embargoed,"land_class_mean(m01s03i328[lbproc=128],
m01s03i317[lbproc=128],
land_class='ice')",HadGEM3_LImon_mappings.cfg
m01s03i317,3,317,128,,,,tasIs,LImon,False,2,K,embargoed,"land_class_mean(m01s03i328[lbproc=128],
m01s03i317[lbproc=128],
land_class='ice')",HadGEM3_LImon_mappings.cfg
m01s03i316,3,316,128,,,,tsIs,LImon,False,2,K,embargoed,"land_class_mean(m01s03i316[lbproc=128],
m01s03i317[lbproc=128],
land_class='ice')",HadGEM3_LImon_mappings.cfg
m01s03i317,3,317,128,,,,tsIs,LImon,False,2,K,embargoed,"land_class_mean(m01s03i316[lbproc=128],
m01s03i317[lbproc=128],
land_class='ice')",HadGEM3_LImon_mappings.cfg
m01s00i033,0,33,128,,,,orog,LPmon,True,1,m,ok,m01s00i033[lbproc=128],HadGEM3_LPmon_mappings.cfg
m01s30i296,30,296,128,,,PLEV8,hur,day,False,2,%,ok,"m01s30i296[blev=PLEV8, lbproc=128]
/ m01s30i304[blev=PLEV8, lbproc=128]",HadGEM3_day_mappings.cfg
m01s30i304,30,304,128,,,PLEV8,hur,day,False,2,%,ok,"m01s30i296[blev=PLEV8, lbproc=128]
/ m01s30i304[blev=PLEV8, lbproc=128]",HadGEM3_day_mappings.cfg
m01s30i295,30,295,128,,,PLEV8,hus,day,False,2,1,ok,"m01s30i295[blev=PLEV8, lbproc=128]
/ m01s30i304[blev=PLEV8, lbproc=128]",HadGEM3_day_mappings.cfg
m01s30i304,30,304,128,,,PLEV8,hus,day,False,2,1,ok,"m01s30i295[blev=PLEV8, lbproc=128]
/ m01s30i304[blev=PLEV8, lbproc=128]",HadGEM3_day_mappings.cfg
m01s03i230,3,230,8192,,,,sfcWindmax,day,True,1,m s-1,ok,m01s03i230[lbproc=8192],HadGEM3_day_mappings.cfg
m01s30i294,30,294,128,,,PLEV8,ta,day,False,2,K,ok,"m01s30i294[blev=PLEV8, lbproc=128]
/ m01s30i304[blev=PLEV8, lbproc=128]",HadGEM3_day_mappings.cfg
m01s30i304,30,304,128,,,PLEV8,ta,day,False,2,K,ok,"m01s30i294[blev=PLEV8, lbproc=128]
/ m01s30i304[blev=PLEV8, lbproc=128]",HadGEM3_day_mappings.cfg
m01s03i236,3,236,8192,,,,tasmax,day,True,1,K,ok,m01s03i236[lbproc=8192],HadGEM3_day_mappings.cfg
m01s03i236,3,236,4096,,,,tasmin,day,True,1,K,ok,m01s03i236[lbproc=4096],HadGEM3_day_mappings.cfg
m01s30i201,30,201,128,,,P850,ua850,day,False,2,m s-1,embargoed,"m01s30i201[blev=P850, lbproc=128]
/ m01s30i301[blev=P850, lbproc=128]",HadGEM3_day_mappings.cfg
m01s30i301,30,301,128,,,P850,ua850,day,False,2,m s-1,embargoed,"m01s30i201[blev=P850, lbproc=128]
/ m01s30i301[blev=P850, lbproc=128]",HadGEM3_day_mappings.cfg
m01s30i201,30,201,128,,,PLEV8,ua,day,False,2,m s-1,ok,"m01s30i201[blev=PLEV8, lbproc=128]
/ m01s30i301[blev=PLEV8, lbproc=128]",HadGEM3_day_mappings.cfg
m01s30i301,30,301,128,,,PLEV8,ua,day,False,2,m s-1,ok,"m01s30i201[blev=PLEV8, lbproc=128]
/ m01s30i301[blev=PLEV8, lbproc=128]",HadGEM3_day_mappings.cfg
m01s30i202,30,202,128,,,PLEV8,va,day,False,2,m s-1,ok,"m01s30i202[blev=PLEV8, lbproc=128]
/ m01s30i301[blev=PLEV8, lbproc=128]",HadGEM3_day_mappings.cfg
m01s30i301,30,301,128,,,PLEV8,va,day,False,2,m s-1,ok,"m01s30i202[blev=PLEV8, lbproc=128]
/ m01s30i301[blev=PLEV8, lbproc=128]",HadGEM3_day_mappings.cfg
m01s30i298,30,298,128,,,PLEV8,wap,day,False,2,Pa s-1,ok,"m01s30i298[blev=PLEV8, lbproc=128]
/ m01s30i304[blev=PLEV8, lbproc=128]",HadGEM3_day_mappings.cfg
m01s30i304,30,304,128,,,PLEV8,wap,day,False,2,Pa s-1,ok,"m01s30i298[blev=PLEV8, lbproc=128]
/ m01s30i304[blev=PLEV8, lbproc=128]",HadGEM3_day_mappings.cfg
m01s30i297,30,297,128,,,PLEV8,zg,day,False,2,m,ok,"m01s30i297[blev=PLEV8, lbproc=128]
/ m01s30i304[blev=PLEV8, lbproc=128]",HadGEM3_day_mappings.cfg
m01s30i304,30,304,128,,,PLEV8,zg,day,False,2,m,ok,"m01s30i297[blev=PLEV8, lbproc=128]
/ m01s30i304[blev=PLEV8, lbproc=128]",HadGEM3_day_mappings.cfg
m01s02i240,2,240,128,,3,,abs550aer,AERmon,False,5,1,ok,"m01s02i240[lbplev=3, lbproc=128] + m01s02i241[lbplev=3, lbproc=128] + m01s02i242[lbplev=3, lbproc=128] + m01s02i243[lbplev=3, lbproc=128] + m01s02i585[lbplev=3, lbproc=128]",HadGEM3_mappings.cfg
m01s02i241,2,241,128,,3,,abs550aer,AERmon,False,5,1,ok,"m01s02i240[lbplev=3, lbproc=128] + m01s02i241[lbplev=3, lbproc=128] + m01s02i242[lbplev=3, lbproc=128] + m01s02i243[lbplev=3, lbproc=128] + m01s02i585[lbplev=3, lbproc=128]",HadGEM3_mappings.cfg
m01s02i242,2,242,128,,3,,abs550aer,AERmon,False,5,1,ok,"m01s02i240[lbplev=3, lbproc=128] + m01s02i241[lbplev=3, lbproc=128] + m01s02i242[lbplev=3, lbproc=128] + m01s02i243[lbplev=3, lbproc=128] + m01s02i585[lbplev=3, lbproc=128]",HadGEM3_mappings.cfg
m01s02i243,2,243,128,,3,,abs550aer,AERmon,False,5,1,ok,"m01s02i240[lbplev=3, lbproc=128] + m01s02i241[lbplev=3, lbproc=128] + m01s02i242[lbplev=3, lbproc=128] + m01s02i243[lbplev=3, lbproc=128] + m01s02i585[lbplev=3, lbproc=128]",HadGEM3_mappings.cfg
m01s02i585,2,585,128,,3,,abs550aer,AERmon,False,5,1,ok,"m01s02i240[lbplev=3, lbproc=128] + m01s02i241[lbplev=3, lbproc=128] + m01s02i242[lbplev=3, lbproc=128] + m01s02i243[lbplev=3, lbproc=128] + m01s02i585[lbplev=3, lbproc=128]",HadGEM3_mappings.cfg
m01s02i240,2,240,128,,3,,abs550aer,AEmon,False,5,1,ok,"m01s02i240[lbplev=3, lbproc=128] + m01s02i241[lbplev=3, lbproc=128] + m01s02i242[lbplev=3, lbproc=128] + m01s02i243[lbplev=3, lbproc=128] + m01s02i585[lbplev=3, lbproc=128]",HadGEM3_mappings.cfg
m01s02i241,2,241,128,,3,,abs550aer,AEmon,False,5,1,ok,"m01s02i240[lbplev=3, lbproc=128] + m01s02i241[lbplev=3, lbproc=128] + m01s02i242[lbplev=3, lbproc=128] + m01s02i243[lbplev=3, lbproc=128] + m01s02i585[lbplev=3, lbproc=128]",HadGEM3_mappings.cfg
m01s02i242,2,242,128,,3,,abs550aer,AEmon,False,5,1,ok,"m01s02i240[lbplev=3, lbproc=128] + m01s02i241[lbplev=3, lbproc=128] + m01s02i242[lbplev=3, lbproc=128] + m01s02i243[lbplev=3, lbproc=128] + m01s02i585[lbplev=3, lbproc=128]",HadGEM3_mappings.cfg
m01s02i243,2,243,128,,3,,abs550aer,AEmon,False,5,1,ok,"m01s02i240[lbplev=3, lbproc=128] + m01s02i241[lbplev=3, lbproc=128] + m01s02i242[lbplev=3, lbproc=128] + m01s02i243[lbplev=3, lbproc=128] + m01s02i585[lbplev=3, lbproc=128]",HadGEM3_mappings.cfg
m01s02i585,2,585,128,,3,,abs550aer,AEmon,False,5,1,ok,"m01s02i240[lbplev=3, lbproc=128] + m01s02i241[lbplev=3, lbproc=128] + m01s02i242[lbplev=3, lbproc=128] + m01s02i243[lbplev=3, lbproc=128] + m01s02i585[lbplev=3, lbproc=128]",HadGEM3_mappings.cfg
m01s01i508,1,508,0,,,,aerasymbnd,E3hrPt,False,4,1,ok,"combine_sw_lw(m01s01i508[lbproc=0] / m01s01i507[lbproc=0], m01s02i508[lbproc=0] / m01s02i507[lbproc=0], minval= '-1.0', maxval= '1.0')",HadGEM3_mappings.cfg
m01s01i507,1,507,0,,,,aerasymbnd,E3hrPt,False,4,1,ok,"combine_sw_lw(m01s01i508[lbproc=0] / m01s01i507[lbproc=0], m01s02i508[lbproc=0] / m01s02i507[lbproc=0], minval= '-1.0', maxval= '1.0')",HadGEM3_mappings.cfg
m01s02i508,2,508,0,,,,aerasymbnd,E3hrPt,False,4,1,ok,"combine_sw_lw(m01s01i508[lbproc=0] / m01s01i507[lbproc=0], m01s02i508[lbproc=0] / m01s02i507[lbproc=0], minval= '-1.0', maxval= '1.0')",HadGEM3_mappings.cfg
m01s02i507,2,507,0,,,,aerasymbnd,E3hrPt,False,4,1,ok,"combine_sw_lw(m01s01i508[lbproc=0] / m01s01i507[lbproc=0], m01s02i508[lbproc=0] / m01s02i507[lbproc=0], minval= '-1.0', maxval= '1.0')",HadGEM3_mappings.cfg
m01s01i508,1,508,0,,,,aerasymbnd,AP3hrPtLev,False,4,1,ok,"combine_sw_lw(m01s01i508[lbproc=0] / m01s01i507[lbproc=0], m01s02i508[lbproc=0] / m01s02i507[lbproc=0], minval= '-1.0', maxval= '1.0')",HadGEM3_mappings.cfg
m01s01i507,1,507,0,,,,aerasymbnd,AP3hrPtLev,False,4,1,ok,"combine_sw_lw(m01s01i508[lbproc=0] / m01s01i507[lbproc=0], m01s02i508[lbproc=0] / m01s02i507[lbproc=0], minval= '-1.0', maxval= '1.0')",HadGEM3_mappings.cfg
m01s02i508,2,508,0,,,,aerasymbnd,AP3hrPtLev,False,4,1,ok,"combine_sw_lw(m01s01i508[lbproc=0] / m01s01i507[lbproc=0], m01s02i508[lbproc=0] / m01s02i507[lbproc=0], minval= '-1.0', maxval= '1.0')",HadGEM3_mappings.cfg
m01s02i507,2,507,0,,,,aerasymbnd,AP3hrPtLev,False,4,1,ok,"combine_sw_lw(m01s01i508[lbproc=0] / m01s01i507[lbproc=0], m01s02i508[lbproc=0] / m01s02i507[lbproc=0], minval= '-1.0', maxval= '1.0')",HadGEM3_mappings.cfg
m01s01i506,1,506,0,,,,aeroptbnd,E3hrPt,False,3,1,ok,"combine_sw_lw(m01s01i506[lbproc=0], m01s02i506[lbproc=0], swmask= m01s01i200[lbproc=0], minval= '0', maxval= '10')",HadGEM3_mappings.cfg
m01s02i506,2,506,0,,,,aeroptbnd,E3hrPt,False,3,1,ok,"combine_sw_lw(m01s01i506[lbproc=0], m01s02i506[lbproc=0], swmask= m01s01i200[lbproc=0], minval= '0', maxval= '10')",HadGEM3_mappings.cfg
m01s01i200,1,200,0,,,,aeroptbnd,E3hrPt,False,3,1,ok,"combine_sw_lw(m01s01i506[lbproc=0], m01s02i506[lbproc=0], swmask= m01s01i200[lbproc=0], minval= '0', maxval= '10')",HadGEM3_mappings.cfg
m01s01i506,1,506,0,,,,aeroptbnd,AP3hrPtLev,False,3,1,ok,"combine_sw_lw(m01s01i506[lbproc=0], m01s02i506[lbproc=0], swmask= m01s01i200[lbproc=0], minval= '0', maxval= '10')",HadGEM3_mappings.cfg
m01s02i506,2,506,0,,,,aeroptbnd,AP3hrPtLev,False,3,1,ok,"combine_sw_lw(m01s01i506[lbproc=0], m01s02i506[lbproc=0], swmask= m01s01i200[lbproc=0], minval= '0', maxval= '10')",HadGEM3_mappings.cfg
m01s01i200,1,200,0,,,,aeroptbnd,AP3hrPtLev,False,3,1,ok,"combine_sw_lw(m01s01i506[lbproc=0], m01s02i506[lbproc=0], swmask= m01s01i200[lbproc=0], minval= '0', maxval= '10')",HadGEM3_mappings.cfg
m01s01i507,1,507,0,,,,aerssabnd,E3hrPt,False,4,1,ok,"combine_sw_lw(m01s01i507[lbproc=0] / m01s01i506[lbproc=0], m01s02i507[lbproc=0] / m01s02i506[lbproc=0], minval='0.0', maxval='1.0')",HadGEM3_mappings.cfg
m01s01i506,1,506,0,,,,aerssabnd,E3hrPt,False,4,1,ok,"combine_sw_lw(m01s01i507[lbproc=0] / m01s01i506[lbproc=0], m01s02i507[lbproc=0] / m01s02i506[lbproc=0], minval='0.0', maxval='1.0')",HadGEM3_mappings.cfg
m01s02i507,2,507,0,,,,aerssabnd,E3hrPt,False,4,1,ok,"combine_sw_lw(m01s01i507[lbproc=0] / m01s01i506[lbproc=0], m01s02i507[lbproc=0] / m01s02i506[lbproc=0], minval='0.0', maxval='1.0')",HadGEM3_mappings.cfg
m01s02i506,2,506,0,,,,aerssabnd,E3hrPt,False,4,1,ok,"combine_sw_lw(m01s01i507[lbproc=0] / m01s01i506[lbproc=0], m01s02i507[lbproc=0] / m01s02i506[lbproc=0], minval='0.0', maxval='1.0')",HadGEM3_mappings.cfg
m01s01i507,1,507,0,,,,aerssabnd,AP3hrPtLev,False,4,1,ok,"combine_sw_lw(m01s01i507[lbproc=0] / m01s01i506[lbproc=0], m01s02i507[lbproc=0] / m01s02i506[lbproc=0], minval='0.0', maxval='1.0')",HadGEM3_mappings.cfg
m01s01i506,1,506,0,,,,aerssabnd,AP3hrPtLev,False,4,1,ok,"combine_sw_lw(m01s01i507[lbproc=0] / m01s01i506[lbproc=0], m01s02i507[lbproc=0] / m01s02i506[lbproc=0], minval='0.0', maxval='1.0')",HadGEM3_mappings.cfg
m01s02i507,2,507,0,,,,aerssabnd,AP3hrPtLev,False,4,1,ok,"combine_sw_lw(m01s01i507[lbproc=0] / m01s01i506[lbproc=0], m01s02i507[lbproc=0] / m01s02i506[lbproc=0], minval='0.0', maxval='1.0')",HadGEM3_mappings.cfg
m01s02i506,2,506,0,,,,aerssabnd,AP3hrPtLev,False,4,1,ok,"combine_sw_lw(m01s01i507[lbproc=0] / m01s01i506[lbproc=0], m01s02i507[lbproc=0] / m01s02i506[lbproc=0], minval='0.0', maxval='1.0')",HadGEM3_mappings.cfg
m01s50i063,50,63,128,,,,airmass,AERmon,True,1,kg m-2,ok,div_by_area(m01s50i063[lbproc=128]),HadGEM3_mappings.cfg
m01s50i063,50,63,128,,,,airmass,AEmonLev,True,1,kg m-2,ok,div_by_area(m01s50i063[lbproc=128]),HadGEM3_mappings.cfg
m01s01i269,1,269,0,,,,albdiffbnd,E3hrPt,True,1,1,embargoed,m01s01i269[lbproc=0],HadGEM3_mappings.cfg
m01s01i269,1,269,0,,,,albdiffbnd,AP3hrPt,True,1,1,embargoed,m01s01i269[lbproc=0],HadGEM3_mappings.cfg
m01s01i268,1,268,0,,,,albdirbnd,E3hrPt,True,1,1,embargoed,m01s01i268[lbproc=0],HadGEM3_mappings.cfg
m01s01i268,1,268,0,,,,albdirbnd,AP3hrPt,True,1,1,embargoed,m01s01i268[lbproc=0],HadGEM3_mappings.cfg
m01s02i331,2,331,128,,,,albisccp,CFmon,False,2,1,ok,"fix_packing_division(m01s02i331[lbproc=128], m01s02i334[lbproc=128])",HadGEM3_mappings.cfg
m01s02i334,2,334,128,,,,albisccp,CFmon,False,2,1,ok,"fix_packing_division(m01s02i331[lbproc=128], m01s02i334[lbproc=128])",HadGEM3_mappings.cfg
m01s02i331,2,331,128,,,,albisccp,CFday,False,2,1,ok,"fix_packing_division(m01s02i331[lbproc=128], m01s02i334[lbproc=128])",HadGEM3_mappings.cfg
m01s02i334,2,334,128,,,,albisccp,CFday,False,2,1,ok,"fix_packing_division(m01s02i331[lbproc=128], m01s02i334[lbproc=128])",HadGEM3_mappings.cfg
m01s02i331,2,331,128,,,,albisccp,APmon,False,2,1,ok,"fix_packing_division(m01s02i331[lbproc=128], m01s02i334[lbproc=128])",HadGEM3_mappings.cfg
m01s02i334,2,334,128,,,,albisccp,APmon,False,2,1,ok,"fix_packing_division(m01s02i331[lbproc=128], m01s02i334[lbproc=128])",HadGEM3_mappings.cfg
m01s02i331,2,331,128,,,,albisccp,APday,False,2,1,ok,"fix_packing_division(m01s02i331[lbproc=128], m01s02i334[lbproc=128])",HadGEM3_mappings.cfg
m01s02i334,2,334,128,,,,albisccp,APday,False,2,1,ok,"fix_packing_division(m01s02i331[lbproc=128], m01s02i334[lbproc=128])",HadGEM3_mappings.cfg
m01s00i505,0,505,,,,,areacella,fx,True,1,m2,ok,areacella(m01s00i505),HadGEM3_mappings.cfg
m01s00i505,0,505,,,,,areacella,APfx,True,1,m2,ok,areacella(m01s00i505),HadGEM3_mappings.cfg
m01s03i054,3,54,128,,,,ares,Eday,True,1,s m-1,ok,m01s03i054[lbproc=128],HadGEM3_mappings.cfg
m01s03i054,3,54,128,,,,ares,LPday,True,1,s m-1,ok,m01s03i054[lbproc=128],HadGEM3_mappings.cfg
m01s03i317,3,317,128,,,,baresoilFrac,Lmon,False,2,%,ok,"land_class_area(m01s03i317[lbproc=128], m01s03i395[lbproc=128],
land_class='bareSoil')",HadGEM3_mappings.cfg
m01s03i395,3,395,128,,,,baresoilFrac,Lmon,False,2,%,ok,"land_class_area(m01s03i317[lbproc=128], m01s03i395[lbproc=128],
land_class='bareSoil')",HadGEM3_mappings.cfg
m01s03i317,3,317,128,,,,baresoilFrac,LPmon,False,2,%,ok,"land_class_area(m01s03i317[lbproc=128], m01s03i395[lbproc=128],
land_class='bareSoil')",HadGEM3_mappings.cfg
m01s03i395,3,395,128,,,,baresoilFrac,LPmon,False,2,%,ok,"land_class_area(m01s03i317[lbproc=128], m01s03i395[lbproc=128],
land_class='bareSoil')",HadGEM3_mappings.cfg
m01s03i304,3,304,128,,,,bldep,AERmon,True,1,m,ok,m01s03i304[lbproc=128],HadGEM3_mappings.cfg
m01s03i304,3,304,128,,,,bldep,6hrPlev,True,1,m,ok,m01s03i304[lbproc=128],HadGEM3_mappings.cfg
m01s03i304,3,304,128,,,,bldep,AEmon,True,1,m,ok,m01s03i304[lbproc=128],HadGEM3_mappings.cfg
m01s03i304,3,304,128,,,,bldep,AE6hr,True,1,m,ok,m01s03i304[lbproc=128],HadGEM3_mappings.cfg
m01s51i045,51,45,192,,,PLEV39,bry,AERmonZ,False,7,mol mol-1,ok,"MOLECULAR_MASS_OF_AIR * ((m01s51i045[blev=PLEV39, lbproc=192] / MOLECULAR_MASS_OF_BROMINE) + (m01s51i047[blev=PLEV39, lbproc=192] / MOLECULAR_MASS_OF_BRCL) + (m01s51i048[blev=PLEV39, lbproc=192] / MOLECULAR_MASS_OF_BRONO2) + (m01s51i052[blev=PLEV39, lbproc=192] / MOLECULAR_MASS_OF_HBR) + (m01s51i053[blev=PLEV39, lbproc=192] / MOLECULAR_MASS_OF_HOBR) + (m01s51i994[blev=PLEV39, lbproc=192] / MOLECULAR_MASS_OF_BRO)) / m01s51i999[blev=PLEV39, lbproc=192]",HadGEM3_mappings.cfg
m01s51i047,51,47,192,,,PLEV39,bry,AERmonZ,False,7,mol mol-1,ok,"MOLECULAR_MASS_OF_AIR * ((m01s51i045[blev=PLEV39, lbproc=192] / MOLECULAR_MASS_OF_BROMINE) + (m01s51i047[blev=PLEV39, lbproc=192] / MOLECULAR_MASS_OF_BRCL) + (m01s51i048[blev=PLEV39, lbproc=192] / MOLECULAR_MASS_OF_BRONO2) + (m01s51i052[blev=PLEV39, lbproc=192] / MOLECULAR_MASS_OF_HBR) + (m01s51i053[blev=PLEV39, lbproc=192] / MOLECULAR_MASS_OF_HOBR) + (m01s51i994[blev=PLEV39, lbproc=192] / MOLECULAR_MASS_OF_BRO)) / m01s51i999[blev=PLEV39, lbproc=192]",HadGEM3_mappings.cfg
m01s51i048,51,48,192,,,PLEV39,bry,AERmonZ,False,7,mol mol-1,ok,"MOLECULAR_MASS_OF_AIR * ((m01s51i045[blev=PLEV39, lbproc=192] / MOLECULAR_MASS_OF_BROMINE) + (m01s51i047[blev=PLEV39, lbproc=192] / MOLECULAR_MASS_OF_BRCL) + (m01s51i048[blev=PLEV39, lbproc=192] / MOLECULAR_MASS_OF_BRONO2) + (m01s51i052[blev=PLEV39, lbproc=192] / MOLECULAR_MASS_OF_HBR) + (m01s51i053[blev=PLEV39, lbproc=192] / MOLECULAR_MASS_OF_HOBR) + (m01s51i994[blev=PLEV39, lbproc=192] / MOLECULAR_MASS_OF_BRO)) / m01s51i999[blev=PLEV39, lbproc=192]",HadGEM3_mappings.cfg
m01s51i052,51,52,192,,,PLEV39,bry,AERmonZ,False,7,mol mol-1,ok,"MOLECULAR_MASS_OF_AIR * ((m01s51i045[blev=PLEV39, lbproc=192] / MOLECULAR_MASS_OF_BROMINE) + (m01s51i047[blev=PLEV39, lbproc=192] / MOLECULAR_MASS_OF_BRCL) + (m01s51i048[blev=PLEV39, lbproc=192] / MOLECULAR_MASS_OF_BRONO2) + (m01s51i052[blev=PLEV39, lbproc=192] / MOLECULAR_MASS_OF_HBR) + (m01s51i053[blev=PLEV39, lbproc=192] / MOLECULAR_MASS_OF_HOBR) + (m01s51i994[blev=PLEV39, lbproc=192] / MOLECULAR_MASS_OF_BRO)) / m01s51i999[blev=PLEV39, lbproc=192]",HadGEM3_mappings.cfg
m01s51i053,51,53,192,,,PLEV39,bry,AERmonZ,False,7,mol mol-1,ok,"MOLECULAR_MASS_OF_AIR * ((m01s51i045[blev=PLEV39, lbproc=192] / MOLECULAR_MASS_OF_BROMINE) + (m01s51i047[blev=PLEV39, lbproc=192] / MOLECULAR_MASS_OF_BRCL) + (m01s51i048[blev=PLEV39, lbproc=192] / MOLECULAR_MASS_OF_BRONO2) + (m01s51i052[blev=PLEV39, lbproc=192] / MOLECULAR_MASS_OF_HBR) + (m01s51i053[blev=PLEV39, lbproc=192] / MOLECULAR_MASS_OF_HOBR) + (m01s51i994[blev=PLEV39, lbproc=192] / MOLECULAR_MASS_OF_BRO)) / m01s51i999[blev=PLEV39, lbproc=192]",HadGEM3_mappings.cfg
m01s51i994,51,994,192,,,PLEV39,bry,AERmonZ,False,7,mol mol-1,ok,"MOLECULAR_MASS_OF_AIR * ((m01s51i045[blev=PLEV39, lbproc=192] / MOLECULAR_MASS_OF_BROMINE) + (m01s51i047[blev=PLEV39, lbproc=192] / MOLECULAR_MASS_OF_BRCL) + (m01s51i048[blev=PLEV39, lbproc=192] / MOLECULAR_MASS_OF_BRONO2) + (m01s51i052[blev=PLEV39, lbproc=192] / MOLECULAR_MASS_OF_HBR) + (m01s51i053[blev=PLEV39, lbproc=192] / MOLECULAR_MASS_OF_HOBR) + (m01s51i994[blev=PLEV39, lbproc=192] / MOLECULAR_MASS_OF_BRO)) / m01s51i999[blev=PLEV39, lbproc=192]",HadGEM3_mappings.cfg
m01s51i999,51,999,192,,,PLEV39,bry,AERmonZ,False,7,mol mol-1,ok,"MOLECULAR_MASS_OF_AIR * ((m01s51i045[blev=PLEV39, lbproc=192] / MOLECULAR_MASS_OF_BROMINE) + (m01s51i047[blev=PLEV39, lbproc=192] / MOLECULAR_MASS_OF_BRCL) + (m01s51i048[blev=PLEV39, lbproc=192] / MOLECULAR_MASS_OF_BRONO2) + (m01s51i052[blev=PLEV39, lbproc=192] / MOLECULAR_MASS_OF_HBR) + (m01s51i053[blev=PLEV39, lbproc=192] / MOLECULAR_MASS_OF_HOBR) + (m01s51i994[blev=PLEV39, lbproc=192] / MOLECULAR_MASS_OF_BRO)) / m01s51i999[blev=PLEV39, lbproc=192]",HadGEM3_mappings.cfg
m01s51i045,51,45,192,,,PLEV39,bry,AEmonZ,False,7,mol mol-1,ok,"MOLECULAR_MASS_OF_AIR * ((m01s51i045[blev=PLEV39, lbproc=192] / MOLECULAR_MASS_OF_BROMINE) + (m01s51i047[blev=PLEV39, lbproc=192] / MOLECULAR_MASS_OF_BRCL) + (m01s51i048[blev=PLEV39, lbproc=192] / MOLECULAR_MASS_OF_BRONO2) + (m01s51i052[blev=PLEV39, lbproc=192] / MOLECULAR_MASS_OF_HBR) + (m01s51i053[blev=PLEV39, lbproc=192] / MOLECULAR_MASS_OF_HOBR) + (m01s51i994[blev=PLEV39, lbproc=192] / MOLECULAR_MASS_OF_BRO)) / m01s51i999[blev=PLEV39, lbproc=192]",HadGEM3_mappings.cfg
m01s51i047,51,47,192,,,PLEV39,bry,AEmonZ,False,7,mol mol-1,ok,"MOLECULAR_MASS_OF_AIR * ((m01s51i045[blev=PLEV39, lbproc=192] / MOLECULAR_MASS_OF_BROMINE) + (m01s51i047[blev=PLEV39, lbproc=192] / MOLECULAR_MASS_OF_BRCL) + (m01s51i048[blev=PLEV39, lbproc=192] / MOLECULAR_MASS_OF_BRONO2) + (m01s51i052[blev=PLEV39, lbproc=192] / MOLECULAR_MASS_OF_HBR) + (m01s51i053[blev=PLEV39, lbproc=192] / MOLECULAR_MASS_OF_HOBR) + (m01s51i994[blev=PLEV39, lbproc=192] / MOLECULAR_MASS_OF_BRO)) / m01s51i999[blev=PLEV39, lbproc=192]",HadGEM3_mappings.cfg
m01s51i048,51,48,192,,,PLEV39,bry,AEmonZ,False,7,mol mol-1,ok,"MOLECULAR_MASS_OF_AIR * ((m01s51i045[blev=PLEV39, lbproc=192] / MOLECULAR_MASS_OF_BROMINE) + (m01s51i047[blev=PLEV39, lbproc=192] / MOLECULAR_MASS_OF_BRCL) + (m01s51i048[blev=PLEV39, lbproc=192] / MOLECULAR_MASS_OF_BRONO2) + (m01s51i052[blev=PLEV39, lbproc=192] / MOLECULAR_MASS_OF_HBR) + (m01s51i053[blev=PLEV39, lbproc=192] / MOLECULAR_MASS_OF_HOBR) + (m01s51i994[blev=PLEV39, lbproc=192] / MOLECULAR_MASS_OF_BRO)) / m01s51i999[blev=PLEV39, lbproc=192]",HadGEM3_mappings.cfg
m01s51i052,51,52,192,,,PLEV39,bry,AEmonZ,False,7,mol mol-1,ok,"MOLECULAR_MASS_OF_AIR * ((m01s51i045[blev=PLEV39, lbproc=192] / MOLECULAR_MASS_OF_BROMINE) + (m01s51i047[blev=PLEV39, lbproc=192] / MOLECULAR_MASS_OF_BRCL) + (m01s51i048[blev=PLEV39, lbproc=192] / MOLECULAR_MASS_OF_BRONO2) + (m01s51i052[blev=PLEV39, lbproc=192] / MOLECULAR_MASS_OF_HBR) + (m01s51i053[blev=PLEV39, lbproc=192] / MOLECULAR_MASS_OF_HOBR) + (m01s51i994[blev=PLEV39, lbproc=192] / MOLECULAR_MASS_OF_BRO)) / m01s51i999[blev=PLEV39, lbproc=192]",HadGEM3_mappings.cfg
m01s51i053,51,53,192,,,PLEV39,bry,AEmonZ,False,7,mol mol-1,ok,"MOLECULAR_MASS_OF_AIR * ((m01s51i045[blev=PLEV39, lbproc=192] / MOLECULAR_MASS_OF_BROMINE) + (m01s51i047[blev=PLEV39, lbproc=192] / MOLECULAR_MASS_OF_BRCL) + (m01s51i048[blev=PLEV39, lbproc=192] / MOLECULAR_MASS_OF_BRONO2) + (m01s51i052[blev=PLEV39, lbproc=192] / MOLECULAR_MASS_OF_HBR) + (m01s51i053[blev=PLEV39, lbproc=192] / MOLECULAR_MASS_OF_HOBR) + (m01s51i994[blev=PLEV39, lbproc=192] / MOLECULAR_MASS_OF_BRO)) / m01s51i999[blev=PLEV39, lbproc=192]",HadGEM3_mappings.cfg
m01s51i994,51,994,192,,,PLEV39,bry,AEmonZ,False,7,mol mol-1,ok,"MOLECULAR_MASS_OF_AIR * ((m01s51i045[blev=PLEV39, lbproc=192] / MOLECULAR_MASS_OF_BROMINE) + (m01s51i047[blev=PLEV39, lbproc=192] / MOLECULAR_MASS_OF_BRCL) + (m01s51i048[blev=PLEV39, lbproc=192] / MOLECULAR_MASS_OF_BRONO2) + (m01s51i052[blev=PLEV39, lbproc=192] / MOLECULAR_MASS_OF_HBR) + (m01s51i053[blev=PLEV39, lbproc=192] / MOLECULAR_MASS_OF_HOBR) + (m01s51i994[blev=PLEV39, lbproc=192] / MOLECULAR_MASS_OF_BRO)) / m01s51i999[blev=PLEV39, lbproc=192]",HadGEM3_mappings.cfg
m01s51i999,51,999,192,,,PLEV39,bry,AEmonZ,False,7,mol mol-1,ok,"MOLECULAR_MASS_OF_AIR * ((m01s51i045[blev=PLEV39, lbproc=192] / MOLECULAR_MASS_OF_BROMINE) + (m01s51i047[blev=PLEV39, lbproc=192] / MOLECULAR_MASS_OF_BRCL) + (m01s51i048[blev=PLEV39, lbproc=192] / MOLECULAR_MASS_OF_BRONO2) + (m01s51i052[blev=PLEV39, lbproc=192] / MOLECULAR_MASS_OF_HBR) + (m01s51i053[blev=PLEV39, lbproc=192] / MOLECULAR_MASS_OF_HOBR) + (m01s51i994[blev=PLEV39, lbproc=192] / MOLECULAR_MASS_OF_BRO)) / m01s51i999[blev=PLEV39, lbproc=192]",HadGEM3_mappings.cfg
m01s34i014,34,14,128,,,,c2h6,AERmon,True,1,mol mol-1,ok,(MOLECULAR_MASS_OF_AIR / MOLECULAR_MASS_OF_C2H6) * m01s34i014[lbproc=128],HadGEM3_mappings.cfg
m01s34i014,34,14,128,,,,c2h6,AEmonLev,True,1,mol mol-1,ok,(MOLECULAR_MASS_OF_AIR / MOLECULAR_MASS_OF_C2H6) * m01s34i014[lbproc=128],HadGEM3_mappings.cfg
m01s03i317,3,317,128,,,,c3PftFrac,Lmon,False,2,%,ok,"land_class_area(m01s03i317[lbproc=128], m01s03i395[lbproc=128],
land_class='c3')",HadGEM3_mappings.cfg
m01s03i395,3,395,128,,,,c3PftFrac,Lmon,False,2,%,ok,"land_class_area(m01s03i317[lbproc=128], m01s03i395[lbproc=128],
land_class='c3')",HadGEM3_mappings.cfg
m01s03i317,3,317,128,,,,c3PftFrac,LPmon,False,2,%,ok,"land_class_area(m01s03i317[lbproc=128], m01s03i395[lbproc=128],
land_class='c3')",HadGEM3_mappings.cfg
m01s03i395,3,395,128,,,,c3PftFrac,LPmon,False,2,%,ok,"land_class_area(m01s03i317[lbproc=128], m01s03i395[lbproc=128],
land_class='c3')",HadGEM3_mappings.cfg
m01s34i018,34,18,128,,,,c3h8,AERmon,True,1,mol mol-1,ok,(MOLECULAR_MASS_OF_AIR / MOLECULAR_MASS_OF_C3H8) * m01s34i018[lbproc=128],HadGEM3_mappings.cfg
m01s34i018,34,18,128,,,,c3h8,AEmonLev,True,1,mol mol-1,ok,(MOLECULAR_MASS_OF_AIR / MOLECULAR_MASS_OF_C3H8) * m01s34i018[lbproc=128],HadGEM3_mappings.cfg
m01s03i317,3,317,128,,,,c4PftFrac,Lmon,False,2,%,ok,"land_class_area(m01s03i317[lbproc=128], m01s03i395[lbproc=128],
land_class='c4')",HadGEM3_mappings.cfg
m01s03i395,3,395,128,,,,c4PftFrac,Lmon,False,2,%,ok,"land_class_area(m01s03i317[lbproc=128], m01s03i395[lbproc=128],
land_class='c4')",HadGEM3_mappings.cfg
m01s03i317,3,317,128,,,,c4PftFrac,LPmon,False,2,%,ok,"land_class_area(m01s03i317[lbproc=128], m01s03i395[lbproc=128],
land_class='c4')",HadGEM3_mappings.cfg
m01s03i395,3,395,128,,,,c4PftFrac,LPmon,False,2,%,ok,"land_class_area(m01s03i317[lbproc=128], m01s03i395[lbproc=128],
land_class='c4')",HadGEM3_mappings.cfg
m01s01i298,1,298,128,,,,ccldncl,Eday,False,4,cm-3,ok,"mask_using_cube(m01s01i298[lbproc=128] / m01s01i299[lbproc=128], m01s02i395[lbproc=128] + m01s02i396[lbproc=128])",HadGEM3_mappings.cfg
m01s01i299,1,299,128,,,,ccldncl,Eday,False,4,cm-3,ok,"mask_using_cube(m01s01i298[lbproc=128] / m01s01i299[lbproc=128], m01s02i395[lbproc=128] + m01s02i396[lbproc=128])",HadGEM3_mappings.cfg
m01s02i395,2,395,128,,,,ccldncl,Eday,False,4,cm-3,ok,"mask_using_cube(m01s01i298[lbproc=128] / m01s01i299[lbproc=128], m01s02i395[lbproc=128] + m01s02i396[lbproc=128])",HadGEM3_mappings.cfg
m01s02i396,2,396,128,,,,ccldncl,Eday,False,4,cm-3,ok,"mask_using_cube(m01s01i298[lbproc=128] / m01s01i299[lbproc=128], m01s02i395[lbproc=128] + m01s02i396[lbproc=128])",HadGEM3_mappings.cfg
m01s01i298,1,298,128,,,,ccldncl,APday,False,4,cm-3,ok,"mask_using_cube(m01s01i298[lbproc=128] / m01s01i299[lbproc=128], m01s02i395[lbproc=128] + m01s02i396[lbproc=128])",HadGEM3_mappings.cfg
m01s01i299,1,299,128,,,,ccldncl,APday,False,4,cm-3,ok,"mask_using_cube(m01s01i298[lbproc=128] / m01s01i299[lbproc=128], m01s02i395[lbproc=128] + m01s02i396[lbproc=128])",HadGEM3_mappings.cfg
m01s02i395,2,395,128,,,,ccldncl,APday,False,4,cm-3,ok,"mask_using_cube(m01s01i298[lbproc=128] / m01s01i299[lbproc=128], m01s02i395[lbproc=128] + m01s02i396[lbproc=128])",HadGEM3_mappings.cfg
m01s02i396,2,396,128,,,,ccldncl,APday,False,4,cm-3,ok,"mask_using_cube(m01s01i298[lbproc=128] / m01s01i299[lbproc=128], m01s02i395[lbproc=128] + m01s02i396[lbproc=128])",HadGEM3_mappings.cfg
m01s01i241,1,241,128,,,,cdnc,AERmon,False,2,cm-3,ok,m01s01i241[lbproc=128] / m01s01i223[lbproc=128],HadGEM3_mappings.cfg
m01s01i223,1,223,128,,,,cdnc,AERmon,False,2,cm-3,ok,m01s01i241[lbproc=128] / m01s01i223[lbproc=128],HadGEM3_mappings.cfg
m01s01i241,1,241,128,,,,cdnc,AEmonLev,False,2,cm-3,ok,m01s01i241[lbproc=128] / m01s01i223[lbproc=128],HadGEM3_mappings.cfg
m01s01i223,1,223,128,,,,cdnc,AEmonLev,False,2,cm-3,ok,m01s01i241[lbproc=128] / m01s01i223[lbproc=128],HadGEM3_mappings.cfg
m01s02i372,2,372,128,,,,cfadDbze94,Emon,True,1,1,ok,m01s02i372[lbproc=128],HadGEM3_mappings.cfg
m01s02i372,2,372,128,,,,cfadDbze94,APmon,True,1,1,ok,m01s02i372[lbproc=128],HadGEM3_mappings.cfg
m01s02i370,2,370,128,,,,cfadLidarsr532,Emon,True,1,1,ok,m01s02i370[lbproc=128],HadGEM3_mappings.cfg
m01s02i370,2,370,128,,,,cfadLidarsr532,APmon,True,1,1,ok,m01s02i370[lbproc=128],HadGEM3_mappings.cfg
m01s50i063,50,63,128,,,,cfc11global,Amon,False,2,1,ok,"mmr2molefrac(m01s50i063[lbproc=128], m01s34i055[lbproc=128], MOLECULAR_MASS_OF_CFC11)",HadGEM3_mappings.cfg
m01s34i055,34,55,128,,,,cfc11global,Amon,False,2,1,ok,"mmr2molefrac(m01s50i063[lbproc=128], m01s34i055[lbproc=128], MOLECULAR_MASS_OF_CFC11)",HadGEM3_mappings.cfg
m01s50i063,50,63,128,,,,cfc11global,APmon,False,2,1,ok,"mmr2molefrac(m01s50i063[lbproc=128], m01s34i055[lbproc=128], MOLECULAR_MASS_OF_CFC11)",HadGEM3_mappings.cfg
m01s34i055,34,55,128,,,,cfc11global,APmon,False,2,1,ok,"mmr2molefrac(m01s50i063[lbproc=128], m01s34i055[lbproc=128], MOLECULAR_MASS_OF_CFC11)",HadGEM3_mappings.cfg
m01s50i063,50,63,128,,,,cfc12global,Amon,False,2,1,ok,"mmr2molefrac(m01s50i063[lbproc=128], m01s34i056[lbproc=128], MOLECULAR_MASS_OF_CFC12)",HadGEM3_mappings.cfg
m01s34i056,34,56,128,,,,cfc12global,Amon,False,2,1,ok,"mmr2molefrac(m01s50i063[lbproc=128], m01s34i056[lbproc=128], MOLECULAR_MASS_OF_CFC12)",HadGEM3_mappings.cfg
m01s50i063,50,63,128,,,,cfc12global,APmon,False,2,1,ok,"mmr2molefrac(m01s50i063[lbproc=128], m01s34i056[lbproc=128], MOLECULAR_MASS_OF_CFC12)",HadGEM3_mappings.cfg
m01s34i056,34,56,128,,,,cfc12global,APmon,False,2,1,ok,"mmr2molefrac(m01s50i063[lbproc=128], m01s34i056[lbproc=128], MOLECULAR_MASS_OF_CFC12)",HadGEM3_mappings.cfg
m01s34i022,34,22,128,,,,ch3coch3,AERmon,True,1,mol mol-1,ok,(MOLECULAR_MASS_OF_AIR / MOLECULAR_MASS_OF_CH3COCH3) * m01s34i022[lbproc=128],HadGEM3_mappings.cfg
m01s34i022,34,22,128,,,,ch3coch3,AEmonLev,True,1,mol mol-1,ok,(MOLECULAR_MASS_OF_AIR / MOLECULAR_MASS_OF_CH3COCH3) * m01s34i022[lbproc=128],HadGEM3_mappings.cfg
m01s51i009,51,9,128,,,PLEV19,ch4,Amon,False,2,mol mol-1,ok,"(MOLECULAR_MASS_OF_AIR / MOLECULAR_MASS_OF_CH4) * m01s51i009[blev=PLEV19, lbproc=128] / m01s51i999[blev=PLEV19, lbproc=128]",HadGEM3_mappings.cfg
m01s51i999,51,999,128,,,PLEV19,ch4,Amon,False,2,mol mol-1,ok,"(MOLECULAR_MASS_OF_AIR / MOLECULAR_MASS_OF_CH4) * m01s51i009[blev=PLEV19, lbproc=128] / m01s51i999[blev=PLEV19, lbproc=128]",HadGEM3_mappings.cfg
m01s51i009,51,9,128,,,PLEV19,ch4,APmon,False,2,mol mol-1,ok,"(MOLECULAR_MASS_OF_AIR / MOLECULAR_MASS_OF_CH4) * m01s51i009[blev=PLEV19, lbproc=128] / m01s51i999[blev=PLEV19, lbproc=128]",HadGEM3_mappings.cfg
m01s51i999,51,999,128,,,PLEV19,ch4,APmon,False,2,mol mol-1,ok,"(MOLECULAR_MASS_OF_AIR / MOLECULAR_MASS_OF_CH4) * m01s51i009[blev=PLEV19, lbproc=128] / m01s51i999[blev=PLEV19, lbproc=128]",HadGEM3_mappings.cfg
m01s50i063,50,63,128,,,,ch4global,Amon,False,2,1,ok,"mmr2molefrac(m01s50i063[lbproc=128], m01s34i009[lbproc=128], MOLECULAR_MASS_OF_CH4)",HadGEM3_mappings.cfg
m01s34i009,34,9,128,,,,ch4global,Amon,False,2,1,ok,"mmr2molefrac(m01s50i063[lbproc=128], m01s34i009[lbproc=128], MOLECULAR_MASS_OF_CH4)",HadGEM3_mappings.cfg
m01s50i063,50,63,128,,,,ch4global,APmon,False,2,1,ok,"mmr2molefrac(m01s50i063[lbproc=128], m01s34i009[lbproc=128], MOLECULAR_MASS_OF_CH4)",HadGEM3_mappings.cfg
m01s34i009,34,9,128,,,,ch4global,APmon,False,2,1,ok,"mmr2molefrac(m01s50i063[lbproc=128], m01s34i009[lbproc=128], MOLECULAR_MASS_OF_CH4)",HadGEM3_mappings.cfg
m01s38i201,38,201,128,,,,cheaqpso4,AERmon,False,7,g m-2 s-1,ok,"achem_emdrywet(MOLECULAR_MASS_OF_SO4, (m01s38i201[lbproc=128] + m01s38i202[lbproc=128] + m01s38i203[lbproc=128] + m01s38i285[lbproc=128] + m01s38i286[lbproc=128] + m01s38i288[lbproc=128] + m01s38i289[lbproc=128]), areadiv='True')",HadGEM3_mappings.cfg
m01s38i202,38,202,128,,,,cheaqpso4,AERmon,False,7,g m-2 s-1,ok,"achem_emdrywet(MOLECULAR_MASS_OF_SO4, (m01s38i201[lbproc=128] + m01s38i202[lbproc=128] + m01s38i203[lbproc=128] + m01s38i285[lbproc=128] + m01s38i286[lbproc=128] + m01s38i288[lbproc=128] + m01s38i289[lbproc=128]), areadiv='True')",HadGEM3_mappings.cfg
m01s38i203,38,203,128,,,,cheaqpso4,AERmon,False,7,g m-2 s-1,ok,"achem_emdrywet(MOLECULAR_MASS_OF_SO4, (m01s38i201[lbproc=128] + m01s38i202[lbproc=128] + m01s38i203[lbproc=128] + m01s38i285[lbproc=128] + m01s38i286[lbproc=128] + m01s38i288[lbproc=128] + m01s38i289[lbproc=128]), areadiv='True')",HadGEM3_mappings.cfg
m01s38i285,38,285,128,,,,cheaqpso4,AERmon,False,7,g m-2 s-1,ok,"achem_emdrywet(MOLECULAR_MASS_OF_SO4, (m01s38i201[lbproc=128] + m01s38i202[lbproc=128] + m01s38i203[lbproc=128] + m01s38i285[lbproc=128] + m01s38i286[lbproc=128] + m01s38i288[lbproc=128] + m01s38i289[lbproc=128]), areadiv='True')",HadGEM3_mappings.cfg
m01s38i286,38,286,128,,,,cheaqpso4,AERmon,False,7,g m-2 s-1,ok,"achem_emdrywet(MOLECULAR_MASS_OF_SO4, (m01s38i201[lbproc=128] + m01s38i202[lbproc=128] + m01s38i203[lbproc=128] + m01s38i285[lbproc=128] + m01s38i286[lbproc=128] + m01s38i288[lbproc=128] + m01s38i289[lbproc=128]), areadiv='True')",HadGEM3_mappings.cfg
m01s38i288,38,288,128,,,,cheaqpso4,AERmon,False,7,g m-2 s-1,ok,"achem_emdrywet(MOLECULAR_MASS_OF_SO4, (m01s38i201[lbproc=128] + m01s38i202[lbproc=128] + m01s38i203[lbproc=128] + m01s38i285[lbproc=128] + m01s38i286[lbproc=128] + m01s38i288[lbproc=128] + m01s38i289[lbproc=128]), areadiv='True')",HadGEM3_mappings.cfg
m01s38i289,38,289,128,,,,cheaqpso4,AERmon,False,7,g m-2 s-1,ok,"achem_emdrywet(MOLECULAR_MASS_OF_SO4, (m01s38i201[lbproc=128] + m01s38i202[lbproc=128] + m01s38i203[lbproc=128] + m01s38i285[lbproc=128] + m01s38i286[lbproc=128] + m01s38i288[lbproc=128] + m01s38i289[lbproc=128]), areadiv='True')",HadGEM3_mappings.cfg
m01s38i201,38,201,128,,,,cheaqpso4,AEmonLev,False,7,g m-2 s-1,ok,"achem_emdrywet(MOLECULAR_MASS_OF_SO4, (m01s38i201[lbproc=128] + m01s38i202[lbproc=128] + m01s38i203[lbproc=128] + m01s38i285[lbproc=128] + m01s38i286[lbproc=128] + m01s38i288[lbproc=128] + m01s38i289[lbproc=128]), areadiv='True')",HadGEM3_mappings.cfg
m01s38i202,38,202,128,,,,cheaqpso4,AEmonLev,False,7,g m-2 s-1,ok,"achem_emdrywet(MOLECULAR_MASS_OF_SO4, (m01s38i201[lbproc=128] + m01s38i202[lbproc=128] + m01s38i203[lbproc=128] + m01s38i285[lbproc=128] + m01s38i286[lbproc=128] + m01s38i288[lbproc=128] + m01s38i289[lbproc=128]), areadiv='True')",HadGEM3_mappings.cfg
m01s38i203,38,203,128,,,,cheaqpso4,AEmonLev,False,7,g m-2 s-1,ok,"achem_emdrywet(MOLECULAR_MASS_OF_SO4, (m01s38i201[lbproc=128] + m01s38i202[lbproc=128] + m01s38i203[lbproc=128] + m01s38i285[lbproc=128] + m01s38i286[lbproc=128] + m01s38i288[lbproc=128] + m01s38i289[lbproc=128]), areadiv='True')",HadGEM3_mappings.cfg
m01s38i285,38,285,128,,,,cheaqpso4,AEmonLev,False,7,g m-2 s-1,ok,"achem_emdrywet(MOLECULAR_MASS_OF_SO4, (m01s38i201[lbproc=128] + m01s38i202[lbproc=128] + m01s38i203[lbproc=128] + m01s38i285[lbproc=128] + m01s38i286[lbproc=128] + m01s38i288[lbproc=128] + m01s38i289[lbproc=128]), areadiv='True')",HadGEM3_mappings.cfg
m01s38i286,38,286,128,,,,cheaqpso4,AEmonLev,False,7,g m-2 s-1,ok,"achem_emdrywet(MOLECULAR_MASS_OF_SO4, (m01s38i201[lbproc=128] + m01s38i202[lbproc=128] + m01s38i203[lbproc=128] + m01s38i285[lbproc=128] + m01s38i286[lbproc=128] + m01s38i288[lbproc=128] + m01s38i289[lbproc=128]), areadiv='True')",HadGEM3_mappings.cfg
m01s38i288,38,288,128,,,,cheaqpso4,AEmonLev,False,7,g m-2 s-1,ok,"achem_emdrywet(MOLECULAR_MASS_OF_SO4, (m01s38i201[lbproc=128] + m01s38i202[lbproc=128] + m01s38i203[lbproc=128] + m01s38i285[lbproc=128] + m01s38i286[lbproc=128] + m01s38i288[lbproc=128] + m01s38i289[lbproc=128]), areadiv='True')",HadGEM3_mappings.cfg
m01s38i289,38,289,128,,,,cheaqpso4,AEmonLev,False,7,g m-2 s-1,ok,"achem_emdrywet(MOLECULAR_MASS_OF_SO4, (m01s38i201[lbproc=128] + m01s38i202[lbproc=128] + m01s38i203[lbproc=128] + m01s38i285[lbproc=128] + m01s38i286[lbproc=128] + m01s38i288[lbproc=128] + m01s38i289[lbproc=128]), areadiv='True')",HadGEM3_mappings.cfg
m01s50i150,50,150,128,,,,chegpso4,AERmon,True,1,g m-2 s-1,ok,"achem_emdrywet(MOLECULAR_MASS_OF_SO4, m01s50i150[lbproc=128], areadiv='True')",HadGEM3_mappings.cfg
m01s50i150,50,150,128,,,,chegpso4,AEmonLev,True,1,g m-2 s-1,ok,"achem_emdrywet(MOLECULAR_MASS_OF_SO4, m01s50i150[lbproc=128], areadiv='True')",HadGEM3_mappings.cfg
m01s05i269,5,269,128,,,,ci,Amon,True,1,1,ok,m01s05i269[lbproc=128],HadGEM3_mappings.cfg
m01s05i269,5,269,128,,,,ci,APmon,True,1,1,ok,m01s05i269[lbproc=128],HadGEM3_mappings.cfg
m01s02i261,2,261,128,,,,cl,Amon,True,1,1,ok,m01s02i261[lbproc=128],HadGEM3_mappings.cfg
m01s02i261,2,261,128,,,,cl,CFday,True,1,1,ok,m01s02i261[lbproc=128],HadGEM3_mappings.cfg
m01s02i261,2,261,128,,,,cl,APmonLev,True,1,1,ok,m01s02i261[lbproc=128],HadGEM3_mappings.cfg
m01s02i261,2,261,128,,,,cl,APdayLev,True,1,1,ok,m01s02i261[lbproc=128],HadGEM3_mappings.cfg
m01s02i317,2,317,128,,,,clc,CFmon,True,1,1,ok,m01s02i317[lbproc=128],HadGEM3_mappings.cfg
m01s02i317,2,317,128,,,,clc,APmonLev,True,1,1,ok,m01s02i317[lbproc=128],HadGEM3_mappings.cfg
m01s02i371,2,371,128,,,,clcalipso,CFmon,False,2,1,ok,m01s02i371[lbproc=128] / m01s02i325[lbproc=128],HadGEM3_mappings.cfg
m01s02i325,2,325,128,,,,clcalipso,CFmon,False,2,1,ok,m01s02i371[lbproc=128] / m01s02i325[lbproc=128],HadGEM3_mappings.cfg
m01s02i371,2,371,128,,,,clcalipso,CFday,False,2,1,ok,m01s02i371[lbproc=128] / m01s02i325[lbproc=128],HadGEM3_mappings.cfg
m01s02i325,2,325,128,,,,clcalipso,CFday,False,2,1,ok,m01s02i371[lbproc=128] / m01s02i325[lbproc=128],HadGEM3_mappings.cfg
m01s02i371,2,371,128,,,,clcalipso,APmon,False,2,1,ok,m01s02i371[lbproc=128] / m01s02i325[lbproc=128],HadGEM3_mappings.cfg
m01s02i325,2,325,128,,,,clcalipso,APmon,False,2,1,ok,m01s02i371[lbproc=128] / m01s02i325[lbproc=128],HadGEM3_mappings.cfg
m01s02i371,2,371,128,,,,clcalipso,APday,False,2,1,ok,m01s02i371[lbproc=128] / m01s02i325[lbproc=128],HadGEM3_mappings.cfg
m01s02i325,2,325,128,,,,clcalipso,APday,False,2,1,ok,m01s02i371[lbproc=128] / m01s02i325[lbproc=128],HadGEM3_mappings.cfg
m01s02i374,2,374,0,,,,clcalipso2,E3hrPt,False,2,1,ok,m01s02i374[lbproc=0] / m01s02i325[lbproc=0],HadGEM3_mappings.cfg
m01s02i325,2,325,0,,,,clcalipso2,E3hrPt,False,2,1,ok,m01s02i374[lbproc=0] / m01s02i325[lbproc=0],HadGEM3_mappings.cfg
m01s02i374,2,374,0,,,,clcalipso2,AP3hrPt,False,2,1,ok,m01s02i374[lbproc=0] / m01s02i325[lbproc=0],HadGEM3_mappings.cfg
m01s02i325,2,325,0,,,,clcalipso2,AP3hrPt,False,2,1,ok,m01s02i374[lbproc=0] / m01s02i325[lbproc=0],HadGEM3_mappings.cfg
m01s02i474,2,474,128,,,,clcalipsoice,Emon,False,2,1,embargoed,m01s02i474[lbproc=128] / m01s02i325[lbproc=128],HadGEM3_mappings.cfg
m01s02i325,2,325,128,,,,clcalipsoice,Emon,False,2,1,embargoed,m01s02i474[lbproc=128] / m01s02i325[lbproc=128],HadGEM3_mappings.cfg
m01s02i474,2,474,128,,,,clcalipsoice,APmon,False,2,1,embargoed,m01s02i474[lbproc=128] / m01s02i325[lbproc=128],HadGEM3_mappings.cfg
m01s02i325,2,325,128,,,,clcalipsoice,APmon,False,2,1,embargoed,m01s02i474[lbproc=128] / m01s02i325[lbproc=128],HadGEM3_mappings.cfg
m01s02i473,2,473,128,,,,clcalipsoliq,Emon,False,2,1,embargoed,m01s02i473[lbproc=128] / m01s02i325[lbproc=128],HadGEM3_mappings.cfg
m01s02i325,2,325,128,,,,clcalipsoliq,Emon,False,2,1,embargoed,m01s02i473[lbproc=128] / m01s02i325[lbproc=128],HadGEM3_mappings.cfg
m01s02i473,2,473,128,,,,clcalipsoliq,APmon,False,2,1,embargoed,m01s02i473[lbproc=128] / m01s02i325[lbproc=128],HadGEM3_mappings.cfg
m01s02i325,2,325,128,,,,clcalipsoliq,APmon,False,2,1,embargoed,m01s02i473[lbproc=128] / m01s02i325[lbproc=128],HadGEM3_mappings.cfg
m01s01i298,1,298,128,,,,cldncl,Emon,False,2,cm-3,embargoed,m01s01i298[lbproc=128] / m01s01i299[lbproc=128],HadGEM3_mappings.cfg
m01s01i299,1,299,128,,,,cldncl,Emon,False,2,cm-3,embargoed,m01s01i298[lbproc=128] / m01s01i299[lbproc=128],HadGEM3_mappings.cfg
m01s01i298,1,298,128,,,,cldncl,APmon,False,2,cm-3,embargoed,m01s01i298[lbproc=128] / m01s01i299[lbproc=128],HadGEM3_mappings.cfg
m01s01i299,1,299,128,,,,cldncl,APmon,False,2,cm-3,embargoed,m01s01i298[lbproc=128] / m01s01i299[lbproc=128],HadGEM3_mappings.cfg
m01s01i280,1,280,128,,,,cldnvi,Emon,False,2,m-2,ok,m01s01i280[lbproc=128] / m01s01i281[lbproc=128],HadGEM3_mappings.cfg
m01s01i281,1,281,128,,,,cldnvi,Emon,False,2,m-2,ok,m01s01i280[lbproc=128] / m01s01i281[lbproc=128],HadGEM3_mappings.cfg
m01s01i280,1,280,128,,,,cldnvi,Eday,False,2,m-2,ok,m01s01i280[lbproc=128] / m01s01i281[lbproc=128],HadGEM3_mappings.cfg
m01s01i281,1,281,128,,,,cldnvi,Eday,False,2,m-2,ok,m01s01i280[lbproc=128] / m01s01i281[lbproc=128],HadGEM3_mappings.cfg
m01s01i280,1,280,128,,,,cldnvi,APmon,False,2,m-2,ok,m01s01i280[lbproc=128] / m01s01i281[lbproc=128],HadGEM3_mappings.cfg
m01s01i281,1,281,128,,,,cldnvi,APmon,False,2,m-2,ok,m01s01i280[lbproc=128] / m01s01i281[lbproc=128],HadGEM3_mappings.cfg
m01s01i280,1,280,128,,,,cldnvi,APday,False,2,m-2,ok,m01s01i280[lbproc=128] / m01s01i281[lbproc=128],HadGEM3_mappings.cfg
m01s01i281,1,281,128,,,,cldnvi,APday,False,2,m-2,ok,m01s01i280[lbproc=128] / m01s01i281[lbproc=128],HadGEM3_mappings.cfg
m01s02i346,2,346,128,,,P220,clhcalipso,CFmon,False,2,1,ok,"m01s02i346[lbproc=128, blev=P220] / m01s02i323[lbproc=128, blev=P220]",HadGEM3_mappings.cfg
m01s02i323,2,323,128,,,P220,clhcalipso,CFmon,False,2,1,ok,"m01s02i346[lbproc=128, blev=P220] / m01s02i323[lbproc=128, blev=P220]",HadGEM3_mappings.cfg
m01s02i346,2,346,128,,,P220,clhcalipso,CFday,False,2,1,ok,"m01s02i346[lbproc=128, blev=P220] / m01s02i323[lbproc=128, blev=P220]",HadGEM3_mappings.cfg
m01s02i323,2,323,128,,,P220,clhcalipso,CFday,False,2,1,ok,"m01s02i346[lbproc=128, blev=P220] / m01s02i323[lbproc=128, blev=P220]",HadGEM3_mappings.cfg
m01s02i346,2,346,128,,,P220,clhcalipso,APmon,False,2,1,ok,"m01s02i346[lbproc=128, blev=P220] / m01s02i323[lbproc=128, blev=P220]",HadGEM3_mappings.cfg
m01s02i323,2,323,128,,,P220,clhcalipso,APmon,False,2,1,ok,"m01s02i346[lbproc=128, blev=P220] / m01s02i323[lbproc=128, blev=P220]",HadGEM3_mappings.cfg
m01s02i346,2,346,128,,,P220,clhcalipso,APday,False,2,1,ok,"m01s02i346[lbproc=128, blev=P220] / m01s02i323[lbproc=128, blev=P220]",HadGEM3_mappings.cfg
m01s02i323,2,323,128,,,P220,clhcalipso,APday,False,2,1,ok,"m01s02i346[lbproc=128, blev=P220] / m01s02i323[lbproc=128, blev=P220]",HadGEM3_mappings.cfg
m01s02i309,2,309,128,,,,cli,Amon,True,1,kg kg-1,ok,m01s02i309[lbproc=128],HadGEM3_mappings.cfg
m01s02i309,2,309,128,,,,cli,CFday,True,1,kg kg-1,ok,m01s02i309[lbproc=128],HadGEM3_mappings.cfg
m01s02i309,2,309,128,,,,cli,APmonLev,True,1,kg kg-1,ok,m01s02i309[lbproc=128],HadGEM3_mappings.cfg
m01s02i309,2,309,128,,,,cli,APdayLev,True,1,kg kg-1,ok,m01s02i309[lbproc=128],HadGEM3_mappings.cfg
m01s02i319,2,319,128,,,,clic,CFmon,True,1,1,ok,m01s02i319[lbproc=128],HadGEM3_mappings.cfg
m01s02i319,2,319,128,,,,clic,APmonLev,True,1,1,ok,m01s02i319[lbproc=128],HadGEM3_mappings.cfg
m01s02i453,2,453,128,,,,climodis,Emon,False,2,1,ok,m01s02i453[lbproc=128] / m01s02i330[lbproc=128],HadGEM3_mappings.cfg
m01s02i330,2,330,128,,,,climodis,Emon,False,2,1,ok,m01s02i453[lbproc=128] / m01s02i330[lbproc=128],HadGEM3_mappings.cfg
m01s02i453,2,453,128,,,,climodis,APmon,False,2,1,ok,m01s02i453[lbproc=128] / m01s02i330[lbproc=128],HadGEM3_mappings.cfg
m01s02i330,2,330,128,,,,climodis,APmon,False,2,1,ok,m01s02i453[lbproc=128] / m01s02i330[lbproc=128],HadGEM3_mappings.cfg
m01s02i309,2,309,128,,,,clis,CFmon,False,2,1,embargoed,m01s02i309[lbproc=128] - m01s02i319[lbproc=128],HadGEM3_mappings.cfg
m01s02i319,2,319,128,,,,clis,CFmon,False,2,1,embargoed,m01s02i309[lbproc=128] - m01s02i319[lbproc=128],HadGEM3_mappings.cfg
m01s02i309,2,309,128,,,,clis,APmonLev,False,2,1,embargoed,m01s02i309[lbproc=128] - m01s02i319[lbproc=128],HadGEM3_mappings.cfg
m01s02i319,2,319,128,,,,clis,APmonLev,False,2,1,embargoed,m01s02i309[lbproc=128] - m01s02i319[lbproc=128],HadGEM3_mappings.cfg
m01s02i337,2,337,128,,,PLEV7C,clisccp,CFmon,False,2,1,ok,"divide_by_mask(m01s02i337[blev=PLEV7C, lbproc=128], m01s02i330[lbproc=128])",HadGEM3_mappings.cfg
m01s02i330,2,330,128,,,,clisccp,CFmon,False,2,1,ok,"divide_by_mask(m01s02i337[blev=PLEV7C, lbproc=128], m01s02i330[lbproc=128])",HadGEM3_mappings.cfg
m01s02i337,2,337,128,,,PLEV7C,clisccp,CFday,False,2,1,ok,"divide_by_mask(m01s02i337[blev=PLEV7C, lbproc=128], m01s02i330[lbproc=128])",HadGEM3_mappings.cfg
m01s02i330,2,330,128,,,,clisccp,CFday,False,2,1,ok,"divide_by_mask(m01s02i337[blev=PLEV7C, lbproc=128], m01s02i330[lbproc=128])",HadGEM3_mappings.cfg
m01s02i337,2,337,128,,,PLEV7C,clisccp,APmon,False,2,1,ok,"divide_by_mask(m01s02i337[blev=PLEV7C, lbproc=128], m01s02i330[lbproc=128])",HadGEM3_mappings.cfg
m01s02i330,2,330,128,,,,clisccp,APmon,False,2,1,ok,"divide_by_mask(m01s02i337[blev=PLEV7C, lbproc=128], m01s02i330[lbproc=128])",HadGEM3_mappings.cfg
m01s02i337,2,337,128,,,PLEV7C,clisccp,APday,False,2,1,ok,"divide_by_mask(m01s02i337[blev=PLEV7C, lbproc=128], m01s02i330[lbproc=128])",HadGEM3_mappings.cfg
m01s02i330,2,330,128,,,,clisccp,APday,False,2,1,ok,"divide_by_mask(m01s02i337[blev=PLEV7C, lbproc=128], m01s02i330[lbproc=128])",HadGEM3_mappings.cfg
m01s02i392,2,392,128,,,,clivi,Amon,True,1,kg m-2,ok,m01s02i392[lbproc=128],HadGEM3_mappings.cfg
m01s02i392,2,392,128,,,,clivi,CFday,True,1,kg m-2,ok,m01s02i392[lbproc=128],HadGEM3_mappings.cfg
m01s02i392,2,392,128,,,,clivi,APmon,True,1,kg m-2,ok,m01s02i392[lbproc=128],HadGEM3_mappings.cfg
m01s02i392,2,392,128,,,,clivi,APday,True,1,kg m-2,ok,m01s02i392[lbproc=128],HadGEM3_mappings.cfg
m01s02i396,2,396,128,,,,clivic,Eday,True,1,kg m-2,ok,m01s02i396[lbproc=128],HadGEM3_mappings.cfg
m01s02i396,2,396,128,,,,clivic,APday,True,1,kg m-2,ok,m01s02i396[lbproc=128],HadGEM3_mappings.cfg
m01s02i344,2,344,128,,,P840,cllcalipso,CFmon,False,2,1,ok,"m01s02i344[lbproc=128, blev=P840] / m01s02i321[lbproc=128, blev=P840]",HadGEM3_mappings.cfg
m01s02i321,2,321,128,,,P840,cllcalipso,CFmon,False,2,1,ok,"m01s02i344[lbproc=128, blev=P840] / m01s02i321[lbproc=128, blev=P840]",HadGEM3_mappings.cfg
m01s02i344,2,344,128,,,P840,cllcalipso,CFday,False,2,1,ok,"m01s02i344[lbproc=128, blev=P840] / m01s02i321[lbproc=128, blev=P840]",HadGEM3_mappings.cfg
m01s02i321,2,321,128,,,P840,cllcalipso,CFday,False,2,1,ok,"m01s02i344[lbproc=128, blev=P840] / m01s02i321[lbproc=128, blev=P840]",HadGEM3_mappings.cfg
m01s02i344,2,344,128,,,P840,cllcalipso,APmon,False,2,1,ok,"m01s02i344[lbproc=128, blev=P840] / m01s02i321[lbproc=128, blev=P840]",HadGEM3_mappings.cfg
m01s02i321,2,321,128,,,P840,cllcalipso,APmon,False,2,1,ok,"m01s02i344[lbproc=128, blev=P840] / m01s02i321[lbproc=128, blev=P840]",HadGEM3_mappings.cfg
m01s02i344,2,344,128,,,P840,cllcalipso,APday,False,2,1,ok,"m01s02i344[lbproc=128, blev=P840] / m01s02i321[lbproc=128, blev=P840]",HadGEM3_mappings.cfg
m01s02i321,2,321,128,,,P840,cllcalipso,APday,False,2,1,ok,"m01s02i344[lbproc=128, blev=P840] / m01s02i321[lbproc=128, blev=P840]",HadGEM3_mappings.cfg
m01s02i345,2,345,128,,,P560,clmcalipso,CFmon,False,2,1,ok,"m01s02i345[lbproc=128, blev=P560] / m01s02i322[lbproc=128, blev=P560]",HadGEM3_mappings.cfg
m01s02i322,2,322,128,,,P560,clmcalipso,CFmon,False,2,1,ok,"m01s02i345[lbproc=128, blev=P560] / m01s02i322[lbproc=128, blev=P560]",HadGEM3_mappings.cfg
m01s02i345,2,345,128,,,P560,clmcalipso,CFday,False,2,1,ok,"m01s02i345[lbproc=128, blev=P560] / m01s02i322[lbproc=128, blev=P560]",HadGEM3_mappings.cfg
m01s02i322,2,322,128,,,P560,clmcalipso,CFday,False,2,1,ok,"m01s02i345[lbproc=128, blev=P560] / m01s02i322[lbproc=128, blev=P560]",HadGEM3_mappings.cfg
m01s02i345,2,345,128,,,P560,clmcalipso,APmon,False,2,1,ok,"m01s02i345[lbproc=128, blev=P560] / m01s02i322[lbproc=128, blev=P560]",HadGEM3_mappings.cfg
m01s02i322,2,322,128,,,P560,clmcalipso,APmon,False,2,1,ok,"m01s02i345[lbproc=128, blev=P560] / m01s02i322[lbproc=128, blev=P560]",HadGEM3_mappings.cfg
m01s02i345,2,345,128,,,P560,clmcalipso,APday,False,2,1,ok,"m01s02i345[lbproc=128, blev=P560] / m01s02i322[lbproc=128, blev=P560]",HadGEM3_mappings.cfg
m01s02i322,2,322,128,,,P560,clmcalipso,APday,False,2,1,ok,"m01s02i345[lbproc=128, blev=P560] / m01s02i322[lbproc=128, blev=P560]",HadGEM3_mappings.cfg
m01s02i360,2,360,128,,,,clmisr,Emon,False,2,1,ok,"fix_clmisr_height(m01s02i360[lbproc=128], m01s02i330[lbproc=128])",HadGEM3_mappings.cfg
m01s02i330,2,330,128,,,,clmisr,Emon,False,2,1,ok,"fix_clmisr_height(m01s02i360[lbproc=128], m01s02i330[lbproc=128])",HadGEM3_mappings.cfg
m01s02i360,2,360,128,,,,clmisr,APmon,False,2,1,ok,"fix_clmisr_height(m01s02i360[lbproc=128], m01s02i330[lbproc=128])",HadGEM3_mappings.cfg
m01s02i330,2,330,128,,,,clmisr,APmon,False,2,1,ok,"fix_clmisr_height(m01s02i360[lbproc=128], m01s02i330[lbproc=128])",HadGEM3_mappings.cfg
m01s02i312,2,312,128,,,,cls,CFmon,False,3,1,ok,m01s02i312[lbproc=128] + m01s02i313[lbproc=128] - m01s02i317[lbproc=128],HadGEM3_mappings.cfg
m01s02i313,2,313,128,,,,cls,CFmon,False,3,1,ok,m01s02i312[lbproc=128] + m01s02i313[lbproc=128] - m01s02i317[lbproc=128],HadGEM3_mappings.cfg
m01s02i317,2,317,128,,,,cls,CFmon,False,3,1,ok,m01s02i312[lbproc=128] + m01s02i313[lbproc=128] - m01s02i317[lbproc=128],HadGEM3_mappings.cfg
m01s02i312,2,312,128,,,,cls,APmonLev,False,3,1,ok,m01s02i312[lbproc=128] + m01s02i313[lbproc=128] - m01s02i317[lbproc=128],HadGEM3_mappings.cfg
m01s02i313,2,313,128,,,,cls,APmonLev,False,3,1,ok,m01s02i312[lbproc=128] + m01s02i313[lbproc=128] - m01s02i317[lbproc=128],HadGEM3_mappings.cfg
m01s02i317,2,317,128,,,,cls,APmonLev,False,3,1,ok,m01s02i312[lbproc=128] + m01s02i313[lbproc=128] - m01s02i317[lbproc=128],HadGEM3_mappings.cfg
m01s02i204,2,204,128,,,,clt,Amon,True,1,1,ok,m01s02i204[lbproc=128],HadGEM3_mappings.cfg
m01s02i204,2,204,128,,,,clt,3hr,True,1,1,ok,m01s02i204[lbproc=128],HadGEM3_mappings.cfg
m01s02i204,2,204,128,,,,clt,day,True,1,1,ok,m01s02i204[lbproc=128],HadGEM3_mappings.cfg
m01s02i204,2,204,128,,,,clt,APmon,True,1,1,ok,m01s02i204[lbproc=128],HadGEM3_mappings.cfg
m01s02i204,2,204,128,,,,clt,AP3hr,True,1,1,ok,m01s02i204[lbproc=128],HadGEM3_mappings.cfg
m01s02i204,2,204,128,,,,clt,APday,True,1,1,ok,m01s02i204[lbproc=128],HadGEM3_mappings.cfg
m01s02i347,2,347,128,,,,cltcalipso,CFmon,False,2,1,ok,m01s02i347[lbproc=128] / m01s02i324[lbproc=128],HadGEM3_mappings.cfg
m01s02i324,2,324,128,,,,cltcalipso,CFmon,False,2,1,ok,m01s02i347[lbproc=128] / m01s02i324[lbproc=128],HadGEM3_mappings.cfg
m01s02i347,2,347,128,,,,cltcalipso,CFday,False,2,1,ok,m01s02i347[lbproc=128] / m01s02i324[lbproc=128],HadGEM3_mappings.cfg
m01s02i324,2,324,128,,,,cltcalipso,CFday,False,2,1,ok,m01s02i347[lbproc=128] / m01s02i324[lbproc=128],HadGEM3_mappings.cfg
m01s02i347,2,347,128,,,,cltcalipso,APmon,False,2,1,ok,m01s02i347[lbproc=128] / m01s02i324[lbproc=128],HadGEM3_mappings.cfg
m01s02i324,2,324,128,,,,cltcalipso,APmon,False,2,1,ok,m01s02i347[lbproc=128] / m01s02i324[lbproc=128],HadGEM3_mappings.cfg
m01s02i347,2,347,128,,,,cltcalipso,APday,False,2,1,ok,m01s02i347[lbproc=128] / m01s02i324[lbproc=128],HadGEM3_mappings.cfg
m01s02i324,2,324,128,,,,cltcalipso,APday,False,2,1,ok,m01s02i347[lbproc=128] / m01s02i324[lbproc=128],HadGEM3_mappings.cfg
m01s02i334,2,334,128,,,,cltisccp,CFmon,False,2,1,ok,m01s02i334[lbproc=128] / m01s02i330[lbproc=128],HadGEM3_mappings.cfg
m01s02i330,2,330,128,,,,cltisccp,CFmon,False,2,1,ok,m01s02i334[lbproc=128] / m01s02i330[lbproc=128],HadGEM3_mappings.cfg
m01s02i334,2,334,128,,,,cltisccp,CFday,False,2,1,ok,m01s02i334[lbproc=128] / m01s02i330[lbproc=128],HadGEM3_mappings.cfg
m01s02i330,2,330,128,,,,cltisccp,CFday,False,2,1,ok,m01s02i334[lbproc=128] / m01s02i330[lbproc=128],HadGEM3_mappings.cfg
m01s02i334,2,334,128,,,,cltisccp,APmon,False,2,1,ok,m01s02i334[lbproc=128] / m01s02i330[lbproc=128],HadGEM3_mappings.cfg
m01s02i330,2,330,128,,,,cltisccp,APmon,False,2,1,ok,m01s02i334[lbproc=128] / m01s02i330[lbproc=128],HadGEM3_mappings.cfg
m01s02i334,2,334,128,,,,cltisccp,APday,False,2,1,ok,m01s02i334[lbproc=128] / m01s02i330[lbproc=128],HadGEM3_mappings.cfg
m01s02i330,2,330,128,,,,cltisccp,APday,False,2,1,ok,m01s02i334[lbproc=128] / m01s02i330[lbproc=128],HadGEM3_mappings.cfg
m01s02i451,2,451,128,,,,cltmodis,Emon,False,2,1,ok,m01s02i451[lbproc=128] / m01s02i330[lbproc=128],HadGEM3_mappings.cfg
m01s02i330,2,330,128,,,,cltmodis,Emon,False,2,1,ok,m01s02i451[lbproc=128] / m01s02i330[lbproc=128],HadGEM3_mappings.cfg
m01s02i451,2,451,128,,,,cltmodis,APmon,False,2,1,ok,m01s02i451[lbproc=128] / m01s02i330[lbproc=128],HadGEM3_mappings.cfg
m01s02i330,2,330,128,,,,cltmodis,APmon,False,2,1,ok,m01s02i451[lbproc=128] / m01s02i330[lbproc=128],HadGEM3_mappings.cfg
m01s02i308,2,308,128,,,,clw,Amon,True,1,kg kg-1,ok,m01s02i308[lbproc=128],HadGEM3_mappings.cfg
m01s02i308,2,308,128,,,,clw,CFday,True,1,kg kg-1,ok,m01s02i308[lbproc=128],HadGEM3_mappings.cfg
m01s02i308,2,308,128,,,,clw,APmonLev,True,1,kg kg-1,ok,m01s02i308[lbproc=128],HadGEM3_mappings.cfg
m01s02i308,2,308,128,,,,clw,APdayLev,True,1,kg kg-1,ok,m01s02i308[lbproc=128],HadGEM3_mappings.cfg
m01s02i318,2,318,128,,,,clwc,CFmon,True,1,1,ok,m01s02i318[lbproc=128],HadGEM3_mappings.cfg
m01s02i318,2,318,128,,,,clwc,APmonLev,True,1,1,ok,m01s02i318[lbproc=128],HadGEM3_mappings.cfg
m01s02i452,2,452,128,,,,clwmodis,Emon,False,2,1,ok,m01s02i452[lbproc=128] / m01s02i330[lbproc=128],HadGEM3_mappings.cfg
m01s02i330,2,330,128,,,,clwmodis,Emon,False,2,1,ok,m01s02i452[lbproc=128] / m01s02i330[lbproc=128],HadGEM3_mappings.cfg
m01s02i452,2,452,128,,,,clwmodis,APmon,False,2,1,ok,m01s02i452[lbproc=128] / m01s02i330[lbproc=128],HadGEM3_mappings.cfg
m01s02i330,2,330,128,,,,clwmodis,APmon,False,2,1,ok,m01s02i452[lbproc=128] / m01s02i330[lbproc=128],HadGEM3_mappings.cfg
m01s02i308,2,308,128,,,,clws,CFmon,False,2,1,embargoed,m01s02i308[lbproc=128] - m01s02i318[lbproc=128],HadGEM3_mappings.cfg
m01s02i318,2,318,128,,,,clws,CFmon,False,2,1,embargoed,m01s02i308[lbproc=128] - m01s02i318[lbproc=128],HadGEM3_mappings.cfg
m01s02i308,2,308,128,,,,clws,APmonLev,False,2,1,embargoed,m01s02i308[lbproc=128] - m01s02i318[lbproc=128],HadGEM3_mappings.cfg
m01s02i318,2,318,128,,,,clws,APmonLev,False,2,1,embargoed,m01s02i308[lbproc=128] - m01s02i318[lbproc=128],HadGEM3_mappings.cfg
m01s02i391,2,391,128,,,,clwvi,Amon,False,2,kg m-2,ok,m01s02i391[lbproc=128] + m01s02i392[lbproc=128],HadGEM3_mappings.cfg
m01s02i392,2,392,128,,,,clwvi,Amon,False,2,kg m-2,ok,m01s02i391[lbproc=128] + m01s02i392[lbproc=128],HadGEM3_mappings.cfg
m01s02i391,2,391,128,,,,clwvi,CFday,False,2,kg m-2,ok,m01s02i391[lbproc=128] + m01s02i392[lbproc=128],HadGEM3_mappings.cfg
m01s02i392,2,392,128,,,,clwvi,CFday,False,2,kg m-2,ok,m01s02i391[lbproc=128] + m01s02i392[lbproc=128],HadGEM3_mappings.cfg
m01s02i391,2,391,128,,,,clwvi,APmon,False,2,kg m-2,ok,m01s02i391[lbproc=128] + m01s02i392[lbproc=128],HadGEM3_mappings.cfg
m01s02i392,2,392,128,,,,clwvi,APmon,False,2,kg m-2,ok,m01s02i391[lbproc=128] + m01s02i392[lbproc=128],HadGEM3_mappings.cfg
m01s02i391,2,391,128,,,,clwvi,APday,False,2,kg m-2,ok,m01s02i391[lbproc=128] + m01s02i392[lbproc=128],HadGEM3_mappings.cfg
m01s02i392,2,392,128,,,,clwvi,APday,False,2,kg m-2,ok,m01s02i391[lbproc=128] + m01s02i392[lbproc=128],HadGEM3_mappings.cfg
m01s02i395,2,395,128,,,,clwvic,Emon,False,2,kg m-2,ok,m01s02i395[lbproc=128] + m01s02i396[lbproc=128],HadGEM3_mappings.cfg
m01s02i396,2,396,128,,,,clwvic,Emon,False,2,kg m-2,ok,m01s02i395[lbproc=128] + m01s02i396[lbproc=128],HadGEM3_mappings.cfg
m01s02i395,2,395,128,,,,clwvic,Eday,False,2,kg m-2,ok,m01s02i395[lbproc=128] + m01s02i396[lbproc=128],HadGEM3_mappings.cfg
m01s02i396,2,396,128,,,,clwvic,Eday,False,2,kg m-2,ok,m01s02i395[lbproc=128] + m01s02i396[lbproc=128],HadGEM3_mappings.cfg
m01s02i395,2,395,128,,,,clwvic,APmon,False,2,kg m-2,ok,m01s02i395[lbproc=128] + m01s02i396[lbproc=128],HadGEM3_mappings.cfg
m01s02i396,2,396,128,,,,clwvic,APmon,False,2,kg m-2,ok,m01s02i395[lbproc=128] + m01s02i396[lbproc=128],HadGEM3_mappings.cfg
m01s02i395,2,395,128,,,,clwvic,APday,False,2,kg m-2,ok,m01s02i395[lbproc=128] + m01s02i396[lbproc=128],HadGEM3_mappings.cfg
m01s02i396,2,396,128,,,,clwvic,APday,False,2,kg m-2,ok,m01s02i395[lbproc=128] + m01s02i396[lbproc=128],HadGEM3_mappings.cfg
m01s51i041,51,41,192,,,PLEV39,cly,AERmonZ,False,9,mol mol-1,ok,"MOLECULAR_MASS_OF_AIR * ((m01s51i041[blev=PLEV39, lbproc=192] / MOLECULAR_MASS_OF_CHLORINE) + (m01s51i042[blev=PLEV39, lbproc=192] / MOLECULAR_MASS_OF_CLOX) + (2 * m01s51i043[blev=PLEV39, lbproc=192] / MOLECULAR_MASS_OF_CL2O2) + (m01s51i044[blev=PLEV39, lbproc=192] / MOLECULAR_MASS_OF_OCLO) + (m01s51i047[blev=PLEV39, lbproc=192] / MOLECULAR_MASS_OF_BRCL) + (m01s51i051[blev=PLEV39, lbproc=192] / MOLECULAR_MASS_OF_HOCL) + (m01s51i054[blev=PLEV39, lbproc=192] / MOLECULAR_MASS_OF_CLONO2) + (m01s51i992[blev=PLEV39, lbproc=192] / MOLECULAR_MASS_OF_HCL)) / m01s51i999[blev=PLEV39, lbproc=192]",HadGEM3_mappings.cfg
m01s51i042,51,42,192,,,PLEV39,cly,AERmonZ,False,9,mol mol-1,ok,"MOLECULAR_MASS_OF_AIR * ((m01s51i041[blev=PLEV39, lbproc=192] / MOLECULAR_MASS_OF_CHLORINE) + (m01s51i042[blev=PLEV39, lbproc=192] / MOLECULAR_MASS_OF_CLOX) + (2 * m01s51i043[blev=PLEV39, lbproc=192] / MOLECULAR_MASS_OF_CL2O2) + (m01s51i044[blev=PLEV39, lbproc=192] / MOLECULAR_MASS_OF_OCLO) + (m01s51i047[blev=PLEV39, lbproc=192] / MOLECULAR_MASS_OF_BRCL) + (m01s51i051[blev=PLEV39, lbproc=192] / MOLECULAR_MASS_OF_HOCL) + (m01s51i054[blev=PLEV39, lbproc=192] / MOLECULAR_MASS_OF_CLONO2) + (m01s51i992[blev=PLEV39, lbproc=192] / MOLECULAR_MASS_OF_HCL)) / m01s51i999[blev=PLEV39, lbproc=192]",HadGEM3_mappings.cfg
m01s51i043,51,43,192,,,PLEV39,cly,AERmonZ,False,9,mol mol-1,ok,"MOLECULAR_MASS_OF_AIR * ((m01s51i041[blev=PLEV39, lbproc=192] / MOLECULAR_MASS_OF_CHLORINE) + (m01s51i042[blev=PLEV39, lbproc=192] / MOLECULAR_MASS_OF_CLOX) + (2 * m01s51i043[blev=PLEV39, lbproc=192] / MOLECULAR_MASS_OF_CL2O2) + (m01s51i044[blev=PLEV39, lbproc=192] / MOLECULAR_MASS_OF_OCLO) + (m01s51i047[blev=PLEV39, lbproc=192] / MOLECULAR_MASS_OF_BRCL) + (m01s51i051[blev=PLEV39, lbproc=192] / MOLECULAR_MASS_OF_HOCL) + (m01s51i054[blev=PLEV39, lbproc=192] / MOLECULAR_MASS_OF_CLONO2) + (m01s51i992[blev=PLEV39, lbproc=192] / MOLECULAR_MASS_OF_HCL)) / m01s51i999[blev=PLEV39, lbproc=192]",HadGEM3_mappings.cfg
m01s51i044,51,44,192,,,PLEV39,cly,AERmonZ,False,9,mol mol-1,ok,"MOLECULAR_MASS_OF_AIR * ((m01s51i041[blev=PLEV39, lbproc=192] / MOLECULAR_MASS_OF_CHLORINE) + (m01s51i042[blev=PLEV39, lbproc=192] / MOLECULAR_MASS_OF_CLOX) + (2 * m01s51i043[blev=PLEV39, lbproc=192] / MOLECULAR_MASS_OF_CL2O2) + (m01s51i044[blev=PLEV39, lbproc=192] / MOLECULAR_MASS_OF_OCLO) + (m01s51i047[blev=PLEV39, lbproc=192] / MOLECULAR_MASS_OF_BRCL) + (m01s51i051[blev=PLEV39, lbproc=192] / MOLECULAR_MASS_OF_HOCL) + (m01s51i054[blev=PLEV39, lbproc=192] / MOLECULAR_MASS_OF_CLONO2) + (m01s51i992[blev=PLEV39, lbproc=192] / MOLECULAR_MASS_OF_HCL)) / m01s51i999[blev=PLEV39, lbproc=192]",HadGEM3_mappings.cfg
m01s51i047,51,47,192,,,PLEV39,cly,AERmonZ,False,9,mol mol-1,ok,"MOLECULAR_MASS_OF_AIR * ((m01s51i041[blev=PLEV39, lbproc=192] / MOLECULAR_MASS_OF_CHLORINE) + (m01s51i042[blev=PLEV39, lbproc=192] / MOLECULAR_MASS_OF_CLOX) + (2 * m01s51i043[blev=PLEV39, lbproc=192] / MOLECULAR_MASS_OF_CL2O2) + (m01s51i044[blev=PLEV39, lbproc=192] / MOLECULAR_MASS_OF_OCLO) + (m01s51i047[blev=PLEV39, lbproc=192] / MOLECULAR_MASS_OF_BRCL) + (m01s51i051[blev=PLEV39, lbproc=192] / MOLECULAR_MASS_OF_HOCL) + (m01s51i054[blev=PLEV39, lbproc=192] / MOLECULAR_MASS_OF_CLONO2) + (m01s51i992[blev=PLEV39, lbproc=192] / MOLECULAR_MASS_OF_HCL)) / m01s51i999[blev=PLEV39, lbproc=192]",HadGEM3_mappings.cfg
m01s51i051,51,51,192,,,PLEV39,cly,AERmonZ,False,9,mol mol-1,ok,"MOLECULAR_MASS_OF_AIR * ((m01s51i041[blev=PLEV39, lbproc=192] / MOLECULAR_MASS_OF_CHLORINE) + (m01s51i042[blev=PLEV39, lbproc=192] / MOLECULAR_MASS_OF_CLOX) + (2 * m01s51i043[blev=PLEV39, lbproc=192] / MOLECULAR_MASS_OF_CL2O2) + (m01s51i044[blev=PLEV39, lbproc=192] / MOLECULAR_MASS_OF_OCLO) + (m01s51i047[blev=PLEV39, lbproc=192] / MOLECULAR_MASS_OF_BRCL) + (m01s51i051[blev=PLEV39, lbproc=192] / MOLECULAR_MASS_OF_HOCL) + (m01s51i054[blev=PLEV39, lbproc=192] / MOLECULAR_MASS_OF_CLONO2) + (m01s51i992[blev=PLEV39, lbproc=192] / MOLECULAR_MASS_OF_HCL)) / m01s51i999[blev=PLEV39, lbproc=192]",HadGEM3_mappings.cfg
m01s51i054,51,54,192,,,PLEV39,cly,AERmonZ,False,9,mol mol-1,ok,"MOLECULAR_MASS_OF_AIR * ((m01s51i041[blev=PLEV39, lbproc=192] / MOLECULAR_MASS_OF_CHLORINE) + (m01s51i042[blev=PLEV39, lbproc=192] / MOLECULAR_MASS_OF_CLOX) + (2 * m01s51i043[blev=PLEV39, lbproc=192] / MOLECULAR_MASS_OF_CL2O2) + (m01s51i044[blev=PLEV39, lbproc=192] / MOLECULAR_MASS_OF_OCLO) + (m01s51i047[blev=PLEV39, lbproc=192] / MOLECULAR_MASS_OF_BRCL) + (m01s51i051[blev=PLEV39, lbproc=192] / MOLECULAR_MASS_OF_HOCL) + (m01s51i054[blev=PLEV39, lbproc=192] / MOLECULAR_MASS_OF_CLONO2) + (m01s51i992[blev=PLEV39, lbproc=192] / MOLECULAR_MASS_OF_HCL)) / m01s51i999[blev=PLEV39, lbproc=192]",HadGEM3_mappings.cfg
m01s51i992,51,992,192,,,PLEV39,cly,AERmonZ,False,9,mol mol-1,ok,"MOLECULAR_MASS_OF_AIR * ((m01s51i041[blev=PLEV39, lbproc=192] / MOLECULAR_MASS_OF_CHLORINE) + (m01s51i042[blev=PLEV39, lbproc=192] / MOLECULAR_MASS_OF_CLOX) + (2 * m01s51i043[blev=PLEV39, lbproc=192] / MOLECULAR_MASS_OF_CL2O2) + (m01s51i044[blev=PLEV39, lbproc=192] / MOLECULAR_MASS_OF_OCLO) + (m01s51i047[blev=PLEV39, lbproc=192] / MOLECULAR_MASS_OF_BRCL) + (m01s51i051[blev=PLEV39, lbproc=192] / MOLECULAR_MASS_OF_HOCL) + (m01s51i054[blev=PLEV39, lbproc=192] / MOLECULAR_MASS_OF_CLONO2) + (m01s51i992[blev=PLEV39, lbproc=192] / MOLECULAR_MASS_OF_HCL)) / m01s51i999[blev=PLEV39, lbproc=192]",HadGEM3_mappings.cfg
m01s51i999,51,999,192,,,PLEV39,cly,AERmonZ,False,9,mol mol-1,ok,"MOLECULAR_MASS_OF_AIR * ((m01s51i041[blev=PLEV39, lbproc=192] / MOLECULAR_MASS_OF_CHLORINE) + (m01s51i042[blev=PLEV39, lbproc=192] / MOLECULAR_MASS_OF_CLOX) + (2 * m01s51i043[blev=PLEV39, lbproc=192] / MOLECULAR_MASS_OF_CL2O2) + (m01s51i044[blev=PLEV39, lbproc=192] / MOLECULAR_MASS_OF_OCLO) + (m01s51i047[blev=PLEV39, lbproc=192] / MOLECULAR_MASS_OF_BRCL) + (m01s51i051[blev=PLEV39, lbproc=192] / MOLECULAR_MASS_OF_HOCL) + (m01s51i054[blev=PLEV39, lbproc=192] / MOLECULAR_MASS_OF_CLONO2) + (m01s51i992[blev=PLEV39, lbproc=192] / MOLECULAR_MASS_OF_HCL)) / m01s51i999[blev=PLEV39, lbproc=192]",HadGEM3_mappings.cfg
m01s51i041,51,41,192,,,PLEV39,cly,AEmonZ,False,9,mol mol-1,ok,"MOLECULAR_MASS_OF_AIR * ((m01s51i041[blev=PLEV39, lbproc=192] / MOLECULAR_MASS_OF_CHLORINE) + (m01s51i042[blev=PLEV39, lbproc=192] / MOLECULAR_MASS_OF_CLOX) + (2 * m01s51i043[blev=PLEV39, lbproc=192] / MOLECULAR_MASS_OF_CL2O2) + (m01s51i044[blev=PLEV39, lbproc=192] / MOLECULAR_MASS_OF_OCLO) + (m01s51i047[blev=PLEV39, lbproc=192] / MOLECULAR_MASS_OF_BRCL) + (m01s51i051[blev=PLEV39, lbproc=192] / MOLECULAR_MASS_OF_HOCL) + (m01s51i054[blev=PLEV39, lbproc=192] / MOLECULAR_MASS_OF_CLONO2) + (m01s51i992[blev=PLEV39, lbproc=192] / MOLECULAR_MASS_OF_HCL)) / m01s51i999[blev=PLEV39, lbproc=192]",HadGEM3_mappings.cfg
m01s51i042,51,42,192,,,PLEV39,cly,AEmonZ,False,9,mol mol-1,ok,"MOLECULAR_MASS_OF_AIR * ((m01s51i041[blev=PLEV39, lbproc=192] / MOLECULAR_MASS_OF_CHLORINE) + (m01s51i042[blev=PLEV39, lbproc=192] / MOLECULAR_MASS_OF_CLOX) + (2 * m01s51i043[blev=PLEV39, lbproc=192] / MOLECULAR_MASS_OF_CL2O2) + (m01s51i044[blev=PLEV39, lbproc=192] / MOLECULAR_MASS_OF_OCLO) + (m01s51i047[blev=PLEV39, lbproc=192] / MOLECULAR_MASS_OF_BRCL) + (m01s51i051[blev=PLEV39, lbproc=192] / MOLECULAR_MASS_OF_HOCL) + (m01s51i054[blev=PLEV39, lbproc=192] / MOLECULAR_MASS_OF_CLONO2) + (m01s51i992[blev=PLEV39, lbproc=192] / MOLECULAR_MASS_OF_HCL)) / m01s51i999[blev=PLEV39, lbproc=192]",HadGEM3_mappings.cfg
m01s51i043,51,43,192,,,PLEV39,cly,AEmonZ,False,9,mol mol-1,ok,"MOLECULAR_MASS_OF_AIR * ((m01s51i041[blev=PLEV39, lbproc=192] / MOLECULAR_MASS_OF_CHLORINE) + (m01s51i042[blev=PLEV39, lbproc=192] / MOLECULAR_MASS_OF_CLOX) + (2 * m01s51i043[blev=PLEV39, lbproc=192] / MOLECULAR_MASS_OF_CL2O2) + (m01s51i044[blev=PLEV39, lbproc=192] / MOLECULAR_MASS_OF_OCLO) + (m01s51i047[blev=PLEV39, lbproc=192] / MOLECULAR_MASS_OF_BRCL) + (m01s51i051[blev=PLEV39, lbproc=192] / MOLECULAR_MASS_OF_HOCL) + (m01s51i054[blev=PLEV39, lbproc=192] / MOLECULAR_MASS_OF_CLONO2) + (m01s51i992[blev=PLEV39, lbproc=192] / MOLECULAR_MASS_OF_HCL)) / m01s51i999[blev=PLEV39, lbproc=192]",HadGEM3_mappings.cfg
m01s51i044,51,44,192,,,PLEV39,cly,AEmonZ,False,9,mol mol-1,ok,"MOLECULAR_MASS_OF_AIR * ((m01s51i041[blev=PLEV39, lbproc=192] / MOLECULAR_MASS_OF_CHLORINE) + (m01s51i042[blev=PLEV39, lbproc=192] / MOLECULAR_MASS_OF_CLOX) + (2 * m01s51i043[blev=PLEV39, lbproc=192] / MOLECULAR_MASS_OF_CL2O2) + (m01s51i044[blev=PLEV39, lbproc=192] / MOLECULAR_MASS_OF_OCLO) + (m01s51i047[blev=PLEV39, lbproc=192] / MOLECULAR_MASS_OF_BRCL) + (m01s51i051[blev=PLEV39, lbproc=192] / MOLECULAR_MASS_OF_HOCL) + (m01s51i054[blev=PLEV39, lbproc=192] / MOLECULAR_MASS_OF_CLONO2) + (m01s51i992[blev=PLEV39, lbproc=192] / MOLECULAR_MASS_OF_HCL)) / m01s51i999[blev=PLEV39, lbproc=192]",HadGEM3_mappings.cfg
m01s51i047,51,47,192,,,PLEV39,cly,AEmonZ,False,9,mol mol-1,ok,"MOLECULAR_MASS_OF_AIR * ((m01s51i041[blev=PLEV39, lbproc=192] / MOLECULAR_MASS_OF_CHLORINE) + (m01s51i042[blev=PLEV39, lbproc=192] / MOLECULAR_MASS_OF_CLOX) + (2 * m01s51i043[blev=PLEV39, lbproc=192] / MOLECULAR_MASS_OF_CL2O2) + (m01s51i044[blev=PLEV39, lbproc=192] / MOLECULAR_MASS_OF_OCLO) + (m01s51i047[blev=PLEV39, lbproc=192] / MOLECULAR_MASS_OF_BRCL) + (m01s51i051[blev=PLEV39, lbproc=192] / MOLECULAR_MASS_OF_HOCL) + (m01s51i054[blev=PLEV39, lbproc=192] / MOLECULAR_MASS_OF_CLONO2) + (m01s51i992[blev=PLEV39, lbproc=192] / MOLECULAR_MASS_OF_HCL)) / m01s51i999[blev=PLEV39, lbproc=192]",HadGEM3_mappings.cfg
m01s51i051,51,51,192,,,PLEV39,cly,AEmonZ,False,9,mol mol-1,ok,"MOLECULAR_MASS_OF_AIR * ((m01s51i041[blev=PLEV39, lbproc=192] / MOLECULAR_MASS_OF_CHLORINE) + (m01s51i042[blev=PLEV39, lbproc=192] / MOLECULAR_MASS_OF_CLOX) + (2 * m01s51i043[blev=PLEV39, lbproc=192] / MOLECULAR_MASS_OF_CL2O2) + (m01s51i044[blev=PLEV39, lbproc=192] / MOLECULAR_MASS_OF_OCLO) + (m01s51i047[blev=PLEV39, lbproc=192] / MOLECULAR_MASS_OF_BRCL) + (m01s51i051[blev=PLEV39, lbproc=192] / MOLECULAR_MASS_OF_HOCL) + (m01s51i054[blev=PLEV39, lbproc=192] / MOLECULAR_MASS_OF_CLONO2) + (m01s51i992[blev=PLEV39, lbproc=192] / MOLECULAR_MASS_OF_HCL)) / m01s51i999[blev=PLEV39, lbproc=192]",HadGEM3_mappings.cfg
m01s51i054,51,54,192,,,PLEV39,cly,AEmonZ,False,9,mol mol-1,ok,"MOLECULAR_MASS_OF_AIR * ((m01s51i041[blev=PLEV39, lbproc=192] / MOLECULAR_MASS_OF_CHLORINE) + (m01s51i042[blev=PLEV39, lbproc=192] / MOLECULAR_MASS_OF_CLOX) + (2 * m01s51i043[blev=PLEV39, lbproc=192] / MOLECULAR_MASS_OF_CL2O2) + (m01s51i044[blev=PLEV39, lbproc=192] / MOLECULAR_MASS_OF_OCLO) + (m01s51i047[blev=PLEV39, lbproc=192] / MOLECULAR_MASS_OF_BRCL) + (m01s51i051[blev=PLEV39, lbproc=192] / MOLECULAR_MASS_OF_HOCL) + (m01s51i054[blev=PLEV39, lbproc=192] / MOLECULAR_MASS_OF_CLONO2) + (m01s51i992[blev=PLEV39, lbproc=192] / MOLECULAR_MASS_OF_HCL)) / m01s51i999[blev=PLEV39, lbproc=192]",HadGEM3_mappings.cfg
m01s51i992,51,992,192,,,PLEV39,cly,AEmonZ,False,9,mol mol-1,ok,"MOLECULAR_MASS_OF_AIR * ((m01s51i041[blev=PLEV39, lbproc=192] / MOLECULAR_MASS_OF_CHLORINE) + (m01s51i042[blev=PLEV39, lbproc=192] / MOLECULAR_MASS_OF_CLOX) + (2 * m01s51i043[blev=PLEV39, lbproc=192] / MOLECULAR_MASS_OF_CL2O2) + (m01s51i044[blev=PLEV39, lbproc=192] / MOLECULAR_MASS_OF_OCLO) + (m01s51i047[blev=PLEV39, lbproc=192] / MOLECULAR_MASS_OF_BRCL) + (m01s51i051[blev=PLEV39, lbproc=192] / MOLECULAR_MASS_OF_HOCL) + (m01s51i054[blev=PLEV39, lbproc=192] / MOLECULAR_MASS_OF_CLONO2) + (m01s51i992[blev=PLEV39, lbproc=192] / MOLECULAR_MASS_OF_HCL)) / m01s51i999[blev=PLEV39, lbproc=192]",HadGEM3_mappings.cfg
m01s51i999,51,999,192,,,PLEV39,cly,AEmonZ,False,9,mol mol-1,ok,"MOLECULAR_MASS_OF_AIR * ((m01s51i041[blev=PLEV39, lbproc=192] / MOLECULAR_MASS_OF_CHLORINE) + (m01s51i042[blev=PLEV39, lbproc=192] / MOLECULAR_MASS_OF_CLOX) + (2 * m01s51i043[blev=PLEV39, lbproc=192] / MOLECULAR_MASS_OF_CL2O2) + (m01s51i044[blev=PLEV39, lbproc=192] / MOLECULAR_MASS_OF_OCLO) + (m01s51i047[blev=PLEV39, lbproc=192] / MOLECULAR_MASS_OF_BRCL) + (m01s51i051[blev=PLEV39, lbproc=192] / MOLECULAR_MASS_OF_HOCL) + (m01s51i054[blev=PLEV39, lbproc=192] / MOLECULAR_MASS_OF_CLONO2) + (m01s51i992[blev=PLEV39, lbproc=192] / MOLECULAR_MASS_OF_HCL)) / m01s51i999[blev=PLEV39, lbproc=192]",HadGEM3_mappings.cfg
m01s34i010,34,10,128,,,,co,AERmon,True,1,mol mol-1,ok,(MOLECULAR_MASS_OF_AIR / MOLECULAR_MASS_OF_CO) * m01s34i010[lbproc=128],HadGEM3_mappings.cfg
m01s34i010,34,10,128,,,,co,AEmonLev,True,1,mol mol-1,ok,(MOLECULAR_MASS_OF_AIR / MOLECULAR_MASS_OF_CO) * m01s34i010[lbproc=128],HadGEM3_mappings.cfg
m01s30i465,30,465,128,,,,co2mass,Amon,True,1,kg,ok,m01s30i465[lbproc=128],HadGEM3_mappings.cfg
m01s30i465,30,465,128,,,,co2mass,APmon,True,1,kg,ok,m01s30i465[lbproc=128],HadGEM3_mappings.cfg
m01s02i332,2,332,128,,,,cod,AERmon,False,2,1,ok,m01s02i332[lbproc=128] / m01s02i334[lbproc=128],HadGEM3_mappings.cfg
m01s02i334,2,334,128,,,,cod,AERmon,False,2,1,ok,m01s02i332[lbproc=128] / m01s02i334[lbproc=128],HadGEM3_mappings.cfg
m01s02i332,2,332,128,,,,cod,AERday,False,2,1,ok,m01s02i332[lbproc=128] / m01s02i334[lbproc=128],HadGEM3_mappings.cfg
m01s02i334,2,334,128,,,,cod,AERday,False,2,1,ok,m01s02i332[lbproc=128] / m01s02i334[lbproc=128],HadGEM3_mappings.cfg
m01s02i332,2,332,128,,,,cod,AEmon,False,2,1,ok,m01s02i332[lbproc=128] / m01s02i334[lbproc=128],HadGEM3_mappings.cfg
m01s02i334,2,334,128,,,,cod,AEmon,False,2,1,ok,m01s02i332[lbproc=128] / m01s02i334[lbproc=128],HadGEM3_mappings.cfg
m01s02i332,2,332,128,,,,cod,AEday,False,2,1,ok,m01s02i332[lbproc=128] / m01s02i334[lbproc=128],HadGEM3_mappings.cfg
m01s02i334,2,334,128,,,,cod,AEday,False,2,1,ok,m01s02i332[lbproc=128] / m01s02i334[lbproc=128],HadGEM3_mappings.cfg
m01s17i257,17,257,128,,,,concdust,Emon,True,1,ug m-3,ok,m01s17i257[lbproc=128],HadGEM3_mappings.cfg
m01s17i257,17,257,128,,,,concdust,APmonLev,True,1,ug m-3,ok,m01s17i257[lbproc=128],HadGEM3_mappings.cfg
m01s08i209,8,209,128,,,,cw,Eday,True,1,kg m-2,ok,m01s08i209[lbproc=128],HadGEM3_mappings.cfg
m01s08i209,8,209,128,,,,cw,LPday,True,1,kg m-2,ok,m01s08i209[lbproc=128],HadGEM3_mappings.cfg
m01s03i440,3,440,128,,,,depdust,Emon,True,1,kg m-2 s-1,ok,m01s03i440[lbproc=128],HadGEM3_mappings.cfg
m01s03i440,3,440,128,,,,depdust,AEmon,True,1,kg m-2 s-1,ok,m01s03i440[lbproc=128],HadGEM3_mappings.cfg
m01s34i071,34,71,128,,,,dms,AERmon,True,1,mol mol-1,ok,m01s34i071[lbproc=128] * (MOLECULAR_MASS_OF_AIR / MOLECULAR_MASS_OF_DMS),HadGEM3_mappings.cfg
m01s34i071,34,71,128,,,,dms,AEmonLev,True,1,mol mol-1,ok,m01s34i071[lbproc=128] * (MOLECULAR_MASS_OF_AIR / MOLECULAR_MASS_OF_DMS),HadGEM3_mappings.cfg
m01s03i441,3,441,128,,,,drydust,AERmon,False,12,kg m-2 s-1,ok,m01s03i441[lbproc=128] + m01s03i442[lbproc=128] + m01s03i443[lbproc=128] + m01s03i444[lbproc=128] + m01s03i445[lbproc=128] + m01s03i446[lbproc=128] + m01s03i451[lbproc=128] + m01s03i452[lbproc=128] + m01s03i453[lbproc=128] + m01s03i454[lbproc=128] + m01s03i455[lbproc=128] + m01s03i456[lbproc=128],HadGEM3_mappings.cfg
m01s03i442,3,442,128,,,,drydust,AERmon,False,12,kg m-2 s-1,ok,m01s03i441[lbproc=128] + m01s03i442[lbproc=128] + m01s03i443[lbproc=128] + m01s03i444[lbproc=128] + m01s03i445[lbproc=128] + m01s03i446[lbproc=128] + m01s03i451[lbproc=128] + m01s03i452[lbproc=128] + m01s03i453[lbproc=128] + m01s03i454[lbproc=128] + m01s03i455[lbproc=128] + m01s03i456[lbproc=128],HadGEM3_mappings.cfg
m01s03i443,3,443,128,,,,drydust,AERmon,False,12,kg m-2 s-1,ok,m01s03i441[lbproc=128] + m01s03i442[lbproc=128] + m01s03i443[lbproc=128] + m01s03i444[lbproc=128] + m01s03i445[lbproc=128] + m01s03i446[lbproc=128] + m01s03i451[lbproc=128] + m01s03i452[lbproc=128] + m01s03i453[lbproc=128] + m01s03i454[lbproc=128] + m01s03i455[lbproc=128] + m01s03i456[lbproc=128],HadGEM3_mappings.cfg
m01s03i444,3,444,128,,,,drydust,AERmon,False,12,kg m-2 s-1,ok,m01s03i441[lbproc=128] + m01s03i442[lbproc=128] + m01s03i443[lbproc=128] + m01s03i444[lbproc=128] + m01s03i445[lbproc=128] + m01s03i446[lbproc=128] + m01s03i451[lbproc=128] + m01s03i452[lbproc=128] + m01s03i453[lbproc=128] + m01s03i454[lbproc=128] + m01s03i455[lbproc=128] + m01s03i456[lbproc=128],HadGEM3_mappings.cfg
m01s03i445,3,445,128,,,,drydust,AERmon,False,12,kg m-2 s-1,ok,m01s03i441[lbproc=128] + m01s03i442[lbproc=128] + m01s03i443[lbproc=128] + m01s03i444[lbproc=128] + m01s03i445[lbproc=128] + m01s03i446[lbproc=128] + m01s03i451[lbproc=128] + m01s03i452[lbproc=128] + m01s03i453[lbproc=128] + m01s03i454[lbproc=128] + m01s03i455[lbproc=128] + m01s03i456[lbproc=128],HadGEM3_mappings.cfg
m01s03i446,3,446,128,,,,drydust,AERmon,False,12,kg m-2 s-1,ok,m01s03i441[lbproc=128] + m01s03i442[lbproc=128] + m01s03i443[lbproc=128] + m01s03i444[lbproc=128] + m01s03i445[lbproc=128] + m01s03i446[lbproc=128] + m01s03i451[lbproc=128] + m01s03i452[lbproc=128] + m01s03i453[lbproc=128] + m01s03i454[lbproc=128] + m01s03i455[lbproc=128] + m01s03i456[lbproc=128],HadGEM3_mappings.cfg
m01s03i451,3,451,128,,,,drydust,AERmon,False,12,kg m-2 s-1,ok,m01s03i441[lbproc=128] + m01s03i442[lbproc=128] + m01s03i443[lbproc=128] + m01s03i444[lbproc=128] + m01s03i445[lbproc=128] + m01s03i446[lbproc=128] + m01s03i451[lbproc=128] + m01s03i452[lbproc=128] + m01s03i453[lbproc=128] + m01s03i454[lbproc=128] + m01s03i455[lbproc=128] + m01s03i456[lbproc=128],HadGEM3_mappings.cfg
m01s03i452,3,452,128,,,,drydust,AERmon,False,12,kg m-2 s-1,ok,m01s03i441[lbproc=128] + m01s03i442[lbproc=128] + m01s03i443[lbproc=128] + m01s03i444[lbproc=128] + m01s03i445[lbproc=128] + m01s03i446[lbproc=128] + m01s03i451[lbproc=128] + m01s03i452[lbproc=128] + m01s03i453[lbproc=128] + m01s03i454[lbproc=128] + m01s03i455[lbproc=128] + m01s03i456[lbproc=128],HadGEM3_mappings.cfg
m01s03i453,3,453,128,,,,drydust,AERmon,False,12,kg m-2 s-1,ok,m01s03i441[lbproc=128] + m01s03i442[lbproc=128] + m01s03i443[lbproc=128] + m01s03i444[lbproc=128] + m01s03i445[lbproc=128] + m01s03i446[lbproc=128] + m01s03i451[lbproc=128] + m01s03i452[lbproc=128] + m01s03i453[lbproc=128] + m01s03i454[lbproc=128] + m01s03i455[lbproc=128] + m01s03i456[lbproc=128],HadGEM3_mappings.cfg
m01s03i454,3,454,128,,,,drydust,AERmon,False,12,kg m-2 s-1,ok,m01s03i441[lbproc=128] + m01s03i442[lbproc=128] + m01s03i443[lbproc=128] + m01s03i444[lbproc=128] + m01s03i445[lbproc=128] + m01s03i446[lbproc=128] + m01s03i451[lbproc=128] + m01s03i452[lbproc=128] + m01s03i453[lbproc=128] + m01s03i454[lbproc=128] + m01s03i455[lbproc=128] + m01s03i456[lbproc=128],HadGEM3_mappings.cfg
m01s03i455,3,455,128,,,,drydust,AERmon,False,12,kg m-2 s-1,ok,m01s03i441[lbproc=128] + m01s03i442[lbproc=128] + m01s03i443[lbproc=128] + m01s03i444[lbproc=128] + m01s03i445[lbproc=128] + m01s03i446[lbproc=128] + m01s03i451[lbproc=128] + m01s03i452[lbproc=128] + m01s03i453[lbproc=128] + m01s03i454[lbproc=128] + m01s03i455[lbproc=128] + m01s03i456[lbproc=128],HadGEM3_mappings.cfg
m01s03i456,3,456,128,,,,drydust,AERmon,False,12,kg m-2 s-1,ok,m01s03i441[lbproc=128] + m01s03i442[lbproc=128] + m01s03i443[lbproc=128] + m01s03i444[lbproc=128] + m01s03i445[lbproc=128] + m01s03i446[lbproc=128] + m01s03i451[lbproc=128] + m01s03i452[lbproc=128] + m01s03i453[lbproc=128] + m01s03i454[lbproc=128] + m01s03i455[lbproc=128] + m01s03i456[lbproc=128],HadGEM3_mappings.cfg
m01s03i441,3,441,128,,,,drydust,AEmon,False,12,kg m-2 s-1,ok,m01s03i441[lbproc=128] + m01s03i442[lbproc=128] + m01s03i443[lbproc=128] + m01s03i444[lbproc=128] + m01s03i445[lbproc=128] + m01s03i446[lbproc=128] + m01s03i451[lbproc=128] + m01s03i452[lbproc=128] + m01s03i453[lbproc=128] + m01s03i454[lbproc=128] + m01s03i455[lbproc=128] + m01s03i456[lbproc=128],HadGEM3_mappings.cfg
m01s03i442,3,442,128,,,,drydust,AEmon,False,12,kg m-2 s-1,ok,m01s03i441[lbproc=128] + m01s03i442[lbproc=128] + m01s03i443[lbproc=128] + m01s03i444[lbproc=128] + m01s03i445[lbproc=128] + m01s03i446[lbproc=128] + m01s03i451[lbproc=128] + m01s03i452[lbproc=128] + m01s03i453[lbproc=128] + m01s03i454[lbproc=128] + m01s03i455[lbproc=128] + m01s03i456[lbproc=128],HadGEM3_mappings.cfg
m01s03i443,3,443,128,,,,drydust,AEmon,False,12,kg m-2 s-1,ok,m01s03i441[lbproc=128] + m01s03i442[lbproc=128] + m01s03i443[lbproc=128] + m01s03i444[lbproc=128] + m01s03i445[lbproc=128] + m01s03i446[lbproc=128] + m01s03i451[lbproc=128] + m01s03i452[lbproc=128] + m01s03i453[lbproc=128] + m01s03i454[lbproc=128] + m01s03i455[lbproc=128] + m01s03i456[lbproc=128],HadGEM3_mappings.cfg
m01s03i444,3,444,128,,,,drydust,AEmon,False,12,kg m-2 s-1,ok,m01s03i441[lbproc=128] + m01s03i442[lbproc=128] + m01s03i443[lbproc=128] + m01s03i444[lbproc=128] + m01s03i445[lbproc=128] + m01s03i446[lbproc=128] + m01s03i451[lbproc=128] + m01s03i452[lbproc=128] + m01s03i453[lbproc=128] + m01s03i454[lbproc=128] + m01s03i455[lbproc=128] + m01s03i456[lbproc=128],HadGEM3_mappings.cfg
m01s03i445,3,445,128,,,,drydust,AEmon,False,12,kg m-2 s-1,ok,m01s03i441[lbproc=128] + m01s03i442[lbproc=128] + m01s03i443[lbproc=128] + m01s03i444[lbproc=128] + m01s03i445[lbproc=128] + m01s03i446[lbproc=128] + m01s03i451[lbproc=128] + m01s03i452[lbproc=128] + m01s03i453[lbproc=128] + m01s03i454[lbproc=128] + m01s03i455[lbproc=128] + m01s03i456[lbproc=128],HadGEM3_mappings.cfg
m01s03i446,3,446,128,,,,drydust,AEmon,False,12,kg m-2 s-1,ok,m01s03i441[lbproc=128] + m01s03i442[lbproc=128] + m01s03i443[lbproc=128] + m01s03i444[lbproc=128] + m01s03i445[lbproc=128] + m01s03i446[lbproc=128] + m01s03i451[lbproc=128] + m01s03i452[lbproc=128] + m01s03i453[lbproc=128] + m01s03i454[lbproc=128] + m01s03i455[lbproc=128] + m01s03i456[lbproc=128],HadGEM3_mappings.cfg
m01s03i451,3,451,128,,,,drydust,AEmon,False,12,kg m-2 s-1,ok,m01s03i441[lbproc=128] + m01s03i442[lbproc=128] + m01s03i443[lbproc=128] + m01s03i444[lbproc=128] + m01s03i445[lbproc=128] + m01s03i446[lbproc=128] + m01s03i451[lbproc=128] + m01s03i452[lbproc=128] + m01s03i453[lbproc=128] + m01s03i454[lbproc=128] + m01s03i455[lbproc=128] + m01s03i456[lbproc=128],HadGEM3_mappings.cfg
m01s03i452,3,452,128,,,,drydust,AEmon,False,12,kg m-2 s-1,ok,m01s03i441[lbproc=128] + m01s03i442[lbproc=128] + m01s03i443[lbproc=128] + m01s03i444[lbproc=128] + m01s03i445[lbproc=128] + m01s03i446[lbproc=128] + m01s03i451[lbproc=128] + m01s03i452[lbproc=128] + m01s03i453[lbproc=128] + m01s03i454[lbproc=128] + m01s03i455[lbproc=128] + m01s03i456[lbproc=128],HadGEM3_mappings.cfg
m01s03i453,3,453,128,,,,drydust,AEmon,False,12,kg m-2 s-1,ok,m01s03i441[lbproc=128] + m01s03i442[lbproc=128] + m01s03i443[lbproc=128] + m01s03i444[lbproc=128] + m01s03i445[lbproc=128] + m01s03i446[lbproc=128] + m01s03i451[lbproc=128] + m01s03i452[lbproc=128] + m01s03i453[lbproc=128] + m01s03i454[lbproc=128] + m01s03i455[lbproc=128] + m01s03i456[lbproc=128],HadGEM3_mappings.cfg
m01s03i454,3,454,128,,,,drydust,AEmon,False,12,kg m-2 s-1,ok,m01s03i441[lbproc=128] + m01s03i442[lbproc=128] + m01s03i443[lbproc=128] + m01s03i444[lbproc=128] + m01s03i445[lbproc=128] + m01s03i446[lbproc=128] + m01s03i451[lbproc=128] + m01s03i452[lbproc=128] + m01s03i453[lbproc=128] + m01s03i454[lbproc=128] + m01s03i455[lbproc=128] + m01s03i456[lbproc=128],HadGEM3_mappings.cfg
m01s03i455,3,455,128,,,,drydust,AEmon,False,12,kg m-2 s-1,ok,m01s03i441[lbproc=128] + m01s03i442[lbproc=128] + m01s03i443[lbproc=128] + m01s03i444[lbproc=128] + m01s03i445[lbproc=128] + m01s03i446[lbproc=128] + m01s03i451[lbproc=128] + m01s03i452[lbproc=128] + m01s03i453[lbproc=128] + m01s03i454[lbproc=128] + m01s03i455[lbproc=128] + m01s03i456[lbproc=128],HadGEM3_mappings.cfg
m01s03i456,3,456,128,,,,drydust,AEmon,False,12,kg m-2 s-1,ok,m01s03i441[lbproc=128] + m01s03i442[lbproc=128] + m01s03i443[lbproc=128] + m01s03i444[lbproc=128] + m01s03i445[lbproc=128] + m01s03i446[lbproc=128] + m01s03i451[lbproc=128] + m01s03i452[lbproc=128] + m01s03i453[lbproc=128] + m01s03i454[lbproc=128] + m01s03i455[lbproc=128] + m01s03i456[lbproc=128],HadGEM3_mappings.cfg
m01s50i131,50,131,128,,,,dryo3,AERmon,True,1,g m-2 s-1,ok,"achem_emdrywet(MOLECULAR_MASS_OF_O3, m01s50i131[lbproc=128], sumlev='True', areadiv='True')",HadGEM3_mappings.cfg
m01s50i131,50,131,128,,,,dryo3,AEmon,True,1,g m-2 s-1,ok,"achem_emdrywet(MOLECULAR_MASS_OF_O3, m01s50i131[lbproc=128], sumlev='True', areadiv='True')",HadGEM3_mappings.cfg
m01s03i297,3,297,128,,,,ec,Eday,True,1,kg m-2 s-1,ok,m01s03i297[lbproc=128],HadGEM3_mappings.cfg
m01s03i297,3,297,128,,,,ec,LPday,True,1,kg m-2 s-1,ok,m01s03i297[lbproc=128],HadGEM3_mappings.cfg
m01s02i530,2,530,128,,3,,ec550aer,Emon,False,2,m-1,ok,"m01s02i530[lbplev=3, lbproc=128] + m01s02i540[lbplev=3, lbproc=128]",HadGEM3_mappings.cfg
m01s02i540,2,540,128,,3,,ec550aer,Emon,False,2,m-1,ok,"m01s02i530[lbplev=3, lbproc=128] + m01s02i540[lbplev=3, lbproc=128]",HadGEM3_mappings.cfg
m01s02i530,2,530,128,,3,,ec550aer,AEmonLev,False,2,m-1,ok,"m01s02i530[lbplev=3, lbproc=128] + m01s02i540[lbplev=3, lbproc=128]",HadGEM3_mappings.cfg
m01s02i540,2,540,128,,3,,ec550aer,AEmonLev,False,2,m-1,ok,"m01s02i530[lbplev=3, lbproc=128] + m01s02i540[lbplev=3, lbproc=128]",HadGEM3_mappings.cfg
m01s38i207,38,207,128,,,,emibc,AERmon,True,1,g m-2 s-1,ok,"achem_emdrywet(ATOMIC_MASS_OF_C, m01s38i207[lbproc=128], sumlev='True', areadiv='True')",HadGEM3_mappings.cfg
m01s38i207,38,207,128,,,,emibc,AEmon,True,1,g m-2 s-1,ok,"achem_emdrywet(ATOMIC_MASS_OF_C, m01s38i207[lbproc=128], sumlev='True', areadiv='True')",HadGEM3_mappings.cfg
m01s03i495,3,495,128,,,,emibvoc,AERmon,False,3,kg m-2 s-1,ok,(m01s03i495[lbproc=128] + m01s03i496[lbproc=128]) * m01s00i505,HadGEM3_mappings.cfg
m01s03i496,3,496,128,,,,emibvoc,AERmon,False,3,kg m-2 s-1,ok,(m01s03i495[lbproc=128] + m01s03i496[lbproc=128]) * m01s00i505,HadGEM3_mappings.cfg
m01s00i505,0,505,,,,,emibvoc,AERmon,False,3,kg m-2 s-1,ok,(m01s03i495[lbproc=128] + m01s03i496[lbproc=128]) * m01s00i505,HadGEM3_mappings.cfg
m01s03i495,3,495,128,,,,emibvoc,AEmon,False,3,kg m-2 s-1,ok,(m01s03i495[lbproc=128] + m01s03i496[lbproc=128]) * m01s00i505,HadGEM3_mappings.cfg
m01s03i496,3,496,128,,,,emibvoc,AEmon,False,3,kg m-2 s-1,ok,(m01s03i495[lbproc=128] + m01s03i496[lbproc=128]) * m01s00i505,HadGEM3_mappings.cfg
m01s00i505,0,505,,,,,emibvoc,AEmon,False,3,kg m-2 s-1,ok,(m01s03i495[lbproc=128] + m01s03i496[lbproc=128]) * m01s00i505,HadGEM3_mappings.cfg
m01s50i158,50,158,128,,,,emico,AERmon,True,1,kg m-2 s-1,ok,m01s50i158[lbproc=128],HadGEM3_mappings.cfg
m01s50i158,50,158,128,,,,emico,AEmon,True,1,kg m-2 s-1,ok,m01s50i158[lbproc=128],HadGEM3_mappings.cfg
m01s50i214,50,214,128,,,,emidms,AERmon,True,1,kg m-2 s-1,ok,m01s50i214[lbproc=128],HadGEM3_mappings.cfg
m01s50i214,50,214,128,,,,emidms,AEmon,True,1,kg m-2 s-1,ok,m01s50i214[lbproc=128],HadGEM3_mappings.cfg
m01s03i401,3,401,128,,,,emidust,AERmon,False,6,kg m-2 s-1,ok,m01s03i401[lbproc=128] + m01s03i402[lbproc=128] + m01s03i403[lbproc=128] + m01s03i404[lbproc=128] + m01s03i405[lbproc=128] + m01s03i406[lbproc=128],HadGEM3_mappings.cfg
m01s03i402,3,402,128,,,,emidust,AERmon,False,6,kg m-2 s-1,ok,m01s03i401[lbproc=128] + m01s03i402[lbproc=128] + m01s03i403[lbproc=128] + m01s03i404[lbproc=128] + m01s03i405[lbproc=128] + m01s03i406[lbproc=128],HadGEM3_mappings.cfg
m01s03i403,3,403,128,,,,emidust,AERmon,False,6,kg m-2 s-1,ok,m01s03i401[lbproc=128] + m01s03i402[lbproc=128] + m01s03i403[lbproc=128] + m01s03i404[lbproc=128] + m01s03i405[lbproc=128] + m01s03i406[lbproc=128],HadGEM3_mappings.cfg
m01s03i404,3,404,128,,,,emidust,AERmon,False,6,kg m-2 s-1,ok,m01s03i401[lbproc=128] + m01s03i402[lbproc=128] + m01s03i403[lbproc=128] + m01s03i404[lbproc=128] + m01s03i405[lbproc=128] + m01s03i406[lbproc=128],HadGEM3_mappings.cfg
m01s03i405,3,405,128,,,,emidust,AERmon,False,6,kg m-2 s-1,ok,m01s03i401[lbproc=128] + m01s03i402[lbproc=128] + m01s03i403[lbproc=128] + m01s03i404[lbproc=128] + m01s03i405[lbproc=128] + m01s03i406[lbproc=128],HadGEM3_mappings.cfg
m01s03i406,3,406,128,,,,emidust,AERmon,False,6,kg m-2 s-1,ok,m01s03i401[lbproc=128] + m01s03i402[lbproc=128] + m01s03i403[lbproc=128] + m01s03i404[lbproc=128] + m01s03i405[lbproc=128] + m01s03i406[lbproc=128],HadGEM3_mappings.cfg
m01s03i401,3,401,128,,,,emidust,AEmon,False,6,kg m-2 s-1,ok,m01s03i401[lbproc=128] + m01s03i402[lbproc=128] + m01s03i403[lbproc=128] + m01s03i404[lbproc=128] + m01s03i405[lbproc=128] + m01s03i406[lbproc=128],HadGEM3_mappings.cfg
m01s03i402,3,402,128,,,,emidust,AEmon,False,6,kg m-2 s-1,ok,m01s03i401[lbproc=128] + m01s03i402[lbproc=128] + m01s03i403[lbproc=128] + m01s03i404[lbproc=128] + m01s03i405[lbproc=128] + m01s03i406[lbproc=128],HadGEM3_mappings.cfg
m01s03i403,3,403,128,,,,emidust,AEmon,False,6,kg m-2 s-1,ok,m01s03i401[lbproc=128] + m01s03i402[lbproc=128] + m01s03i403[lbproc=128] + m01s03i404[lbproc=128] + m01s03i405[lbproc=128] + m01s03i406[lbproc=128],HadGEM3_mappings.cfg
m01s03i404,3,404,128,,,,emidust,AEmon,False,6,kg m-2 s-1,ok,m01s03i401[lbproc=128] + m01s03i402[lbproc=128] + m01s03i403[lbproc=128] + m01s03i404[lbproc=128] + m01s03i405[lbproc=128] + m01s03i406[lbproc=128],HadGEM3_mappings.cfg
m01s03i405,3,405,128,,,,emidust,AEmon,False,6,kg m-2 s-1,ok,m01s03i401[lbproc=128] + m01s03i402[lbproc=128] + m01s03i403[lbproc=128] + m01s03i404[lbproc=128] + m01s03i405[lbproc=128] + m01s03i406[lbproc=128],HadGEM3_mappings.cfg
m01s03i406,3,406,128,,,,emidust,AEmon,False,6,kg m-2 s-1,ok,m01s03i401[lbproc=128] + m01s03i402[lbproc=128] + m01s03i403[lbproc=128] + m01s03i404[lbproc=128] + m01s03i405[lbproc=128] + m01s03i406[lbproc=128],HadGEM3_mappings.cfg
m01s03i495,3,495,128,,,,emiisop,AERmon,False,2,kg m-2 s-1,ok,(MOLECULAR_MASS_OF_ISOPRENE / (5.0 * ATOMIC_MASS_OF_C)) * (m01s03i495[lbproc=128] * m01s00i505),HadGEM3_mappings.cfg
m01s00i505,0,505,,,,,emiisop,AERmon,False,2,kg m-2 s-1,ok,(MOLECULAR_MASS_OF_ISOPRENE / (5.0 * ATOMIC_MASS_OF_C)) * (m01s03i495[lbproc=128] * m01s00i505),HadGEM3_mappings.cfg
m01s03i495,3,495,128,,,,emiisop,AEmon,False,2,kg m-2 s-1,ok,(MOLECULAR_MASS_OF_ISOPRENE / (5.0 * ATOMIC_MASS_OF_C)) * (m01s03i495[lbproc=128] * m01s00i505),HadGEM3_mappings.cfg
m01s00i505,0,505,,,,,emiisop,AEmon,False,2,kg m-2 s-1,ok,(MOLECULAR_MASS_OF_ISOPRENE / (5.0 * ATOMIC_MASS_OF_C)) * (m01s03i495[lbproc=128] * m01s00i505),HadGEM3_mappings.cfg
m01s50i081,50,81,128,,,,emilnox,AERmon,True,1,mol s-1,ok,m01s50i081[lbproc=128],HadGEM3_mappings.cfg
m01s50i081,50,81,128,,,,emilnox,AEmonLev,True,1,mol s-1,ok,m01s50i081[lbproc=128],HadGEM3_mappings.cfg
m01s50i172,50,172,128,,,,eminox,AERmon,False,2,kg m-2 s-1,ok,"achem_emdrywet(1.0, m01s50i172[lbproc=128], cube2d=m01s50i156[lbproc=128], sumlev='True')",HadGEM3_mappings.cfg
m01s50i156,50,156,128,,,,eminox,AERmon,False,2,kg m-2 s-1,ok,"achem_emdrywet(1.0, m01s50i172[lbproc=128], cube2d=m01s50i156[lbproc=128], sumlev='True')",HadGEM3_mappings.cfg
m01s50i172,50,172,128,,,,eminox,AEmon,False,2,kg m-2 s-1,ok,"achem_emdrywet(1.0, m01s50i172[lbproc=128], cube2d=m01s50i156[lbproc=128], sumlev='True')",HadGEM3_mappings.cfg
m01s50i156,50,156,128,,,,eminox,AEmon,False,2,kg m-2 s-1,ok,"achem_emdrywet(1.0, m01s50i172[lbproc=128], cube2d=m01s50i156[lbproc=128], sumlev='True')",HadGEM3_mappings.cfg
m01s50i217,50,217,128,,,,emiso2,AERmon,False,3,kg m-2 s-1,ok,"achem_emdrywet(1.0, m01s50i217[lbproc=128], cube2d=(m01s50i215[lbproc=128] + m01s50i216[lbproc=128]), sumlev='True')",HadGEM3_mappings.cfg
m01s50i215,50,215,128,,,,emiso2,AERmon,False,3,kg m-2 s-1,ok,"achem_emdrywet(1.0, m01s50i217[lbproc=128], cube2d=(m01s50i215[lbproc=128] + m01s50i216[lbproc=128]), sumlev='True')",HadGEM3_mappings.cfg
m01s50i216,50,216,128,,,,emiso2,AERmon,False,3,kg m-2 s-1,ok,"achem_emdrywet(1.0, m01s50i217[lbproc=128], cube2d=(m01s50i215[lbproc=128] + m01s50i216[lbproc=128]), sumlev='True')",HadGEM3_mappings.cfg
m01s50i217,50,217,128,,,,emiso2,AEmon,False,3,kg m-2 s-1,ok,"achem_emdrywet(1.0, m01s50i217[lbproc=128], cube2d=(m01s50i215[lbproc=128] + m01s50i216[lbproc=128]), sumlev='True')",HadGEM3_mappings.cfg
m01s50i215,50,215,128,,,,emiso2,AEmon,False,3,kg m-2 s-1,ok,"achem_emdrywet(1.0, m01s50i217[lbproc=128], cube2d=(m01s50i215[lbproc=128] + m01s50i216[lbproc=128]), sumlev='True')",HadGEM3_mappings.cfg
m01s50i216,50,216,128,,,,emiso2,AEmon,False,3,kg m-2 s-1,ok,"achem_emdrywet(1.0, m01s50i217[lbproc=128], cube2d=(m01s50i215[lbproc=128] + m01s50i216[lbproc=128]), sumlev='True')",HadGEM3_mappings.cfg
m01s38i201,38,201,128,,,,emiso4,AERmon,False,3,g m-2 s-1,ok,"achem_emdrywet(MOLECULAR_MASS_OF_SO4, m01s38i201[lbproc=128] + m01s38i202[lbproc=128] + m01s38i203[lbproc=128], sumlev='True', areadiv='True')",HadGEM3_mappings.cfg
m01s38i202,38,202,128,,,,emiso4,AERmon,False,3,g m-2 s-1,ok,"achem_emdrywet(MOLECULAR_MASS_OF_SO4, m01s38i201[lbproc=128] + m01s38i202[lbproc=128] + m01s38i203[lbproc=128], sumlev='True', areadiv='True')",HadGEM3_mappings.cfg
m01s38i203,38,203,128,,,,emiso4,AERmon,False,3,g m-2 s-1,ok,"achem_emdrywet(MOLECULAR_MASS_OF_SO4, m01s38i201[lbproc=128] + m01s38i202[lbproc=128] + m01s38i203[lbproc=128], sumlev='True', areadiv='True')",HadGEM3_mappings.cfg
m01s38i201,38,201,128,,,,emiso4,AEmon,False,3,g m-2 s-1,ok,"achem_emdrywet(MOLECULAR_MASS_OF_SO4, m01s38i201[lbproc=128] + m01s38i202[lbproc=128] + m01s38i203[lbproc=128], sumlev='True', areadiv='True')",HadGEM3_mappings.cfg
m01s38i202,38,202,128,,,,emiso4,AEmon,False,3,g m-2 s-1,ok,"achem_emdrywet(MOLECULAR_MASS_OF_SO4, m01s38i201[lbproc=128] + m01s38i202[lbproc=128] + m01s38i203[lbproc=128], sumlev='True', areadiv='True')",HadGEM3_mappings.cfg
m01s38i203,38,203,128,,,,emiso4,AEmon,False,3,g m-2 s-1,ok,"achem_emdrywet(MOLECULAR_MASS_OF_SO4, m01s38i201[lbproc=128] + m01s38i202[lbproc=128] + m01s38i203[lbproc=128], sumlev='True', areadiv='True')",HadGEM3_mappings.cfg
m01s38i204,38,204,128,,,,emiss,AERmon,False,2,g m-2 s-1,ok,"achem_emdrywet(MOLECULAR_MASS_OF_NACL, m01s38i204[lbproc=128] + m01s38i205[lbproc=128], sumlev='True', areadiv='True')",HadGEM3_mappings.cfg
m01s38i205,38,205,128,,,,emiss,AERmon,False,2,g m-2 s-1,ok,"achem_emdrywet(MOLECULAR_MASS_OF_NACL, m01s38i204[lbproc=128] + m01s38i205[lbproc=128], sumlev='True', areadiv='True')",HadGEM3_mappings.cfg
m01s38i204,38,204,128,,,,emiss,AEmon,False,2,g m-2 s-1,ok,"achem_emdrywet(MOLECULAR_MASS_OF_NACL, m01s38i204[lbproc=128] + m01s38i205[lbproc=128], sumlev='True', areadiv='True')",HadGEM3_mappings.cfg
m01s38i205,38,205,128,,,,emiss,AEmon,False,2,g m-2 s-1,ok,"achem_emdrywet(MOLECULAR_MASS_OF_NACL, m01s38i204[lbproc=128] + m01s38i205[lbproc=128], sumlev='True', areadiv='True')",HadGEM3_mappings.cfg
m01s50i159,50,159,128,,,,emivoc,AERmon,False,8,kg m-2 s-1,ok,((m01s50i159[lbproc=128] / MOLECULAR_MASS_OF_HCHO) + (m01s50i160[lbproc=128] * (2.0 / MOLECULAR_MASS_OF_C2H6)) + (m01s50i161[lbproc=128] * (3.0 / MOLECULAR_MASS_OF_C3H8)) + (m01s50i162[lbproc=128] * (3.0 / MOLECULAR_MASS_OF_ME2CO)) + (m01s50i163[lbproc=128] * (2.0 / MOLECULAR_MASS_OF_MECHO)) + (m01s50i212[lbproc=128] / MOLECULAR_MASS_OF_MEOH) + (m01s50i300[lbproc=128] * (5.0 / MOLECULAR_MASS_OF_ISOPRENE)) + (m01s50i301[lbproc=128] * (10.0 / MOLECULAR_MASS_OF_MONOTERPENE))) * ATOMIC_MASS_OF_C,HadGEM3_mappings.cfg
m01s50i160,50,160,128,,,,emivoc,AERmon,False,8,kg m-2 s-1,ok,((m01s50i159[lbproc=128] / MOLECULAR_MASS_OF_HCHO) + (m01s50i160[lbproc=128] * (2.0 / MOLECULAR_MASS_OF_C2H6)) + (m01s50i161[lbproc=128] * (3.0 / MOLECULAR_MASS_OF_C3H8)) + (m01s50i162[lbproc=128] * (3.0 / MOLECULAR_MASS_OF_ME2CO)) + (m01s50i163[lbproc=128] * (2.0 / MOLECULAR_MASS_OF_MECHO)) + (m01s50i212[lbproc=128] / MOLECULAR_MASS_OF_MEOH) + (m01s50i300[lbproc=128] * (5.0 / MOLECULAR_MASS_OF_ISOPRENE)) + (m01s50i301[lbproc=128] * (10.0 / MOLECULAR_MASS_OF_MONOTERPENE))) * ATOMIC_MASS_OF_C,HadGEM3_mappings.cfg
m01s50i161,50,161,128,,,,emivoc,AERmon,False,8,kg m-2 s-1,ok,((m01s50i159[lbproc=128] / MOLECULAR_MASS_OF_HCHO) + (m01s50i160[lbproc=128] * (2.0 / MOLECULAR_MASS_OF_C2H6)) + (m01s50i161[lbproc=128] * (3.0 / MOLECULAR_MASS_OF_C3H8)) + (m01s50i162[lbproc=128] * (3.0 / MOLECULAR_MASS_OF_ME2CO)) + (m01s50i163[lbproc=128] * (2.0 / MOLECULAR_MASS_OF_MECHO)) + (m01s50i212[lbproc=128] / MOLECULAR_MASS_OF_MEOH) + (m01s50i300[lbproc=128] * (5.0 / MOLECULAR_MASS_OF_ISOPRENE)) + (m01s50i301[lbproc=128] * (10.0 / MOLECULAR_MASS_OF_MONOTERPENE))) * ATOMIC_MASS_OF_C,HadGEM3_mappings.cfg
m01s50i162,50,162,128,,,,emivoc,AERmon,False,8,kg m-2 s-1,ok,((m01s50i159[lbproc=128] / MOLECULAR_MASS_OF_HCHO) + (m01s50i160[lbproc=128] * (2.0 / MOLECULAR_MASS_OF_C2H6)) + (m01s50i161[lbproc=128] * (3.0 / MOLECULAR_MASS_OF_C3H8)) + (m01s50i162[lbproc=128] * (3.0 / MOLECULAR_MASS_OF_ME2CO)) + (m01s50i163[lbproc=128] * (2.0 / MOLECULAR_MASS_OF_MECHO)) + (m01s50i212[lbproc=128] / MOLECULAR_MASS_OF_MEOH) + (m01s50i300[lbproc=128] * (5.0 / MOLECULAR_MASS_OF_ISOPRENE)) + (m01s50i301[lbproc=128] * (10.0 / MOLECULAR_MASS_OF_MONOTERPENE))) * ATOMIC_MASS_OF_C,HadGEM3_mappings.cfg
m01s50i163,50,163,128,,,,emivoc,AERmon,False,8,kg m-2 s-1,ok,((m01s50i159[lbproc=128] / MOLECULAR_MASS_OF_HCHO) + (m01s50i160[lbproc=128] * (2.0 / MOLECULAR_MASS_OF_C2H6)) + (m01s50i161[lbproc=128] * (3.0 / MOLECULAR_MASS_OF_C3H8)) + (m01s50i162[lbproc=128] * (3.0 / MOLECULAR_MASS_OF_ME2CO)) + (m01s50i163[lbproc=128] * (2.0 / MOLECULAR_MASS_OF_MECHO)) + (m01s50i212[lbproc=128] / MOLECULAR_MASS_OF_MEOH) + (m01s50i300[lbproc=128] * (5.0 / MOLECULAR_MASS_OF_ISOPRENE)) + (m01s50i301[lbproc=128] * (10.0 / MOLECULAR_MASS_OF_MONOTERPENE))) * ATOMIC_MASS_OF_C,HadGEM3_mappings.cfg
m01s50i212,50,212,128,,,,emivoc,AERmon,False,8,kg m-2 s-1,ok,((m01s50i159[lbproc=128] / MOLECULAR_MASS_OF_HCHO) + (m01s50i160[lbproc=128] * (2.0 / MOLECULAR_MASS_OF_C2H6)) + (m01s50i161[lbproc=128] * (3.0 / MOLECULAR_MASS_OF_C3H8)) + (m01s50i162[lbproc=128] * (3.0 / MOLECULAR_MASS_OF_ME2CO)) + (m01s50i163[lbproc=128] * (2.0 / MOLECULAR_MASS_OF_MECHO)) + (m01s50i212[lbproc=128] / MOLECULAR_MASS_OF_MEOH) + (m01s50i300[lbproc=128] * (5.0 / MOLECULAR_MASS_OF_ISOPRENE)) + (m01s50i301[lbproc=128] * (10.0 / MOLECULAR_MASS_OF_MONOTERPENE))) * ATOMIC_MASS_OF_C,HadGEM3_mappings.cfg
m01s50i300,50,300,128,,,,emivoc,AERmon,False,8,kg m-2 s-1,ok,((m01s50i159[lbproc=128] / MOLECULAR_MASS_OF_HCHO) + (m01s50i160[lbproc=128] * (2.0 / MOLECULAR_MASS_OF_C2H6)) + (m01s50i161[lbproc=128] * (3.0 / MOLECULAR_MASS_OF_C3H8)) + (m01s50i162[lbproc=128] * (3.0 / MOLECULAR_MASS_OF_ME2CO)) + (m01s50i163[lbproc=128] * (2.0 / MOLECULAR_MASS_OF_MECHO)) + (m01s50i212[lbproc=128] / MOLECULAR_MASS_OF_MEOH) + (m01s50i300[lbproc=128] * (5.0 / MOLECULAR_MASS_OF_ISOPRENE)) + (m01s50i301[lbproc=128] * (10.0 / MOLECULAR_MASS_OF_MONOTERPENE))) * ATOMIC_MASS_OF_C,HadGEM3_mappings.cfg
m01s50i301,50,301,128,,,,emivoc,AERmon,False,8,kg m-2 s-1,ok,((m01s50i159[lbproc=128] / MOLECULAR_MASS_OF_HCHO) + (m01s50i160[lbproc=128] * (2.0 / MOLECULAR_MASS_OF_C2H6)) + (m01s50i161[lbproc=128] * (3.0 / MOLECULAR_MASS_OF_C3H8)) + (m01s50i162[lbproc=128] * (3.0 / MOLECULAR_MASS_OF_ME2CO)) + (m01s50i163[lbproc=128] * (2.0 / MOLECULAR_MASS_OF_MECHO)) + (m01s50i212[lbproc=128] / MOLECULAR_MASS_OF_MEOH) + (m01s50i300[lbproc=128] * (5.0 / MOLECULAR_MASS_OF_ISOPRENE)) + (m01s50i301[lbproc=128] * (10.0 / MOLECULAR_MASS_OF_MONOTERPENE))) * ATOMIC_MASS_OF_C,HadGEM3_mappings.cfg
m01s50i159,50,159,128,,,,emivoc,AEmon,False,8,kg m-2 s-1,ok,((m01s50i159[lbproc=128] / MOLECULAR_MASS_OF_HCHO) + (m01s50i160[lbproc=128] * (2.0 / MOLECULAR_MASS_OF_C2H6)) + (m01s50i161[lbproc=128] * (3.0 / MOLECULAR_MASS_OF_C3H8)) + (m01s50i162[lbproc=128] * (3.0 / MOLECULAR_MASS_OF_ME2CO)) + (m01s50i163[lbproc=128] * (2.0 / MOLECULAR_MASS_OF_MECHO)) + (m01s50i212[lbproc=128] / MOLECULAR_MASS_OF_MEOH) + (m01s50i300[lbproc=128] * (5.0 / MOLECULAR_MASS_OF_ISOPRENE)) + (m01s50i301[lbproc=128] * (10.0 / MOLECULAR_MASS_OF_MONOTERPENE))) * ATOMIC_MASS_OF_C,HadGEM3_mappings.cfg
m01s50i160,50,160,128,,,,emivoc,AEmon,False,8,kg m-2 s-1,ok,((m01s50i159[lbproc=128] / MOLECULAR_MASS_OF_HCHO) + (m01s50i160[lbproc=128] * (2.0 / MOLECULAR_MASS_OF_C2H6)) + (m01s50i161[lbproc=128] * (3.0 / MOLECULAR_MASS_OF_C3H8)) + (m01s50i162[lbproc=128] * (3.0 / MOLECULAR_MASS_OF_ME2CO)) + (m01s50i163[lbproc=128] * (2.0 / MOLECULAR_MASS_OF_MECHO)) + (m01s50i212[lbproc=128] / MOLECULAR_MASS_OF_MEOH) + (m01s50i300[lbproc=128] * (5.0 / MOLECULAR_MASS_OF_ISOPRENE)) + (m01s50i301[lbproc=128] * (10.0 / MOLECULAR_MASS_OF_MONOTERPENE))) * ATOMIC_MASS_OF_C,HadGEM3_mappings.cfg
m01s50i161,50,161,128,,,,emivoc,AEmon,False,8,kg m-2 s-1,ok,((m01s50i159[lbproc=128] / MOLECULAR_MASS_OF_HCHO) + (m01s50i160[lbproc=128] * (2.0 / MOLECULAR_MASS_OF_C2H6)) + (m01s50i161[lbproc=128] * (3.0 / MOLECULAR_MASS_OF_C3H8)) + (m01s50i162[lbproc=128] * (3.0 / MOLECULAR_MASS_OF_ME2CO)) + (m01s50i163[lbproc=128] * (2.0 / MOLECULAR_MASS_OF_MECHO)) + (m01s50i212[lbproc=128] / MOLECULAR_MASS_OF_MEOH) + (m01s50i300[lbproc=128] * (5.0 / MOLECULAR_MASS_OF_ISOPRENE)) + (m01s50i301[lbproc=128] * (10.0 / MOLECULAR_MASS_OF_MONOTERPENE))) * ATOMIC_MASS_OF_C,HadGEM3_mappings.cfg
m01s50i162,50,162,128,,,,emivoc,AEmon,False,8,kg m-2 s-1,ok,((m01s50i159[lbproc=128] / MOLECULAR_MASS_OF_HCHO) + (m01s50i160[lbproc=128] * (2.0 / MOLECULAR_MASS_OF_C2H6)) + (m01s50i161[lbproc=128] * (3.0 / MOLECULAR_MASS_OF_C3H8)) + (m01s50i162[lbproc=128] * (3.0 / MOLECULAR_MASS_OF_ME2CO)) + (m01s50i163[lbproc=128] * (2.0 / MOLECULAR_MASS_OF_MECHO)) + (m01s50i212[lbproc=128] / MOLECULAR_MASS_OF_MEOH) + (m01s50i300[lbproc=128] * (5.0 / MOLECULAR_MASS_OF_ISOPRENE)) + (m01s50i301[lbproc=128] * (10.0 / MOLECULAR_MASS_OF_MONOTERPENE))) * ATOMIC_MASS_OF_C,HadGEM3_mappings.cfg
m01s50i163,50,163,128,,,,emivoc,AEmon,False,8,kg m-2 s-1,ok,((m01s50i159[lbproc=128] / MOLECULAR_MASS_OF_HCHO) + (m01s50i160[lbproc=128] * (2.0 / MOLECULAR_MASS_OF_C2H6)) + (m01s50i161[lbproc=128] * (3.0 / MOLECULAR_MASS_OF_C3H8)) + (m01s50i162[lbproc=128] * (3.0 / MOLECULAR_MASS_OF_ME2CO)) + (m01s50i163[lbproc=128] * (2.0 / MOLECULAR_MASS_OF_MECHO)) + (m01s50i212[lbproc=128] / MOLECULAR_MASS_OF_MEOH) + (m01s50i300[lbproc=128] * (5.0 / MOLECULAR_MASS_OF_ISOPRENE)) + (m01s50i301[lbproc=128] * (10.0 / MOLECULAR_MASS_OF_MONOTERPENE))) * ATOMIC_MASS_OF_C,HadGEM3_mappings.cfg
m01s50i212,50,212,128,,,,emivoc,AEmon,False,8,kg m-2 s-1,ok,((m01s50i159[lbproc=128] / MOLECULAR_MASS_OF_HCHO) + (m01s50i160[lbproc=128] * (2.0 / MOLECULAR_MASS_OF_C2H6)) + (m01s50i161[lbproc=128] * (3.0 / MOLECULAR_MASS_OF_C3H8)) + (m01s50i162[lbproc=128] * (3.0 / MOLECULAR_MASS_OF_ME2CO)) + (m01s50i163[lbproc=128] * (2.0 / MOLECULAR_MASS_OF_MECHO)) + (m01s50i212[lbproc=128] / MOLECULAR_MASS_OF_MEOH) + (m01s50i300[lbproc=128] * (5.0 / MOLECULAR_MASS_OF_ISOPRENE)) + (m01s50i301[lbproc=128] * (10.0 / MOLECULAR_MASS_OF_MONOTERPENE))) * ATOMIC_MASS_OF_C,HadGEM3_mappings.cfg
m01s50i300,50,300,128,,,,emivoc,AEmon,False,8,kg m-2 s-1,ok,((m01s50i159[lbproc=128] / MOLECULAR_MASS_OF_HCHO) + (m01s50i160[lbproc=128] * (2.0 / MOLECULAR_MASS_OF_C2H6)) + (m01s50i161[lbproc=128] * (3.0 / MOLECULAR_MASS_OF_C3H8)) + (m01s50i162[lbproc=128] * (3.0 / MOLECULAR_MASS_OF_ME2CO)) + (m01s50i163[lbproc=128] * (2.0 / MOLECULAR_MASS_OF_MECHO)) + (m01s50i212[lbproc=128] / MOLECULAR_MASS_OF_MEOH) + (m01s50i300[lbproc=128] * (5.0 / MOLECULAR_MASS_OF_ISOPRENE)) + (m01s50i301[lbproc=128] * (10.0 / MOLECULAR_MASS_OF_MONOTERPENE))) * ATOMIC_MASS_OF_C,HadGEM3_mappings.cfg
m01s50i301,50,301,128,,,,emivoc,AEmon,False,8,kg m-2 s-1,ok,((m01s50i159[lbproc=128] / MOLECULAR_MASS_OF_HCHO) + (m01s50i160[lbproc=128] * (2.0 / MOLECULAR_MASS_OF_C2H6)) + (m01s50i161[lbproc=128] * (3.0 / MOLECULAR_MASS_OF_C3H8)) + (m01s50i162[lbproc=128] * (3.0 / MOLECULAR_MASS_OF_ME2CO)) + (m01s50i163[lbproc=128] * (2.0 / MOLECULAR_MASS_OF_MECHO)) + (m01s50i212[lbproc=128] / MOLECULAR_MASS_OF_MEOH) + (m01s50i300[lbproc=128] * (5.0 / MOLECULAR_MASS_OF_ISOPRENE)) + (m01s50i301[lbproc=128] * (10.0 / MOLECULAR_MASS_OF_MONOTERPENE))) * ATOMIC_MASS_OF_C,HadGEM3_mappings.cfg
m01s03i288,3,288,128,,7,,eow,Eday,True,1,kg m-2 s-1,embargoed,"m01s03i288[lbplev=7, lbproc=128]",HadGEM3_mappings.cfg
m01s03i288,3,288,128,,7,,eow,LPday,True,1,kg m-2 s-1,embargoed,"m01s03i288[lbplev=7, lbproc=128]",HadGEM3_mappings.cfg
m01s30i312,30,312,192,,,PLEV39,epfy,EdayZ,False,2,m3 s-2,ok,"scale_epflux(m01s30i312[blev=PLEV39, lbproc=192], m01s30i301[blev=PLEV39, lbproc=192])",HadGEM3_mappings.cfg
m01s30i301,30,301,192,,,PLEV39,epfy,EdayZ,False,2,m3 s-2,ok,"scale_epflux(m01s30i312[blev=PLEV39, lbproc=192], m01s30i301[blev=PLEV39, lbproc=192])",HadGEM3_mappings.cfg
m01s30i312,30,312,192,,,PLEV39,epfy,EmonZ,False,2,m3 s-2,ok,"scale_epflux(m01s30i312[blev=PLEV39, lbproc=192], m01s30i301[blev=PLEV39, lbproc=192])",HadGEM3_mappings.cfg
m01s30i301,30,301,192,,,PLEV39,epfy,EmonZ,False,2,m3 s-2,ok,"scale_epflux(m01s30i312[blev=PLEV39, lbproc=192], m01s30i301[blev=PLEV39, lbproc=192])",HadGEM3_mappings.cfg
m01s30i312,30,312,192,,,PLEV39,epfy,APdayZ,False,2,m3 s-2,ok,"scale_epflux(m01s30i312[blev=PLEV39, lbproc=192], m01s30i301[blev=PLEV39, lbproc=192])",HadGEM3_mappings.cfg
m01s30i301,30,301,192,,,PLEV39,epfy,APdayZ,False,2,m3 s-2,ok,"scale_epflux(m01s30i312[blev=PLEV39, lbproc=192], m01s30i301[blev=PLEV39, lbproc=192])",HadGEM3_mappings.cfg
m01s30i312,30,312,192,,,PLEV39,epfy,APmonZ,False,2,m3 s-2,ok,"scale_epflux(m01s30i312[blev=PLEV39, lbproc=192], m01s30i301[blev=PLEV39, lbproc=192])",HadGEM3_mappings.cfg
m01s30i301,30,301,192,,,PLEV39,epfy,APmonZ,False,2,m3 s-2,ok,"scale_epflux(m01s30i312[blev=PLEV39, lbproc=192], m01s30i301[blev=PLEV39, lbproc=192])",HadGEM3_mappings.cfg
m01s30i313,30,313,192,,,PLEV39,epfz,EdayZ,False,2,m3 s-2,ok,"scale_epflux(m01s30i313[blev=PLEV39, lbproc=192], m01s30i301[blev=PLEV39, lbproc=192])",HadGEM3_mappings.cfg
m01s30i301,30,301,192,,,PLEV39,epfz,EdayZ,False,2,m3 s-2,ok,"scale_epflux(m01s30i313[blev=PLEV39, lbproc=192], m01s30i301[blev=PLEV39, lbproc=192])",HadGEM3_mappings.cfg
m01s30i313,30,313,192,,,PLEV39,epfz,EmonZ,False,2,m3 s-2,ok,"scale_epflux(m01s30i313[blev=PLEV39, lbproc=192], m01s30i301[blev=PLEV39, lbproc=192])",HadGEM3_mappings.cfg
m01s30i301,30,301,192,,,PLEV39,epfz,EmonZ,False,2,m3 s-2,ok,"scale_epflux(m01s30i313[blev=PLEV39, lbproc=192], m01s30i301[blev=PLEV39, lbproc=192])",HadGEM3_mappings.cfg
m01s30i313,30,313,192,,,PLEV39,epfz,APdayZ,False,2,m3 s-2,ok,"scale_epflux(m01s30i313[blev=PLEV39, lbproc=192], m01s30i301[blev=PLEV39, lbproc=192])",HadGEM3_mappings.cfg
m01s30i301,30,301,192,,,PLEV39,epfz,APdayZ,False,2,m3 s-2,ok,"scale_epflux(m01s30i313[blev=PLEV39, lbproc=192], m01s30i301[blev=PLEV39, lbproc=192])",HadGEM3_mappings.cfg
m01s30i313,30,313,192,,,PLEV39,epfz,APmonZ,False,2,m3 s-2,ok,"scale_epflux(m01s30i313[blev=PLEV39, lbproc=192], m01s30i301[blev=PLEV39, lbproc=192])",HadGEM3_mappings.cfg
m01s30i301,30,301,192,,,PLEV39,epfz,APmonZ,False,2,m3 s-2,ok,"scale_epflux(m01s30i313[blev=PLEV39, lbproc=192], m01s30i301[blev=PLEV39, lbproc=192])",HadGEM3_mappings.cfg
m01s03i296,3,296,128,,,,es,Eday,True,1,kg m-2 s-1,ok,m01s03i296[lbproc=128],HadGEM3_mappings.cfg
m01s03i296,3,296,128,,,,es,LPday,True,1,kg m-2 s-1,ok,m01s03i296[lbproc=128],HadGEM3_mappings.cfg
m01s03i223,3,223,128,,,,evspsbl,Amon,True,1,kg m-2 s-1,ok,m01s03i223[lbproc=128],HadGEM3_mappings.cfg
m01s03i223,3,223,128,,,,evspsbl,Eday,True,1,kg m-2 s-1,ok,m01s03i223[lbproc=128],HadGEM3_mappings.cfg
m01s03i223,3,223,128,,,,evspsbl,APmon,True,1,kg m-2 s-1,ok,m01s03i223[lbproc=128],HadGEM3_mappings.cfg
m01s03i223,3,223,128,,,,evspsbl,LPday,True,1,kg m-2 s-1,ok,m01s03i223[lbproc=128],HadGEM3_mappings.cfg
m01s03i334,3,334,128,,,,evspsblpot,Emon,True,1,kg m-2 s-1,ok,m01s03i334[lbproc=128],HadGEM3_mappings.cfg
m01s03i334,3,334,128,,,,evspsblpot,Eday,True,1,kg m-2 s-1,ok,m01s03i334[lbproc=128],HadGEM3_mappings.cfg
m01s03i334,3,334,128,,,,evspsblpot,LPmon,True,1,kg m-2 s-1,ok,m01s03i334[lbproc=128],HadGEM3_mappings.cfg
m01s03i334,3,334,128,,,,evspsblpot,LPday,True,1,kg m-2 s-1,ok,m01s03i334[lbproc=128],HadGEM3_mappings.cfg
m01s03i296,3,296,128,,,,evspsblsoi,Lmon,False,3,kg m-2 s-1,ok,m01s03i296[lbproc=128] + m01s03i298[lbproc=128] - m01s03i539[lbproc=128],HadGEM3_mappings.cfg
m01s03i298,3,298,128,,,,evspsblsoi,Lmon,False,3,kg m-2 s-1,ok,m01s03i296[lbproc=128] + m01s03i298[lbproc=128] - m01s03i539[lbproc=128],HadGEM3_mappings.cfg
m01s03i539,3,539,128,,,,evspsblsoi,Lmon,False,3,kg m-2 s-1,ok,m01s03i296[lbproc=128] + m01s03i298[lbproc=128] - m01s03i539[lbproc=128],HadGEM3_mappings.cfg
m01s03i296,3,296,128,,,,evspsblsoi,LPmon,False,3,kg m-2 s-1,ok,m01s03i296[lbproc=128] + m01s03i298[lbproc=128] - m01s03i539[lbproc=128],HadGEM3_mappings.cfg
m01s03i298,3,298,128,,,,evspsblsoi,LPmon,False,3,kg m-2 s-1,ok,m01s03i296[lbproc=128] + m01s03i298[lbproc=128] - m01s03i539[lbproc=128],HadGEM3_mappings.cfg
m01s03i539,3,539,128,,,,evspsblsoi,LPmon,False,3,kg m-2 s-1,ok,m01s03i296[lbproc=128] + m01s03i298[lbproc=128] - m01s03i539[lbproc=128],HadGEM3_mappings.cfg
m01s03i297,3,297,128,,,,evspsblveg,Lmon,True,1,kg m-2 s-1,ok,m01s03i297[lbproc=128],HadGEM3_mappings.cfg
m01s03i297,3,297,128,,,,evspsblveg,LPmon,True,1,kg m-2 s-1,ok,m01s03i297[lbproc=128],HadGEM3_mappings.cfg
m01s00i505,0,505,,,,,fgdms,Omon,False,2,kmol m-2 s-1,ok,"calc_fgdms(m01s00i505, m01s50i214[lbproc=128] / MOLECULAR_MASS_OF_DMS )",HadGEM3_mappings.cfg
m01s50i214,50,214,128,,,,fgdms,Omon,False,2,kmol m-2 s-1,ok,"calc_fgdms(m01s00i505, m01s50i214[lbproc=128] / MOLECULAR_MASS_OF_DMS )",HadGEM3_mappings.cfg
m01s00i505,0,505,,,,,fgdms,OBmon,False,2,kmol m-2 s-1,ok,"calc_fgdms(m01s00i505, m01s50i214[lbproc=128] / MOLECULAR_MASS_OF_DMS )",HadGEM3_mappings.cfg
m01s50i214,50,214,128,,,,fgdms,OBmon,False,2,kmol m-2 s-1,ok,"calc_fgdms(m01s00i505, m01s50i214[lbproc=128] / MOLECULAR_MASS_OF_DMS )",HadGEM3_mappings.cfg
m01s50i082,50,82,128,,,,flashrate,Emon,True,1,m-2 min-1,ok,div_by_area(m01s50i082[lbproc=128]),HadGEM3_mappings.cfg
m01s50i082,50,82,128,,,,flashrate,ACmon,True,1,m-2 min-1,ok,div_by_area(m01s50i082[lbproc=128]),HadGEM3_mappings.cfg
m01s03i261,3,261,128,,,,gpp,E3hr,True,1,kg m-2 s-1,ok,m01s03i261[lbproc=128],HadGEM3_mappings.cfg
m01s03i261,3,261,128,,,,gpp,LP3hr,True,1,kg m-2 s-1,ok,m01s03i261[lbproc=128],HadGEM3_mappings.cfg
m01s03i317,3,317,128,,,,grassFrac,Lmon,False,2,%,ok,"land_class_area(m01s03i317[lbproc=128], m01s03i395[lbproc=128],
land_class='grass')",HadGEM3_mappings.cfg
m01s03i395,3,395,128,,,,grassFrac,Lmon,False,2,%,ok,"land_class_area(m01s03i317[lbproc=128], m01s03i395[lbproc=128],
land_class='grass')",HadGEM3_mappings.cfg
m01s03i317,3,317,128,,,,grassFrac,LPmon,False,2,%,ok,"land_class_area(m01s03i317[lbproc=128], m01s03i395[lbproc=128],
land_class='grass')",HadGEM3_mappings.cfg
m01s03i395,3,395,128,,,,grassFrac,LPmon,False,2,%,ok,"land_class_area(m01s03i317[lbproc=128], m01s03i395[lbproc=128],
land_class='grass')",HadGEM3_mappings.cfg
m01s00i010,0,10,0,,,,h2o,CF3hr,False,4,1,embargoed,m01s00i010[lbproc=0] + m01s00i272[lbproc=0] + m01s02i308[lbproc=0] + m01s02i309[lbproc=0],HadGEM3_mappings.cfg
m01s00i272,0,272,0,,,,h2o,CF3hr,False,4,1,embargoed,m01s00i010[lbproc=0] + m01s00i272[lbproc=0] + m01s02i308[lbproc=0] + m01s02i309[lbproc=0],HadGEM3_mappings.cfg
m01s02i308,2,308,0,,,,h2o,CF3hr,False,4,1,embargoed,m01s00i010[lbproc=0] + m01s00i272[lbproc=0] + m01s02i308[lbproc=0] + m01s02i309[lbproc=0],HadGEM3_mappings.cfg
m01s02i309,2,309,0,,,,h2o,CF3hr,False,4,1,embargoed,m01s00i010[lbproc=0] + m01s00i272[lbproc=0] + m01s02i308[lbproc=0] + m01s02i309[lbproc=0],HadGEM3_mappings.cfg
m01s00i010,0,10,0,,,,h2o,AP3hrPtLev,False,4,1,embargoed,m01s00i010[lbproc=0] + m01s00i272[lbproc=0] + m01s02i308[lbproc=0] + m01s02i309[lbproc=0],HadGEM3_mappings.cfg
m01s00i272,0,272,0,,,,h2o,AP3hrPtLev,False,4,1,embargoed,m01s00i010[lbproc=0] + m01s00i272[lbproc=0] + m01s02i308[lbproc=0] + m01s02i309[lbproc=0],HadGEM3_mappings.cfg
m01s02i308,2,308,0,,,,h2o,AP3hrPtLev,False,4,1,embargoed,m01s00i010[lbproc=0] + m01s00i272[lbproc=0] + m01s02i308[lbproc=0] + m01s02i309[lbproc=0],HadGEM3_mappings.cfg
m01s02i309,2,309,0,,,,h2o,AP3hrPtLev,False,4,1,embargoed,m01s00i010[lbproc=0] + m01s00i272[lbproc=0] + m01s02i308[lbproc=0] + m01s02i309[lbproc=0],HadGEM3_mappings.cfg
m01s34i011,34,11,128,,,,hcho,AERmon,True,1,mol mol-1,ok,(MOLECULAR_MASS_OF_AIR / MOLECULAR_MASS_OF_HCHO) * m01s34i011[lbproc=128],HadGEM3_mappings.cfg
m01s34i011,34,11,128,,,,hcho,AEmonLev,True,1,mol mol-1,ok,(MOLECULAR_MASS_OF_AIR / MOLECULAR_MASS_OF_HCHO) * m01s34i011[lbproc=128],HadGEM3_mappings.cfg
m01s34i992,34,992,128,,,,hcl,AERmon,True,1,mol mol-1,ok,(MOLECULAR_MASS_OF_AIR / MOLECULAR_MASS_OF_HCL) * m01s34i992[lbproc=128],HadGEM3_mappings.cfg
m01s34i992,34,992,128,,,,hcl,AEmonLev,True,1,mol mol-1,ok,(MOLECULAR_MASS_OF_AIR / MOLECULAR_MASS_OF_HCL) * m01s34i992[lbproc=128],HadGEM3_mappings.cfg
m01s08i202,8,202,128,,,,hfdsn,LImon,True,1,W m-2,embargoed,m01s08i202[lbproc=128],HadGEM3_mappings.cfg
m01s08i202,8,202,128,,,,hfdsn,Eday,True,1,W m-2,embargoed,m01s08i202[lbproc=128],HadGEM3_mappings.cfg
m01s08i202,8,202,128,,,,hfdsn,LIday,True,1,W m-2,embargoed,m01s08i202[lbproc=128],HadGEM3_mappings.cfg
m01s03i234,3,234,128,,,,hfls,Amon,True,1,W m-2,ok,m01s03i234[lbproc=128],HadGEM3_mappings.cfg
m01s03i234,3,234,128,,,,hfls,3hr,True,1,W m-2,ok,m01s03i234[lbproc=128],HadGEM3_mappings.cfg
m01s03i234,3,234,128,,,,hfls,day,True,1,W m-2,ok,m01s03i234[lbproc=128],HadGEM3_mappings.cfg
m01s03i234,3,234,128,,,,hfls,APmon,True,1,W m-2,ok,m01s03i234[lbproc=128],HadGEM3_mappings.cfg
m01s03i234,3,234,128,,,,hfls,AP3hr,True,1,W m-2,ok,m01s03i234[lbproc=128],HadGEM3_mappings.cfg
m01s03i234,3,234,128,,,,hfls,APday,True,1,W m-2,ok,m01s03i234[lbproc=128],HadGEM3_mappings.cfg
m01s03i217,3,217,128,,,,hfss,Amon,True,1,W m-2,ok,m01s03i217[lbproc=128],HadGEM3_mappings.cfg
m01s03i217,3,217,128,,,,hfss,3hr,True,1,W m-2,ok,m01s03i217[lbproc=128],HadGEM3_mappings.cfg
m01s03i217,3,217,128,,,,hfss,day,True,1,W m-2,ok,m01s03i217[lbproc=128],HadGEM3_mappings.cfg
m01s03i217,3,217,128,,,,hfss,APmon,True,1,W m-2,ok,m01s03i217[lbproc=128],HadGEM3_mappings.cfg
m01s03i217,3,217,128,,,,hfss,AP3hr,True,1,W m-2,ok,m01s03i217[lbproc=128],HadGEM3_mappings.cfg
m01s03i217,3,217,128,,,,hfss,APday,True,1,W m-2,ok,m01s03i217[lbproc=128],HadGEM3_mappings.cfg
m01s34i007,34,7,128,,,,hno3,AERmon,True,1,mol mol-1,ok,(MOLECULAR_MASS_OF_AIR / MOLECULAR_MASS_OF_HNO3) * m01s34i007[lbproc=128],HadGEM3_mappings.cfg
m01s34i007,34,7,128,,,,hno3,AEmonLev,True,1,mol mol-1,ok,(MOLECULAR_MASS_OF_AIR / MOLECULAR_MASS_OF_HNO3) * m01s34i007[lbproc=128],HadGEM3_mappings.cfg
m01s51i082,51,82,192,,,PLEV39,ho2,AERmonZ,False,2,mol mol-1,ok,"(MOLECULAR_MASS_OF_AIR / MOLECULAR_MASS_OF_HO2) * m01s51i082[blev=PLEV39, lbproc=192] / m01s51i999[blev=PLEV39, lbproc=192]",HadGEM3_mappings.cfg
m01s51i999,51,999,192,,,PLEV39,ho2,AERmonZ,False,2,mol mol-1,ok,"(MOLECULAR_MASS_OF_AIR / MOLECULAR_MASS_OF_HO2) * m01s51i082[blev=PLEV39, lbproc=192] / m01s51i999[blev=PLEV39, lbproc=192]",HadGEM3_mappings.cfg
m01s51i082,51,82,192,,,PLEV39,ho2,AEmonZ,False,2,mol mol-1,ok,"(MOLECULAR_MASS_OF_AIR / MOLECULAR_MASS_OF_HO2) * m01s51i082[blev=PLEV39, lbproc=192] / m01s51i999[blev=PLEV39, lbproc=192]",HadGEM3_mappings.cfg
m01s51i999,51,999,192,,,PLEV39,ho2,AEmonZ,False,2,mol mol-1,ok,"(MOLECULAR_MASS_OF_AIR / MOLECULAR_MASS_OF_HO2) * m01s51i082[blev=PLEV39, lbproc=192] / m01s51i999[blev=PLEV39, lbproc=192]",HadGEM3_mappings.cfg
m01s30i113,30,113,128,,,,hur,CFmon,True,1,%,ok,m01s30i113[lbproc=128],HadGEM3_mappings.cfg
m01s30i113,30,113,128,,,,hur,CFday,True,1,%,ok,m01s30i113[lbproc=128],HadGEM3_mappings.cfg
m01s30i113,30,113,128,,,,hur,APmonLev,True,1,%,ok,m01s30i113[lbproc=128],HadGEM3_mappings.cfg
m01s30i113,30,113,128,,,,hur,APdayLev,True,1,%,ok,m01s30i113[lbproc=128],HadGEM3_mappings.cfg
m01s30i296,30,296,128,,,P10,hur10,GCAmon,False,2,1,embargoed,"m01s30i296[blev=P10, lbproc=128] / m01s30i304[blev=P10, lbproc=128]",HadGEM3_mappings.cfg
m01s30i304,30,304,128,,,P10,hur10,GCAmon,False,2,1,embargoed,"m01s30i296[blev=P10, lbproc=128] / m01s30i304[blev=P10, lbproc=128]",HadGEM3_mappings.cfg
m01s30i296,30,296,128,,,P100,hur100,GCAmon,False,2,1,embargoed,"m01s30i296[blev=P100, lbproc=128] / m01s30i304[blev=P100, lbproc=128]",HadGEM3_mappings.cfg
m01s30i304,30,304,128,,,P100,hur100,GCAmon,False,2,1,embargoed,"m01s30i296[blev=P100, lbproc=128] / m01s30i304[blev=P100, lbproc=128]",HadGEM3_mappings.cfg
m01s30i296,30,296,128,,,P1000,hur1000,GCAmon,False,2,1,embargoed,"m01s30i296[blev=P1000, lbproc=128] / m01s30i304[blev=P1000, lbproc=128]",HadGEM3_mappings.cfg
m01s30i304,30,304,128,,,P1000,hur1000,GCAmon,False,2,1,embargoed,"m01s30i296[blev=P1000, lbproc=128] / m01s30i304[blev=P1000, lbproc=128]",HadGEM3_mappings.cfg
m01s30i296,30,296,128,,,P150,hur150,GCAmon,False,2,1,embargoed,"m01s30i296[blev=P150, lbproc=128] / m01s30i304[blev=P150, lbproc=128]",HadGEM3_mappings.cfg
m01s30i304,30,304,128,,,P150,hur150,GCAmon,False,2,1,embargoed,"m01s30i296[blev=P150, lbproc=128] / m01s30i304[blev=P150, lbproc=128]",HadGEM3_mappings.cfg
m01s30i296,30,296,128,,,P20,hur20,GCAmon,False,2,1,embargoed,"m01s30i296[blev=P20, lbproc=128] / m01s30i304[blev=P20, lbproc=128]",HadGEM3_mappings.cfg
m01s30i304,30,304,128,,,P20,hur20,GCAmon,False,2,1,embargoed,"m01s30i296[blev=P20, lbproc=128] / m01s30i304[blev=P20, lbproc=128]",HadGEM3_mappings.cfg
m01s30i296,30,296,128,,,P200,hur200,GCAmon,False,2,1,embargoed,"m01s30i296[blev=P200, lbproc=128] / m01s30i304[blev=P200, lbproc=128]",HadGEM3_mappings.cfg
m01s30i304,30,304,128,,,P200,hur200,GCAmon,False,2,1,embargoed,"m01s30i296[blev=P200, lbproc=128] / m01s30i304[blev=P200, lbproc=128]",HadGEM3_mappings.cfg
m01s30i296,30,296,128,,,P250,hur250,GCAmon,False,2,1,embargoed,"m01s30i296[blev=P250, lbproc=128] / m01s30i304[blev=P250, lbproc=128]",HadGEM3_mappings.cfg
m01s30i304,30,304,128,,,P250,hur250,GCAmon,False,2,1,embargoed,"m01s30i296[blev=P250, lbproc=128] / m01s30i304[blev=P250, lbproc=128]",HadGEM3_mappings.cfg
m01s30i296,30,296,128,,,P30,hur30,GCAmon,False,2,1,embargoed,"m01s30i296[blev=P30, lbproc=128] / m01s30i304[blev=P30, lbproc=128]",HadGEM3_mappings.cfg
m01s30i304,30,304,128,,,P30,hur30,GCAmon,False,2,1,embargoed,"m01s30i296[blev=P30, lbproc=128] / m01s30i304[blev=P30, lbproc=128]",HadGEM3_mappings.cfg
m01s30i296,30,296,128,,,P300,hur300,GCAmon,False,2,1,embargoed,"m01s30i296[blev=P300, lbproc=128] / m01s30i304[blev=P300, lbproc=128]",HadGEM3_mappings.cfg
m01s30i304,30,304,128,,,P300,hur300,GCAmon,False,2,1,embargoed,"m01s30i296[blev=P300, lbproc=128] / m01s30i304[blev=P300, lbproc=128]",HadGEM3_mappings.cfg
m01s30i296,30,296,128,,,P400,hur400,GCAmon,False,2,1,embargoed,"m01s30i296[blev=P400, lbproc=128] / m01s30i304[blev=P400, lbproc=128]",HadGEM3_mappings.cfg
m01s30i304,30,304,128,,,P400,hur400,GCAmon,False,2,1,embargoed,"m01s30i296[blev=P400, lbproc=128] / m01s30i304[blev=P400, lbproc=128]",HadGEM3_mappings.cfg
m01s30i296,30,296,128,,,P50,hur50,GCAmon,False,2,1,embargoed,"m01s30i296[blev=P50, lbproc=128] / m01s30i304[blev=P50, lbproc=128]",HadGEM3_mappings.cfg
m01s30i304,30,304,128,,,P50,hur50,GCAmon,False,2,1,embargoed,"m01s30i296[blev=P50, lbproc=128] / m01s30i304[blev=P50, lbproc=128]",HadGEM3_mappings.cfg
m01s30i296,30,296,128,,,P500,hur500,GCAmon,False,2,1,embargoed,"m01s30i296[blev=P500, lbproc=128] / m01s30i304[blev=P500, lbproc=128]",HadGEM3_mappings.cfg
m01s30i304,30,304,128,,,P500,hur500,GCAmon,False,2,1,embargoed,"m01s30i296[blev=P500, lbproc=128] / m01s30i304[blev=P500, lbproc=128]",HadGEM3_mappings.cfg
m01s30i296,30,296,128,,,P600,hur600,GCAmon,False,2,1,embargoed,"m01s30i296[blev=P600, lbproc=128] / m01s30i304[blev=P600, lbproc=128]",HadGEM3_mappings.cfg
m01s30i304,30,304,128,,,P600,hur600,GCAmon,False,2,1,embargoed,"m01s30i296[blev=P600, lbproc=128] / m01s30i304[blev=P600, lbproc=128]",HadGEM3_mappings.cfg
m01s30i296,30,296,128,,,P70,hur70,GCAmon,False,2,1,embargoed,"m01s30i296[blev=P70, lbproc=128] / m01s30i304[blev=P70, lbproc=128]",HadGEM3_mappings.cfg
m01s30i304,30,304,128,,,P70,hur70,GCAmon,False,2,1,embargoed,"m01s30i296[blev=P70, lbproc=128] / m01s30i304[blev=P70, lbproc=128]",HadGEM3_mappings.cfg
m01s30i296,30,296,128,,,P700,hur700,GCAmon,False,2,1,embargoed,"m01s30i296[blev=P700, lbproc=128] / m01s30i304[blev=P700, lbproc=128]",HadGEM3_mappings.cfg
m01s30i304,30,304,128,,,P700,hur700,GCAmon,False,2,1,embargoed,"m01s30i296[blev=P700, lbproc=128] / m01s30i304[blev=P700, lbproc=128]",HadGEM3_mappings.cfg
m01s30i296,30,296,128,,,P850,hur850,GCAmon,False,2,1,embargoed,"m01s30i296[blev=P850, lbproc=128] / m01s30i304[blev=P850, lbproc=128]",HadGEM3_mappings.cfg
m01s30i304,30,304,128,,,P850,hur850,GCAmon,False,2,1,embargoed,"m01s30i296[blev=P850, lbproc=128] / m01s30i304[blev=P850, lbproc=128]",HadGEM3_mappings.cfg
m01s30i296,30,296,128,,,P925,hur925,GCAmon,False,2,1,embargoed,"m01s30i296[blev=P925, lbproc=128] / m01s30i304[blev=P925, lbproc=128]",HadGEM3_mappings.cfg
m01s30i304,30,304,128,,,P925,hur925,GCAmon,False,2,1,embargoed,"m01s30i296[blev=P925, lbproc=128] / m01s30i304[blev=P925, lbproc=128]",HadGEM3_mappings.cfg
m01s03i245,3,245,128,,,,hurs,Amon,True,1,%,ok,m01s03i245[lbproc=128],HadGEM3_mappings.cfg
m01s03i245,3,245,128,,,,hurs,day,True,1,%,ok,m01s03i245[lbproc=128],HadGEM3_mappings.cfg
m01s03i245,3,245,128,,,,hurs,6hrPlev,True,1,%,ok,m01s03i245[lbproc=128],HadGEM3_mappings.cfg
m01s03i245,3,245,128,,,,hurs,APmon,True,1,%,ok,m01s03i245[lbproc=128],HadGEM3_mappings.cfg
m01s03i245,3,245,128,,,,hurs,APday,True,1,%,ok,m01s03i245[lbproc=128],HadGEM3_mappings.cfg
m01s03i245,3,245,128,,,,hurs,AP6hr,True,1,%,ok,m01s03i245[lbproc=128],HadGEM3_mappings.cfg
m01s03i245,3,245,8192,,,,hursmax,day,True,1,%,embargoed,m01s03i245[lbproc=8192],HadGEM3_mappings.cfg
m01s03i245,3,245,8192,,,,hursmax,APday,True,1,%,embargoed,m01s03i245[lbproc=8192],HadGEM3_mappings.cfg
m01s03i245,3,245,4096,,,,hursmin,day,True,1,%,embargoed,m01s03i245[lbproc=4096],HadGEM3_mappings.cfg
m01s03i245,3,245,4096,,,,hursmin,APday,True,1,%,embargoed,m01s03i245[lbproc=4096],HadGEM3_mappings.cfg
m01s03i245,3,245,4096,,,,hursminCrop,Eday,True,1,%,embargoed,m01s03i245[lbproc=4096],HadGEM3_mappings.cfg
m01s03i245,3,245,4096,,,,hursminCrop,APday,True,1,%,embargoed,m01s03i245[lbproc=4096],HadGEM3_mappings.cfg
m01s30i295,30,295,128,,,PLEV19,hus,Amon,False,2,1,ok,"m01s30i295[blev=PLEV19, lbproc=128] / m01s30i304[blev=PLEV19, lbproc=128]",HadGEM3_mappings.cfg
m01s30i304,30,304,128,,,PLEV19,hus,Amon,False,2,1,ok,"m01s30i295[blev=PLEV19, lbproc=128] / m01s30i304[blev=PLEV19, lbproc=128]",HadGEM3_mappings.cfg
m01s30i295,30,295,128,,,PLEV19,hus,Eday,False,2,1,ok,"m01s30i295[blev=PLEV19, lbproc=128] / m01s30i304[blev=PLEV19, lbproc=128]",HadGEM3_mappings.cfg
m01s30i304,30,304,128,,,PLEV19,hus,Eday,False,2,1,ok,"m01s30i295[blev=PLEV19, lbproc=128] / m01s30i304[blev=PLEV19, lbproc=128]",HadGEM3_mappings.cfg
m01s30i295,30,295,128,,,PLEV19,hus,APmon,False,2,1,ok,"m01s30i295[blev=PLEV19, lbproc=128] / m01s30i304[blev=PLEV19, lbproc=128]",HadGEM3_mappings.cfg
m01s30i304,30,304,128,,,PLEV19,hus,APmon,False,2,1,ok,"m01s30i295[blev=PLEV19, lbproc=128] / m01s30i304[blev=PLEV19, lbproc=128]",HadGEM3_mappings.cfg
m01s30i295,30,295,128,,,P10,hus10,GCAmon,False,2,1,embargoed,"m01s30i295[blev=P10, lbproc=128] / m01s30i304[blev=P10, lbproc=128]",HadGEM3_mappings.cfg
m01s30i304,30,304,128,,,P10,hus10,GCAmon,False,2,1,embargoed,"m01s30i295[blev=P10, lbproc=128] / m01s30i304[blev=P10, lbproc=128]",HadGEM3_mappings.cfg
m01s30i295,30,295,128,,,P100,hus100,GCAmon,False,2,1,embargoed,"m01s30i295[blev=P100, lbproc=128] / m01s30i304[blev=P100, lbproc=128]",HadGEM3_mappings.cfg
m01s30i304,30,304,128,,,P100,hus100,GCAmon,False,2,1,embargoed,"m01s30i295[blev=P100, lbproc=128] / m01s30i304[blev=P100, lbproc=128]",HadGEM3_mappings.cfg
m01s30i295,30,295,128,,,P1000,hus1000,GCAmon,False,2,1,embargoed,"m01s30i295[blev=P1000, lbproc=128] / m01s30i304[blev=P1000, lbproc=128]",HadGEM3_mappings.cfg
m01s30i304,30,304,128,,,P1000,hus1000,GCAmon,False,2,1,embargoed,"m01s30i295[blev=P1000, lbproc=128] / m01s30i304[blev=P1000, lbproc=128]",HadGEM3_mappings.cfg
m01s30i295,30,295,128,,,P1000,hus1000,GCday,False,2,1,embargoed,"m01s30i295[blev=P1000, lbproc=128] / m01s30i304[blev=P1000, lbproc=128]",HadGEM3_mappings.cfg
m01s30i304,30,304,128,,,P1000,hus1000,GCday,False,2,1,embargoed,"m01s30i295[blev=P1000, lbproc=128] / m01s30i304[blev=P1000, lbproc=128]",HadGEM3_mappings.cfg
m01s30i295,30,295,128,,,P1000,hus1000,mon,False,2,1,embargoed,"m01s30i295[blev=P1000, lbproc=128] / m01s30i304[blev=P1000, lbproc=128]",HadGEM3_mappings.cfg
m01s30i304,30,304,128,,,P1000,hus1000,mon,False,2,1,embargoed,"m01s30i295[blev=P1000, lbproc=128] / m01s30i304[blev=P1000, lbproc=128]",HadGEM3_mappings.cfg
m01s30i295,30,295,128,,,P1000,hus1000,day,False,2,1,embargoed,"m01s30i295[blev=P1000, lbproc=128] / m01s30i304[blev=P1000, lbproc=128]",HadGEM3_mappings.cfg
m01s30i304,30,304,128,,,P1000,hus1000,day,False,2,1,embargoed,"m01s30i295[blev=P1000, lbproc=128] / m01s30i304[blev=P1000, lbproc=128]",HadGEM3_mappings.cfg
m01s30i295,30,295,128,,,P1000,hus1000,6hr,False,2,1,embargoed,"m01s30i295[blev=P1000, lbproc=128] / m01s30i304[blev=P1000, lbproc=128]",HadGEM3_mappings.cfg
m01s30i304,30,304,128,,,P1000,hus1000,6hr,False,2,1,embargoed,"m01s30i295[blev=P1000, lbproc=128] / m01s30i304[blev=P1000, lbproc=128]",HadGEM3_mappings.cfg
m01s30i295,30,295,128,,,P150,hus150,GCAmon,False,2,1,embargoed,"m01s30i295[blev=P150, lbproc=128] / m01s30i304[blev=P150, lbproc=128]",HadGEM3_mappings.cfg
m01s30i304,30,304,128,,,P150,hus150,GCAmon,False,2,1,embargoed,"m01s30i295[blev=P150, lbproc=128] / m01s30i304[blev=P150, lbproc=128]",HadGEM3_mappings.cfg
m01s30i295,30,295,128,,,PLEV19,hus19,APmon,False,2,1,ok,"m01s30i295[blev=PLEV19, lbproc=128] / m01s30i304[blev=PLEV19, lbproc=128]",HadGEM3_mappings.cfg
m01s30i304,30,304,128,,,PLEV19,hus19,APmon,False,2,1,ok,"m01s30i295[blev=PLEV19, lbproc=128] / m01s30i304[blev=PLEV19, lbproc=128]",HadGEM3_mappings.cfg
m01s30i295,30,295,128,,,P20,hus20,GCAmon,False,2,1,embargoed,"m01s30i295[blev=P20, lbproc=128] / m01s30i304[blev=P20, lbproc=128]",HadGEM3_mappings.cfg
m01s30i304,30,304,128,,,P20,hus20,GCAmon,False,2,1,embargoed,"m01s30i295[blev=P20, lbproc=128] / m01s30i304[blev=P20, lbproc=128]",HadGEM3_mappings.cfg
m01s30i295,30,295,128,,,P200,hus200,GCAmon,False,2,1,embargoed,"m01s30i295[blev=P200, lbproc=128] / m01s30i304[blev=P200, lbproc=128]",HadGEM3_mappings.cfg
m01s30i304,30,304,128,,,P200,hus200,GCAmon,False,2,1,embargoed,"m01s30i295[blev=P200, lbproc=128] / m01s30i304[blev=P200, lbproc=128]",HadGEM3_mappings.cfg
m01s30i295,30,295,128,,,P200,hus200,GCday,False,2,1,embargoed,"m01s30i295[blev=P200, lbproc=128] / m01s30i304[blev=P200, lbproc=128]",HadGEM3_mappings.cfg
m01s30i304,30,304,128,,,P200,hus200,GCday,False,2,1,embargoed,"m01s30i295[blev=P200, lbproc=128] / m01s30i304[blev=P200, lbproc=128]",HadGEM3_mappings.cfg
m01s30i295,30,295,128,,,P250,hus250,GCAmon,False,2,1,embargoed,"m01s30i295[blev=P250, lbproc=128] / m01s30i304[blev=P250, lbproc=128]",HadGEM3_mappings.cfg
m01s30i304,30,304,128,,,P250,hus250,GCAmon,False,2,1,embargoed,"m01s30i295[blev=P250, lbproc=128] / m01s30i304[blev=P250, lbproc=128]",HadGEM3_mappings.cfg
m01s30i295,30,295,128,,,P250,hus250,GCday,False,2,1,embargoed,"m01s30i295[blev=P250, lbproc=128] / m01s30i304[blev=P250, lbproc=128]",HadGEM3_mappings.cfg
m01s30i304,30,304,128,,,P250,hus250,GCday,False,2,1,embargoed,"m01s30i295[blev=P250, lbproc=128] / m01s30i304[blev=P250, lbproc=128]",HadGEM3_mappings.cfg
m01s30i295,30,295,128,,,PLEV27,hus27,Emon,False,2,1,ok,"m01s30i295[blev=PLEV27, lbproc=128] / m01s30i304[blev=PLEV27, lbproc=128]",HadGEM3_mappings.cfg
m01s30i304,30,304,128,,,PLEV27,hus27,Emon,False,2,1,ok,"m01s30i295[blev=PLEV27, lbproc=128] / m01s30i304[blev=PLEV27, lbproc=128]",HadGEM3_mappings.cfg
m01s30i295,30,295,128,,,PLEV27,hus27,APmon,False,2,1,ok,"m01s30i295[blev=PLEV27, lbproc=128] / m01s30i304[blev=PLEV27, lbproc=128]",HadGEM3_mappings.cfg
m01s30i304,30,304,128,,,PLEV27,hus27,APmon,False,2,1,ok,"m01s30i295[blev=PLEV27, lbproc=128] / m01s30i304[blev=PLEV27, lbproc=128]",HadGEM3_mappings.cfg
m01s30i295,30,295,128,,,P30,hus30,GCAmon,False,2,1,embargoed,"m01s30i295[blev=P30, lbproc=128] / m01s30i304[blev=P30, lbproc=128]",HadGEM3_mappings.cfg
m01s30i304,30,304,128,,,P30,hus30,GCAmon,False,2,1,embargoed,"m01s30i295[blev=P30, lbproc=128] / m01s30i304[blev=P30, lbproc=128]",HadGEM3_mappings.cfg
m01s30i295,30,295,128,,,P300,hus300,GCAmon,False,2,1,embargoed,"m01s30i295[blev=P300, lbproc=128] / m01s30i304[blev=P300, lbproc=128]",HadGEM3_mappings.cfg
m01s30i304,30,304,128,,,P300,hus300,GCAmon,False,2,1,embargoed,"m01s30i295[blev=P300, lbproc=128] / m01s30i304[blev=P300, lbproc=128]",HadGEM3_mappings.cfg
m01s30i295,30,295,128,,,P300,hus300,GCday,False,2,1,embargoed,"m01s30i295[blev=P300, lbproc=128] / m01s30i304[blev=P300, lbproc=128]",HadGEM3_mappings.cfg
m01s30i304,30,304,128,,,P300,hus300,GCday,False,2,1,embargoed,"m01s30i295[blev=P300, lbproc=128] / m01s30i304[blev=P300, lbproc=128]",HadGEM3_mappings.cfg
m01s30i295,30,295,128,,,PLEV4,hus4,6hrPlev,False,2,1,embargoed,"m01s30i295[blev=PLEV4, lbproc=128] / m01s30i304[blev=PLEV4, lbproc=128]",HadGEM3_mappings.cfg
m01s30i304,30,304,128,,,PLEV4,hus4,6hrPlev,False,2,1,embargoed,"m01s30i295[blev=PLEV4, lbproc=128] / m01s30i304[blev=PLEV4, lbproc=128]",HadGEM3_mappings.cfg
m01s30i295,30,295,128,,,PLEV4,hus4,AP6hr,False,2,1,embargoed,"m01s30i295[blev=PLEV4, lbproc=128] / m01s30i304[blev=PLEV4, lbproc=128]",HadGEM3_mappings.cfg
m01s30i304,30,304,128,,,PLEV4,hus4,AP6hr,False,2,1,embargoed,"m01s30i295[blev=PLEV4, lbproc=128] / m01s30i304[blev=PLEV4, lbproc=128]",HadGEM3_mappings.cfg
m01s30i295,30,295,128,,,P400,hus400,GCAmon,False,2,1,embargoed,"m01s30i295[blev=P400, lbproc=128] / m01s30i304[blev=P400, lbproc=128]",HadGEM3_mappings.cfg
m01s30i304,30,304,128,,,P400,hus400,GCAmon,False,2,1,embargoed,"m01s30i295[blev=P400, lbproc=128] / m01s30i304[blev=P400, lbproc=128]",HadGEM3_mappings.cfg
m01s30i295,30,295,128,,,P400,hus400,GCday,False,2,1,embargoed,"m01s30i295[blev=P400, lbproc=128] / m01s30i304[blev=P400, lbproc=128]",HadGEM3_mappings.cfg
m01s30i304,30,304,128,,,P400,hus400,GCday,False,2,1,embargoed,"m01s30i295[blev=P400, lbproc=128] / m01s30i304[blev=P400, lbproc=128]",HadGEM3_mappings.cfg
m01s30i295,30,295,128,,,P50,hus50,GCAmon,False,2,1,embargoed,"m01s30i295[blev=P50, lbproc=128] / m01s30i304[blev=P50, lbproc=128]",HadGEM3_mappings.cfg
m01s30i304,30,304,128,,,P50,hus50,GCAmon,False,2,1,embargoed,"m01s30i295[blev=P50, lbproc=128] / m01s30i304[blev=P50, lbproc=128]",HadGEM3_mappings.cfg
m01s30i295,30,295,128,,,P500,hus500,GCAmon,False,2,1,embargoed,"m01s30i295[blev=P500, lbproc=128] / m01s30i304[blev=P500, lbproc=128]",HadGEM3_mappings.cfg
m01s30i304,30,304,128,,,P500,hus500,GCAmon,False,2,1,embargoed,"m01s30i295[blev=P500, lbproc=128] / m01s30i304[blev=P500, lbproc=128]",HadGEM3_mappings.cfg
m01s30i295,30,295,128,,,P500,hus500,GCday,False,2,1,embargoed,"m01s30i295[blev=P500, lbproc=128] / m01s30i304[blev=P500, lbproc=128]",HadGEM3_mappings.cfg
m01s30i304,30,304,128,,,P500,hus500,GCday,False,2,1,embargoed,"m01s30i295[blev=P500, lbproc=128] / m01s30i304[blev=P500, lbproc=128]",HadGEM3_mappings.cfg
m01s30i295,30,295,128,,,P600,hus600,GCAmon,False,2,1,embargoed,"m01s30i295[blev=P600, lbproc=128] / m01s30i304[blev=P600, lbproc=128]",HadGEM3_mappings.cfg
m01s30i304,30,304,128,,,P600,hus600,GCAmon,False,2,1,embargoed,"m01s30i295[blev=P600, lbproc=128] / m01s30i304[blev=P600, lbproc=128]",HadGEM3_mappings.cfg
m01s30i295,30,295,128,,,P600,hus600,GCday,False,2,1,embargoed,"m01s30i295[blev=P600, lbproc=128] / m01s30i304[blev=P600, lbproc=128]",HadGEM3_mappings.cfg
m01s30i304,30,304,128,,,P600,hus600,GCday,False,2,1,embargoed,"m01s30i295[blev=P600, lbproc=128] / m01s30i304[blev=P600, lbproc=128]",HadGEM3_mappings.cfg
m01s30i295,30,295,128,,,P70,hus70,GCAmon,False,2,1,embargoed,"m01s30i295[blev=P70, lbproc=128] / m01s30i304[blev=P70, lbproc=128]",HadGEM3_mappings.cfg
m01s30i304,30,304,128,,,P70,hus70,GCAmon,False,2,1,embargoed,"m01s30i295[blev=P70, lbproc=128] / m01s30i304[blev=P70, lbproc=128]",HadGEM3_mappings.cfg
m01s30i295,30,295,128,,,P700,hus700,GCAmon,False,2,1,embargoed,"m01s30i295[blev=P700, lbproc=128] / m01s30i304[blev=P700, lbproc=128]",HadGEM3_mappings.cfg
m01s30i304,30,304,128,,,P700,hus700,GCAmon,False,2,1,embargoed,"m01s30i295[blev=P700, lbproc=128] / m01s30i304[blev=P700, lbproc=128]",HadGEM3_mappings.cfg
m01s30i295,30,295,128,,,P700,hus700,GCday,False,2,1,embargoed,"m01s30i295[blev=P700, lbproc=128] / m01s30i304[blev=P700, lbproc=128]",HadGEM3_mappings.cfg
m01s30i304,30,304,128,,,P700,hus700,GCday,False,2,1,embargoed,"m01s30i295[blev=P700, lbproc=128] / m01s30i304[blev=P700, lbproc=128]",HadGEM3_mappings.cfg
m01s30i295,30,295,0,,,PLEV7H,hus7h,6hrPlevPt,False,2,1,ok,"m01s30i295[blev=PLEV7H, lbproc=0] / m01s30i304[blev=PLEV7H, lbproc=0]",HadGEM3_mappings.cfg
m01s30i304,30,304,0,,,PLEV7H,hus7h,6hrPlevPt,False,2,1,ok,"m01s30i295[blev=PLEV7H, lbproc=0] / m01s30i304[blev=PLEV7H, lbproc=0]",HadGEM3_mappings.cfg
m01s30i295,30,295,0,,,PLEV7H,hus7h,AP6hrPt,False,2,1,ok,"m01s30i295[blev=PLEV7H, lbproc=0] / m01s30i304[blev=PLEV7H, lbproc=0]",HadGEM3_mappings.cfg
m01s30i304,30,304,0,,,PLEV7H,hus7h,AP6hrPt,False,2,1,ok,"m01s30i295[blev=PLEV7H, lbproc=0] / m01s30i304[blev=PLEV7H, lbproc=0]",HadGEM3_mappings.cfg
m01s30i295,30,295,128,,,P850,hus850,GCAmon,False,2,1,ok,"m01s30i295[blev=P850, lbproc=128] / m01s30i304[blev=P850, lbproc=128]",HadGEM3_mappings.cfg
m01s30i304,30,304,128,,,P850,hus850,GCAmon,False,2,1,ok,"m01s30i295[blev=P850, lbproc=128] / m01s30i304[blev=P850, lbproc=128]",HadGEM3_mappings.cfg
m01s30i295,30,295,128,,,P850,hus850,GCday,False,2,1,ok,"m01s30i295[blev=P850, lbproc=128] / m01s30i304[blev=P850, lbproc=128]",HadGEM3_mappings.cfg
m01s30i304,30,304,128,,,P850,hus850,GCday,False,2,1,ok,"m01s30i295[blev=P850, lbproc=128] / m01s30i304[blev=P850, lbproc=128]",HadGEM3_mappings.cfg
m01s30i295,30,295,128,,,P850,hus850,Eday,False,2,1,ok,"m01s30i295[blev=P850, lbproc=128] / m01s30i304[blev=P850, lbproc=128]",HadGEM3_mappings.cfg
m01s30i304,30,304,128,,,P850,hus850,Eday,False,2,1,ok,"m01s30i295[blev=P850, lbproc=128] / m01s30i304[blev=P850, lbproc=128]",HadGEM3_mappings.cfg
m01s30i295,30,295,128,,,P850,hus850,APday,False,2,1,ok,"m01s30i295[blev=P850, lbproc=128] / m01s30i304[blev=P850, lbproc=128]",HadGEM3_mappings.cfg
m01s30i304,30,304,128,,,P850,hus850,APday,False,2,1,ok,"m01s30i295[blev=P850, lbproc=128] / m01s30i304[blev=P850, lbproc=128]",HadGEM3_mappings.cfg
m01s30i295,30,295,128,,,P925,hus925,GCAmon,False,2,1,embargoed,"m01s30i295[blev=P925, lbproc=128] / m01s30i304[blev=P925, lbproc=128]",HadGEM3_mappings.cfg
m01s30i304,30,304,128,,,P925,hus925,GCAmon,False,2,1,embargoed,"m01s30i295[blev=P925, lbproc=128] / m01s30i304[blev=P925, lbproc=128]",HadGEM3_mappings.cfg
m01s30i295,30,295,128,,,P925,hus925,GCday,False,2,1,embargoed,"m01s30i295[blev=P925, lbproc=128] / m01s30i304[blev=P925, lbproc=128]",HadGEM3_mappings.cfg
m01s30i304,30,304,128,,,P925,hus925,GCday,False,2,1,embargoed,"m01s30i295[blev=P925, lbproc=128] / m01s30i304[blev=P925, lbproc=128]",HadGEM3_mappings.cfg
m01s03i237,3,237,128,,,,huss,Amon,True,1,1,ok,m01s03i237[lbproc=128],HadGEM3_mappings.cfg
m01s03i237,3,237,128,,,,huss,day,True,1,1,ok,m01s03i237[lbproc=128],HadGEM3_mappings.cfg
m01s03i237,3,237,128,,,,huss,APmon,True,1,1,ok,m01s03i237[lbproc=128],HadGEM3_mappings.cfg
m01s03i237,3,237,128,,,,huss,APday,True,1,1,ok,m01s03i237[lbproc=128],HadGEM3_mappings.cfg
m01s30i425,30,425,128,,,,intuadse,Emon,False,2,J m-1 s-1,embargoed,SPECIFIC_HEAT_OF_DRY_AIR * m01s30i425[lbproc=128] + m01s30i422[lbproc=128],HadGEM3_mappings.cfg
m01s30i422,30,422,128,,,,intuadse,Emon,False,2,J m-1 s-1,embargoed,SPECIFIC_HEAT_OF_DRY_AIR * m01s30i425[lbproc=128] + m01s30i422[lbproc=128],HadGEM3_mappings.cfg
m01s30i425,30,425,128,,,,intuadse,APmon,False,2,J m-1 s-1,embargoed,SPECIFIC_HEAT_OF_DRY_AIR * m01s30i425[lbproc=128] + m01s30i422[lbproc=128],HadGEM3_mappings.cfg
m01s30i422,30,422,128,,,,intuadse,APmon,False,2,J m-1 s-1,embargoed,SPECIFIC_HEAT_OF_DRY_AIR * m01s30i425[lbproc=128] + m01s30i422[lbproc=128],HadGEM3_mappings.cfg
m01s30i462,30,462,128,,,,intuaw,Emon,True,1,kg m-1 s-1,ok,m01s30i462[lbproc=128],HadGEM3_mappings.cfg
m01s30i462,30,462,128,,,,intuaw,APmon,True,1,kg m-1 s-1,ok,m01s30i462[lbproc=128],HadGEM3_mappings.cfg
m01s30i426,30,426,128,,,,intvadse,Emon,False,2,J m-1 s-1,embargoed,SPECIFIC_HEAT_OF_DRY_AIR * m01s30i426[lbproc=128] + m01s30i423[lbproc=128],HadGEM3_mappings.cfg
m01s30i423,30,423,128,,,,intvadse,Emon,False,2,J m-1 s-1,embargoed,SPECIFIC_HEAT_OF_DRY_AIR * m01s30i426[lbproc=128] + m01s30i423[lbproc=128],HadGEM3_mappings.cfg
m01s30i426,30,426,128,,,,intvadse,APmon,False,2,J m-1 s-1,embargoed,SPECIFIC_HEAT_OF_DRY_AIR * m01s30i426[lbproc=128] + m01s30i423[lbproc=128],HadGEM3_mappings.cfg
m01s30i423,30,423,128,,,,intvadse,APmon,False,2,J m-1 s-1,embargoed,SPECIFIC_HEAT_OF_DRY_AIR * m01s30i426[lbproc=128] + m01s30i423[lbproc=128],HadGEM3_mappings.cfg
m01s30i463,30,463,128,,,,intvaw,Emon,True,1,kg m-1 s-1,ok,m01s30i463[lbproc=128],HadGEM3_mappings.cfg
m01s30i463,30,463,128,,,,intvaw,APmon,True,1,kg m-1 s-1,ok,m01s30i463[lbproc=128],HadGEM3_mappings.cfg
m01s34i027,34,27,128,,,,isop,AERmon,True,1,mol mol-1,ok,(MOLECULAR_MASS_OF_AIR / MOLECULAR_MASS_OF_ISOPRENE) * m01s34i027[lbproc=128],HadGEM3_mappings.cfg
m01s34i027,34,27,128,,,,isop,AEmonLev,True,1,mol mol-1,ok,(MOLECULAR_MASS_OF_AIR / MOLECULAR_MASS_OF_ISOPRENE) * m01s34i027[lbproc=128],HadGEM3_mappings.cfg
m01s50i229,50,229,128,,,,jno2,AERmon,True,1,s-1,ok,m01s50i229[lbproc=128],HadGEM3_mappings.cfg
m01s50i229,50,229,128,,,,jno2,AEmonLev,True,1,s-1,ok,m01s50i229[lbproc=128],HadGEM3_mappings.cfg
m01s52i245,52,245,192,,,PLEV39,jo2,EmonZ,False,2,s-1,ok,"m01s52i245[blev=PLEV39, lbproc=192] / m01s51i999[blev=PLEV39, lbproc=192]",HadGEM3_mappings.cfg
m01s51i999,51,999,192,,,PLEV39,jo2,EmonZ,False,2,s-1,ok,"m01s52i245[blev=PLEV39, lbproc=192] / m01s51i999[blev=PLEV39, lbproc=192]",HadGEM3_mappings.cfg
m01s52i245,52,245,192,,,PLEV39,jo2,APmonZ,False,2,s-1,ok,"m01s52i245[blev=PLEV39, lbproc=192] / m01s51i999[blev=PLEV39, lbproc=192]",HadGEM3_mappings.cfg
m01s51i999,51,999,192,,,PLEV39,jo2,APmonZ,False,2,s-1,ok,"m01s52i245[blev=PLEV39, lbproc=192] / m01s51i999[blev=PLEV39, lbproc=192]",HadGEM3_mappings.cfg
m01s52i246,52,246,192,,,PLEV39,jo3,EmonZ,False,2,s-1,ok,"m01s52i246[blev=PLEV39, lbproc=192] / m01s51i999[blev=PLEV39, lbproc=192]",HadGEM3_mappings.cfg
m01s51i999,51,999,192,,,PLEV39,jo3,EmonZ,False,2,s-1,ok,"m01s52i246[blev=PLEV39, lbproc=192] / m01s51i999[blev=PLEV39, lbproc=192]",HadGEM3_mappings.cfg
m01s52i246,52,246,192,,,PLEV39,jo3,APmonZ,False,2,s-1,ok,"m01s52i246[blev=PLEV39, lbproc=192] / m01s51i999[blev=PLEV39, lbproc=192]",HadGEM3_mappings.cfg
m01s51i999,51,999,192,,,PLEV39,jo3,APmonZ,False,2,s-1,ok,"m01s52i246[blev=PLEV39, lbproc=192] / m01s51i999[blev=PLEV39, lbproc=192]",HadGEM3_mappings.cfg
m01s02i469,2,469,128,,,,jpdftaureicemodis,Emon,False,2,1,ok,"jpdftaure_divide_by_mask(m01s02i469[lbproc=128], m01s02i330[lbproc=128])",HadGEM3_mappings.cfg
m01s02i330,2,330,128,,,,jpdftaureicemodis,Emon,False,2,1,ok,"jpdftaure_divide_by_mask(m01s02i469[lbproc=128], m01s02i330[lbproc=128])",HadGEM3_mappings.cfg
m01s02i469,2,469,128,,,,jpdftaureicemodis,Eday,False,2,1,ok,"jpdftaure_divide_by_mask(m01s02i469[lbproc=128], m01s02i330[lbproc=128])",HadGEM3_mappings.cfg
m01s02i330,2,330,128,,,,jpdftaureicemodis,Eday,False,2,1,ok,"jpdftaure_divide_by_mask(m01s02i469[lbproc=128], m01s02i330[lbproc=128])",HadGEM3_mappings.cfg
m01s02i469,2,469,128,,,,jpdftaureicemodis,APmon,False,2,1,ok,"jpdftaure_divide_by_mask(m01s02i469[lbproc=128], m01s02i330[lbproc=128])",HadGEM3_mappings.cfg
m01s02i330,2,330,128,,,,jpdftaureicemodis,APmon,False,2,1,ok,"jpdftaure_divide_by_mask(m01s02i469[lbproc=128], m01s02i330[lbproc=128])",HadGEM3_mappings.cfg
m01s02i469,2,469,128,,,,jpdftaureicemodis,APday,False,2,1,ok,"jpdftaure_divide_by_mask(m01s02i469[lbproc=128], m01s02i330[lbproc=128])",HadGEM3_mappings.cfg
m01s02i330,2,330,128,,,,jpdftaureicemodis,APday,False,2,1,ok,"jpdftaure_divide_by_mask(m01s02i469[lbproc=128], m01s02i330[lbproc=128])",HadGEM3_mappings.cfg
m01s02i468,2,468,128,,,,jpdftaureliqmodis,Emon,False,2,1,ok,"jpdftaure_divide_by_mask(m01s02i468[lbproc=128], m01s02i330[lbproc=128])",HadGEM3_mappings.cfg
m01s02i330,2,330,128,,,,jpdftaureliqmodis,Emon,False,2,1,ok,"jpdftaure_divide_by_mask(m01s02i468[lbproc=128], m01s02i330[lbproc=128])",HadGEM3_mappings.cfg
m01s02i468,2,468,128,,,,jpdftaureliqmodis,Eday,False,2,1,ok,"jpdftaure_divide_by_mask(m01s02i468[lbproc=128], m01s02i330[lbproc=128])",HadGEM3_mappings.cfg
m01s02i330,2,330,128,,,,jpdftaureliqmodis,Eday,False,2,1,ok,"jpdftaure_divide_by_mask(m01s02i468[lbproc=128], m01s02i330[lbproc=128])",HadGEM3_mappings.cfg
m01s02i468,2,468,128,,,,jpdftaureliqmodis,APmon,False,2,1,ok,"jpdftaure_divide_by_mask(m01s02i468[lbproc=128], m01s02i330[lbproc=128])",HadGEM3_mappings.cfg
m01s02i330,2,330,128,,,,jpdftaureliqmodis,APmon,False,2,1,ok,"jpdftaure_divide_by_mask(m01s02i468[lbproc=128], m01s02i330[lbproc=128])",HadGEM3_mappings.cfg
m01s02i468,2,468,128,,,,jpdftaureliqmodis,APday,False,2,1,ok,"jpdftaure_divide_by_mask(m01s02i468[lbproc=128], m01s02i330[lbproc=128])",HadGEM3_mappings.cfg
m01s02i330,2,330,128,,,,jpdftaureliqmodis,APday,False,2,1,ok,"jpdftaure_divide_by_mask(m01s02i468[lbproc=128], m01s02i330[lbproc=128])",HadGEM3_mappings.cfg
m01s03i318,3,318,128,,,,lai,Lmon,False,2,1,ok,"land_class_mean(m01s03i318[lbproc=128], m01s03i317[lbproc=128],
land_class='natural')",HadGEM3_mappings.cfg
m01s03i317,3,317,128,,,,lai,Lmon,False,2,1,ok,"land_class_mean(m01s03i318[lbproc=128], m01s03i317[lbproc=128],
land_class='natural')",HadGEM3_mappings.cfg
m01s03i318,3,318,128,,,,lai,LPmon,False,2,1,ok,"land_class_mean(m01s03i318[lbproc=128], m01s03i317[lbproc=128],
land_class='natural')",HadGEM3_mappings.cfg
m01s03i317,3,317,128,,,,lai,LPmon,False,2,1,ok,"land_class_mean(m01s03i318[lbproc=128], m01s03i317[lbproc=128],
land_class='natural')",HadGEM3_mappings.cfg
m01s17i257,17,257,128,,,,loaddust,Emon,False,2,kg m-2,ok,"calc_loaddust(m01s17i257[lbproc=128], m01s50i255[lbproc=128])",HadGEM3_mappings.cfg
m01s50i255,50,255,128,,,,loaddust,Emon,False,2,kg m-2,ok,"calc_loaddust(m01s17i257[lbproc=128], m01s50i255[lbproc=128])",HadGEM3_mappings.cfg
m01s17i257,17,257,128,,,,loaddust,Eday,False,2,kg m-2,ok,"calc_loaddust(m01s17i257[lbproc=128], m01s50i255[lbproc=128])",HadGEM3_mappings.cfg
m01s50i255,50,255,128,,,,loaddust,Eday,False,2,kg m-2,ok,"calc_loaddust(m01s17i257[lbproc=128], m01s50i255[lbproc=128])",HadGEM3_mappings.cfg
m01s17i257,17,257,128,,,,loaddust,APmon,False,2,kg m-2,ok,"calc_loaddust(m01s17i257[lbproc=128], m01s50i255[lbproc=128])",HadGEM3_mappings.cfg
m01s50i255,50,255,128,,,,loaddust,APmon,False,2,kg m-2,ok,"calc_loaddust(m01s17i257[lbproc=128], m01s50i255[lbproc=128])",HadGEM3_mappings.cfg
m01s17i257,17,257,128,,,,loaddust,APday,False,2,kg m-2,ok,"calc_loaddust(m01s17i257[lbproc=128], m01s50i255[lbproc=128])",HadGEM3_mappings.cfg
m01s50i255,50,255,128,,,,loaddust,APday,False,2,kg m-2,ok,"calc_loaddust(m01s17i257[lbproc=128], m01s50i255[lbproc=128])",HadGEM3_mappings.cfg
m01s50i247,50,247,128,,,,lossch4,AERmon,False,2,mol m-3 s-1,ok,m01s50i247[lbproc=128] / m01s50i255[lbproc=128],HadGEM3_mappings.cfg
m01s50i255,50,255,128,,,,lossch4,AERmon,False,2,mol m-3 s-1,ok,m01s50i247[lbproc=128] / m01s50i255[lbproc=128],HadGEM3_mappings.cfg
m01s50i247,50,247,128,,,,lossch4,AEmonLev,False,2,mol m-3 s-1,ok,m01s50i247[lbproc=128] / m01s50i255[lbproc=128],HadGEM3_mappings.cfg
m01s50i255,50,255,128,,,,lossch4,AEmonLev,False,2,mol m-3 s-1,ok,m01s50i247[lbproc=128] / m01s50i255[lbproc=128],HadGEM3_mappings.cfg
m01s50i071,50,71,128,,,,lossco,AERmon,False,2,mol m-3 s-1,ok,m01s50i071[lbproc=128] / m01s50i255[lbproc=128],HadGEM3_mappings.cfg
m01s50i255,50,255,128,,,,lossco,AERmon,False,2,mol m-3 s-1,ok,m01s50i071[lbproc=128] / m01s50i255[lbproc=128],HadGEM3_mappings.cfg
m01s50i071,50,71,128,,,,lossco,AEmonLev,False,2,mol m-3 s-1,ok,m01s50i071[lbproc=128] / m01s50i255[lbproc=128],HadGEM3_mappings.cfg
m01s50i255,50,255,128,,,,lossco,AEmonLev,False,2,mol m-3 s-1,ok,m01s50i071[lbproc=128] / m01s50i255[lbproc=128],HadGEM3_mappings.cfg
m01s02i391,2,391,128,,,,lwp,AERmon,True,1,kg m-2,ok,m01s02i391[lbproc=128],HadGEM3_mappings.cfg
m01s02i391,2,391,128,,,,lwp,AEmon,True,1,kg m-2,ok,m01s02i391[lbproc=128],HadGEM3_mappings.cfg
m01s03i304,3,304,8192,,,,maxpblz,AERday,True,1,m,ok,m01s03i304[lbproc=8192],HadGEM3_mappings.cfg
m01s03i304,3,304,8192,,,,maxpblz,AEday,True,1,m,ok,m01s03i304[lbproc=8192],HadGEM3_mappings.cfg
m01s05i250,5,250,128,,,,mc,Amon,False,2,kg m-2 s-1,ok,(m01s05i250[lbproc=128] - m01s05i251[lbproc=128]) / ACCELERATION_DUE_TO_EARTH_GRAVITY,HadGEM3_mappings.cfg
m01s05i251,5,251,128,,,,mc,Amon,False,2,kg m-2 s-1,ok,(m01s05i250[lbproc=128] - m01s05i251[lbproc=128]) / ACCELERATION_DUE_TO_EARTH_GRAVITY,HadGEM3_mappings.cfg
m01s05i250,5,250,128,,,,mc,CFday,False,2,kg m-2 s-1,ok,(m01s05i250[lbproc=128] - m01s05i251[lbproc=128]) / ACCELERATION_DUE_TO_EARTH_GRAVITY,HadGEM3_mappings.cfg
m01s05i251,5,251,128,,,,mc,CFday,False,2,kg m-2 s-1,ok,(m01s05i250[lbproc=128] - m01s05i251[lbproc=128]) / ACCELERATION_DUE_TO_EARTH_GRAVITY,HadGEM3_mappings.cfg
m01s05i250,5,250,128,,,,mc,APmonLev,False,2,kg m-2 s-1,ok,(m01s05i250[lbproc=128] - m01s05i251[lbproc=128]) / ACCELERATION_DUE_TO_EARTH_GRAVITY,HadGEM3_mappings.cfg
m01s05i251,5,251,128,,,,mc,APmonLev,False,2,kg m-2 s-1,ok,(m01s05i250[lbproc=128] - m01s05i251[lbproc=128]) / ACCELERATION_DUE_TO_EARTH_GRAVITY,HadGEM3_mappings.cfg
m01s05i250,5,250,128,,,,mc,APdayLev,False,2,kg m-2 s-1,ok,(m01s05i250[lbproc=128] - m01s05i251[lbproc=128]) / ACCELERATION_DUE_TO_EARTH_GRAVITY,HadGEM3_mappings.cfg
m01s05i251,5,251,128,,,,mc,APdayLev,False,2,kg m-2 s-1,ok,(m01s05i250[lbproc=128] - m01s05i251[lbproc=128]) / ACCELERATION_DUE_TO_EARTH_GRAVITY,HadGEM3_mappings.cfg
m01s05i251,5,251,128,,,,mcd,CFmon,True,1,kg m-2 s-1,ok,m01s05i251[lbproc=128] / ACCELERATION_DUE_TO_EARTH_GRAVITY,HadGEM3_mappings.cfg
m01s05i251,5,251,128,,,,mcd,APmonLev,True,1,kg m-2 s-1,ok,m01s05i251[lbproc=128] / ACCELERATION_DUE_TO_EARTH_GRAVITY,HadGEM3_mappings.cfg
m01s05i250,5,250,128,,,,mcu,CFmon,True,1,kg m-2 s-1,ok,m01s05i250[lbproc=128] / ACCELERATION_DUE_TO_EARTH_GRAVITY,HadGEM3_mappings.cfg
m01s05i250,5,250,128,,,,mcu,APmonLev,True,1,kg m-2 s-1,ok,m01s05i250[lbproc=128] / ACCELERATION_DUE_TO_EARTH_GRAVITY,HadGEM3_mappings.cfg
m01s51i150,51,150,192,,,PLEV39,meanage,AERmonZ,False,2,yr,ok,"(m01s51i150[blev=PLEV39, lbproc=192] / m01s51i999[blev=PLEV39, lbproc=192]) / (SECONDS_IN_DAY * DAYS_IN_YEAR)",HadGEM3_mappings.cfg
m01s51i999,51,999,192,,,PLEV39,meanage,AERmonZ,False,2,yr,ok,"(m01s51i150[blev=PLEV39, lbproc=192] / m01s51i999[blev=PLEV39, lbproc=192]) / (SECONDS_IN_DAY * DAYS_IN_YEAR)",HadGEM3_mappings.cfg
m01s51i150,51,150,192,,,PLEV39,meanage,AEmonZ,False,2,yr,ok,"(m01s51i150[blev=PLEV39, lbproc=192] / m01s51i999[blev=PLEV39, lbproc=192]) / (SECONDS_IN_DAY * DAYS_IN_YEAR)",HadGEM3_mappings.cfg
m01s51i999,51,999,192,,,PLEV39,meanage,AEmonZ,False,2,yr,ok,"(m01s51i150[blev=PLEV39, lbproc=192] / m01s51i999[blev=PLEV39, lbproc=192]) / (SECONDS_IN_DAY * DAYS_IN_YEAR)",HadGEM3_mappings.cfg
m01s03i304,3,304,4096,,,,minpblz,AERday,True,1,m,ok,m01s03i304[lbproc=4096],HadGEM3_mappings.cfg
m01s03i304,3,304,4096,,,,minpblz,AEday,True,1,m,ok,m01s03i304[lbproc=4096],HadGEM3_mappings.cfg
m01s34i105,34,105,128,,,,mmrbc,AERmon,False,4,kg kg-1,ok,m01s34i105[lbproc=128] + m01s34i109[lbproc=128] + m01s34i115[lbproc=128] + m01s34i120[lbproc=128],HadGEM3_mappings.cfg
m01s34i109,34,109,128,,,,mmrbc,AERmon,False,4,kg kg-1,ok,m01s34i105[lbproc=128] + m01s34i109[lbproc=128] + m01s34i115[lbproc=128] + m01s34i120[lbproc=128],HadGEM3_mappings.cfg
m01s34i115,34,115,128,,,,mmrbc,AERmon,False,4,kg kg-1,ok,m01s34i105[lbproc=128] + m01s34i109[lbproc=128] + m01s34i115[lbproc=128] + m01s34i120[lbproc=128],HadGEM3_mappings.cfg
m01s34i120,34,120,128,,,,mmrbc,AERmon,False,4,kg kg-1,ok,m01s34i105[lbproc=128] + m01s34i109[lbproc=128] + m01s34i115[lbproc=128] + m01s34i120[lbproc=128],HadGEM3_mappings.cfg
m01s34i105,34,105,128,,,,mmrbc,AEmonLev,False,4,kg kg-1,ok,m01s34i105[lbproc=128] + m01s34i109[lbproc=128] + m01s34i115[lbproc=128] + m01s34i120[lbproc=128],HadGEM3_mappings.cfg
m01s34i109,34,109,128,,,,mmrbc,AEmonLev,False,4,kg kg-1,ok,m01s34i105[lbproc=128] + m01s34i109[lbproc=128] + m01s34i115[lbproc=128] + m01s34i120[lbproc=128],HadGEM3_mappings.cfg
m01s34i115,34,115,128,,,,mmrbc,AEmonLev,False,4,kg kg-1,ok,m01s34i105[lbproc=128] + m01s34i109[lbproc=128] + m01s34i115[lbproc=128] + m01s34i120[lbproc=128],HadGEM3_mappings.cfg
m01s34i120,34,120,128,,,,mmrbc,AEmonLev,False,4,kg kg-1,ok,m01s34i105[lbproc=128] + m01s34i109[lbproc=128] + m01s34i115[lbproc=128] + m01s34i120[lbproc=128],HadGEM3_mappings.cfg
m01s00i431,0,431,128,,,,mmrdust,AERmon,False,6,kg kg-1,ok,m01s00i431[lbproc=128] + m01s00i432[lbproc=128] + m01s00i433[lbproc=128] + m01s00i434[lbproc=128] + m01s00i435[lbproc=128] + m01s00i436[lbproc=128],HadGEM3_mappings.cfg
m01s00i432,0,432,128,,,,mmrdust,AERmon,False,6,kg kg-1,ok,m01s00i431[lbproc=128] + m01s00i432[lbproc=128] + m01s00i433[lbproc=128] + m01s00i434[lbproc=128] + m01s00i435[lbproc=128] + m01s00i436[lbproc=128],HadGEM3_mappings.cfg
m01s00i433,0,433,128,,,,mmrdust,AERmon,False,6,kg kg-1,ok,m01s00i431[lbproc=128] + m01s00i432[lbproc=128] + m01s00i433[lbproc=128] + m01s00i434[lbproc=128] + m01s00i435[lbproc=128] + m01s00i436[lbproc=128],HadGEM3_mappings.cfg
m01s00i434,0,434,128,,,,mmrdust,AERmon,False,6,kg kg-1,ok,m01s00i431[lbproc=128] + m01s00i432[lbproc=128] + m01s00i433[lbproc=128] + m01s00i434[lbproc=128] + m01s00i435[lbproc=128] + m01s00i436[lbproc=128],HadGEM3_mappings.cfg
m01s00i435,0,435,128,,,,mmrdust,AERmon,False,6,kg kg-1,ok,m01s00i431[lbproc=128] + m01s00i432[lbproc=128] + m01s00i433[lbproc=128] + m01s00i434[lbproc=128] + m01s00i435[lbproc=128] + m01s00i436[lbproc=128],HadGEM3_mappings.cfg
m01s00i436,0,436,128,,,,mmrdust,AERmon,False,6,kg kg-1,ok,m01s00i431[lbproc=128] + m01s00i432[lbproc=128] + m01s00i433[lbproc=128] + m01s00i434[lbproc=128] + m01s00i435[lbproc=128] + m01s00i436[lbproc=128],HadGEM3_mappings.cfg
m01s00i431,0,431,128,,,,mmrdust,AEmonLev,False,6,kg kg-1,ok,m01s00i431[lbproc=128] + m01s00i432[lbproc=128] + m01s00i433[lbproc=128] + m01s00i434[lbproc=128] + m01s00i435[lbproc=128] + m01s00i436[lbproc=128],HadGEM3_mappings.cfg
m01s00i432,0,432,128,,,,mmrdust,AEmonLev,False,6,kg kg-1,ok,m01s00i431[lbproc=128] + m01s00i432[lbproc=128] + m01s00i433[lbproc=128] + m01s00i434[lbproc=128] + m01s00i435[lbproc=128] + m01s00i436[lbproc=128],HadGEM3_mappings.cfg
m01s00i433,0,433,128,,,,mmrdust,AEmonLev,False,6,kg kg-1,ok,m01s00i431[lbproc=128] + m01s00i432[lbproc=128] + m01s00i433[lbproc=128] + m01s00i434[lbproc=128] + m01s00i435[lbproc=128] + m01s00i436[lbproc=128],HadGEM3_mappings.cfg
m01s00i434,0,434,128,,,,mmrdust,AEmonLev,False,6,kg kg-1,ok,m01s00i431[lbproc=128] + m01s00i432[lbproc=128] + m01s00i433[lbproc=128] + m01s00i434[lbproc=128] + m01s00i435[lbproc=128] + m01s00i436[lbproc=128],HadGEM3_mappings.cfg
m01s00i435,0,435,128,,,,mmrdust,AEmonLev,False,6,kg kg-1,ok,m01s00i431[lbproc=128] + m01s00i432[lbproc=128] + m01s00i433[lbproc=128] + m01s00i434[lbproc=128] + m01s00i435[lbproc=128] + m01s00i436[lbproc=128],HadGEM3_mappings.cfg
m01s00i436,0,436,128,,,,mmrdust,AEmonLev,False,6,kg kg-1,ok,m01s00i431[lbproc=128] + m01s00i432[lbproc=128] + m01s00i433[lbproc=128] + m01s00i434[lbproc=128] + m01s00i435[lbproc=128] + m01s00i436[lbproc=128],HadGEM3_mappings.cfg
m01s34i106,34,106,128,,,,mmroa,AERmon,False,5,kg kg-1,ok,m01s34i106[lbproc=128] + m01s34i110[lbproc=128] + m01s34i116[lbproc=128] + m01s34i121[lbproc=128] + m01s34i126[lbproc=128],HadGEM3_mappings.cfg
m01s34i110,34,110,128,,,,mmroa,AERmon,False,5,kg kg-1,ok,m01s34i106[lbproc=128] + m01s34i110[lbproc=128] + m01s34i116[lbproc=128] + m01s34i121[lbproc=128] + m01s34i126[lbproc=128],HadGEM3_mappings.cfg
m01s34i116,34,116,128,,,,mmroa,AERmon,False,5,kg kg-1,ok,m01s34i106[lbproc=128] + m01s34i110[lbproc=128] + m01s34i116[lbproc=128] + m01s34i121[lbproc=128] + m01s34i126[lbproc=128],HadGEM3_mappings.cfg
m01s34i121,34,121,128,,,,mmroa,AERmon,False,5,kg kg-1,ok,m01s34i106[lbproc=128] + m01s34i110[lbproc=128] + m01s34i116[lbproc=128] + m01s34i121[lbproc=128] + m01s34i126[lbproc=128],HadGEM3_mappings.cfg
m01s34i126,34,126,128,,,,mmroa,AERmon,False,5,kg kg-1,ok,m01s34i106[lbproc=128] + m01s34i110[lbproc=128] + m01s34i116[lbproc=128] + m01s34i121[lbproc=128] + m01s34i126[lbproc=128],HadGEM3_mappings.cfg
m01s34i106,34,106,128,,,,mmroa,AEmonLev,False,5,kg kg-1,ok,m01s34i106[lbproc=128] + m01s34i110[lbproc=128] + m01s34i116[lbproc=128] + m01s34i121[lbproc=128] + m01s34i126[lbproc=128],HadGEM3_mappings.cfg
m01s34i110,34,110,128,,,,mmroa,AEmonLev,False,5,kg kg-1,ok,m01s34i106[lbproc=128] + m01s34i110[lbproc=128] + m01s34i116[lbproc=128] + m01s34i121[lbproc=128] + m01s34i126[lbproc=128],HadGEM3_mappings.cfg
m01s34i116,34,116,128,,,,mmroa,AEmonLev,False,5,kg kg-1,ok,m01s34i106[lbproc=128] + m01s34i110[lbproc=128] + m01s34i116[lbproc=128] + m01s34i121[lbproc=128] + m01s34i126[lbproc=128],HadGEM3_mappings.cfg
m01s34i121,34,121,128,,,,mmroa,AEmonLev,False,5,kg kg-1,ok,m01s34i106[lbproc=128] + m01s34i110[lbproc=128] + m01s34i116[lbproc=128] + m01s34i121[lbproc=128] + m01s34i126[lbproc=128],HadGEM3_mappings.cfg
m01s34i126,34,126,128,,,,mmroa,AEmonLev,False,5,kg kg-1,ok,m01s34i106[lbproc=128] + m01s34i110[lbproc=128] + m01s34i116[lbproc=128] + m01s34i121[lbproc=128] + m01s34i126[lbproc=128],HadGEM3_mappings.cfg
m01s34i102,34,102,128,,,,mmrso4,AERmon,False,4,kg kg-1,ok,(MOLECULAR_MASS_OF_SO4 / MOLECULAR_MASS_OF_H2SO4) * (m01s34i102[lbproc=128] + m01s34i104[lbproc=128] + m01s34i108[lbproc=128] + m01s34i114[lbproc=128]),HadGEM3_mappings.cfg
m01s34i104,34,104,128,,,,mmrso4,AERmon,False,4,kg kg-1,ok,(MOLECULAR_MASS_OF_SO4 / MOLECULAR_MASS_OF_H2SO4) * (m01s34i102[lbproc=128] + m01s34i104[lbproc=128] + m01s34i108[lbproc=128] + m01s34i114[lbproc=128]),HadGEM3_mappings.cfg
m01s34i108,34,108,128,,,,mmrso4,AERmon,False,4,kg kg-1,ok,(MOLECULAR_MASS_OF_SO4 / MOLECULAR_MASS_OF_H2SO4) * (m01s34i102[lbproc=128] + m01s34i104[lbproc=128] + m01s34i108[lbproc=128] + m01s34i114[lbproc=128]),HadGEM3_mappings.cfg
m01s34i114,34,114,128,,,,mmrso4,AERmon,False,4,kg kg-1,ok,(MOLECULAR_MASS_OF_SO4 / MOLECULAR_MASS_OF_H2SO4) * (m01s34i102[lbproc=128] + m01s34i104[lbproc=128] + m01s34i108[lbproc=128] + m01s34i114[lbproc=128]),HadGEM3_mappings.cfg
m01s34i102,34,102,128,,,,mmrso4,AEmonLev,False,4,kg kg-1,ok,(MOLECULAR_MASS_OF_SO4 / MOLECULAR_MASS_OF_H2SO4) * (m01s34i102[lbproc=128] + m01s34i104[lbproc=128] + m01s34i108[lbproc=128] + m01s34i114[lbproc=128]),HadGEM3_mappings.cfg
m01s34i104,34,104,128,,,,mmrso4,AEmonLev,False,4,kg kg-1,ok,(MOLECULAR_MASS_OF_SO4 / MOLECULAR_MASS_OF_H2SO4) * (m01s34i102[lbproc=128] + m01s34i104[lbproc=128] + m01s34i108[lbproc=128] + m01s34i114[lbproc=128]),HadGEM3_mappings.cfg
m01s34i108,34,108,128,,,,mmrso4,AEmonLev,False,4,kg kg-1,ok,(MOLECULAR_MASS_OF_SO4 / MOLECULAR_MASS_OF_H2SO4) * (m01s34i102[lbproc=128] + m01s34i104[lbproc=128] + m01s34i108[lbproc=128] + m01s34i114[lbproc=128]),HadGEM3_mappings.cfg
m01s34i114,34,114,128,,,,mmrso4,AEmonLev,False,4,kg kg-1,ok,(MOLECULAR_MASS_OF_SO4 / MOLECULAR_MASS_OF_H2SO4) * (m01s34i102[lbproc=128] + m01s34i104[lbproc=128] + m01s34i108[lbproc=128] + m01s34i114[lbproc=128]),HadGEM3_mappings.cfg
m01s34i111,34,111,128,,,,mmrss,AERmon,False,2,kg kg-1,ok,m01s34i111[lbproc=128] + m01s34i117[lbproc=128],HadGEM3_mappings.cfg
m01s34i117,34,117,128,,,,mmrss,AERmon,False,2,kg kg-1,ok,m01s34i111[lbproc=128] + m01s34i117[lbproc=128],HadGEM3_mappings.cfg
m01s34i111,34,111,128,,,,mmrss,AEmonLev,False,2,kg kg-1,ok,m01s34i111[lbproc=128] + m01s34i117[lbproc=128],HadGEM3_mappings.cfg
m01s34i117,34,117,128,,,,mmrss,AEmonLev,False,2,kg kg-1,ok,m01s34i111[lbproc=128] + m01s34i117[lbproc=128],HadGEM3_mappings.cfg
m01s08i223,8,223,128,,,,mrfso,Lmon,False,4,kg m-2,ok,level_sum(m01s08i223[lbproc=128] * m01s08i230[lbproc=128] / (m01s08i230[lbproc=128] + m01s08i229[lbproc=128])),HadGEM3_mappings.cfg
m01s08i230,8,230,128,,,,mrfso,Lmon,False,4,kg m-2,ok,level_sum(m01s08i223[lbproc=128] * m01s08i230[lbproc=128] / (m01s08i230[lbproc=128] + m01s08i229[lbproc=128])),HadGEM3_mappings.cfg
m01s08i230,8,230,128,,,,mrfso,Lmon,False,4,kg m-2,ok,level_sum(m01s08i223[lbproc=128] * m01s08i230[lbproc=128] / (m01s08i230[lbproc=128] + m01s08i229[lbproc=128])),HadGEM3_mappings.cfg
m01s08i229,8,229,128,,,,mrfso,Lmon,False,4,kg m-2,ok,level_sum(m01s08i223[lbproc=128] * m01s08i230[lbproc=128] / (m01s08i230[lbproc=128] + m01s08i229[lbproc=128])),HadGEM3_mappings.cfg
m01s08i223,8,223,128,,,,mrfso,LPmon,False,4,kg m-2,ok,level_sum(m01s08i223[lbproc=128] * m01s08i230[lbproc=128] / (m01s08i230[lbproc=128] + m01s08i229[lbproc=128])),HadGEM3_mappings.cfg
m01s08i230,8,230,128,,,,mrfso,LPmon,False,4,kg m-2,ok,level_sum(m01s08i223[lbproc=128] * m01s08i230[lbproc=128] / (m01s08i230[lbproc=128] + m01s08i229[lbproc=128])),HadGEM3_mappings.cfg
m01s08i230,8,230,128,,,,mrfso,LPmon,False,4,kg m-2,ok,level_sum(m01s08i223[lbproc=128] * m01s08i230[lbproc=128] / (m01s08i230[lbproc=128] + m01s08i229[lbproc=128])),HadGEM3_mappings.cfg
m01s08i229,8,229,128,,,,mrfso,LPmon,False,4,kg m-2,ok,level_sum(m01s08i223[lbproc=128] * m01s08i230[lbproc=128] / (m01s08i230[lbproc=128] + m01s08i229[lbproc=128])),HadGEM3_mappings.cfg
m01s08i230,8,230,128,,,,mrfsofr,Eday,False,3,1.0,embargoed,m01s08i230[lbproc=128] / (m01s08i230[lbproc=128] + m01s08i229[lbproc=128]),HadGEM3_mappings.cfg
m01s08i230,8,230,128,,,,mrfsofr,Eday,False,3,1.0,embargoed,m01s08i230[lbproc=128] / (m01s08i230[lbproc=128] + m01s08i229[lbproc=128]),HadGEM3_mappings.cfg
m01s08i229,8,229,128,,,,mrfsofr,Eday,False,3,1.0,embargoed,m01s08i230[lbproc=128] / (m01s08i230[lbproc=128] + m01s08i229[lbproc=128]),HadGEM3_mappings.cfg
m01s08i230,8,230,128,,,,mrfsofr,LPday,False,3,1.0,embargoed,m01s08i230[lbproc=128] / (m01s08i230[lbproc=128] + m01s08i229[lbproc=128]),HadGEM3_mappings.cfg
m01s08i230,8,230,128,,,,mrfsofr,LPday,False,3,1.0,embargoed,m01s08i230[lbproc=128] / (m01s08i230[lbproc=128] + m01s08i229[lbproc=128]),HadGEM3_mappings.cfg
m01s08i229,8,229,128,,,,mrfsofr,LPday,False,3,1.0,embargoed,m01s08i230[lbproc=128] / (m01s08i230[lbproc=128] + m01s08i229[lbproc=128]),HadGEM3_mappings.cfg
m01s08i229,8,229,128,,,,mrlqso,Eday,False,3,1.0,embargoed,m01s08i229[lbproc=128] / (m01s08i230[lbproc=128] + m01s08i229[lbproc=128]),HadGEM3_mappings.cfg
m01s08i230,8,230,128,,,,mrlqso,Eday,False,3,1.0,embargoed,m01s08i229[lbproc=128] / (m01s08i230[lbproc=128] + m01s08i229[lbproc=128]),HadGEM3_mappings.cfg
m01s08i229,8,229,128,,,,mrlqso,Eday,False,3,1.0,embargoed,m01s08i229[lbproc=128] / (m01s08i230[lbproc=128] + m01s08i229[lbproc=128]),HadGEM3_mappings.cfg
m01s08i229,8,229,128,,,,mrlqso,LPday,False,3,1.0,embargoed,m01s08i229[lbproc=128] / (m01s08i230[lbproc=128] + m01s08i229[lbproc=128]),HadGEM3_mappings.cfg
m01s08i230,8,230,128,,,,mrlqso,LPday,False,3,1.0,embargoed,m01s08i229[lbproc=128] / (m01s08i230[lbproc=128] + m01s08i229[lbproc=128]),HadGEM3_mappings.cfg
m01s08i229,8,229,128,,,,mrlqso,LPday,False,3,1.0,embargoed,m01s08i229[lbproc=128] / (m01s08i230[lbproc=128] + m01s08i229[lbproc=128]),HadGEM3_mappings.cfg
m01s08i223,8,223,128,,,,mrlso,Emon,False,4,kg m-2,ok,level_sum(m01s08i223[lbproc=128] * m01s08i229[lbproc=128] / (m01s08i230[lbproc=128] + m01s08i229[lbproc=128])),HadGEM3_mappings.cfg
m01s08i229,8,229,128,,,,mrlso,Emon,False,4,kg m-2,ok,level_sum(m01s08i223[lbproc=128] * m01s08i229[lbproc=128] / (m01s08i230[lbproc=128] + m01s08i229[lbproc=128])),HadGEM3_mappings.cfg
m01s08i230,8,230,128,,,,mrlso,Emon,False,4,kg m-2,ok,level_sum(m01s08i223[lbproc=128] * m01s08i229[lbproc=128] / (m01s08i230[lbproc=128] + m01s08i229[lbproc=128])),HadGEM3_mappings.cfg
m01s08i229,8,229,128,,,,mrlso,Emon,False,4,kg m-2,ok,level_sum(m01s08i223[lbproc=128] * m01s08i229[lbproc=128] / (m01s08i230[lbproc=128] + m01s08i229[lbproc=128])),HadGEM3_mappings.cfg
m01s08i223,8,223,128,,,,mrlso,LPmon,False,4,kg m-2,ok,level_sum(m01s08i223[lbproc=128] * m01s08i229[lbproc=128] / (m01s08i230[lbproc=128] + m01s08i229[lbproc=128])),HadGEM3_mappings.cfg
m01s08i229,8,229,128,,,,mrlso,LPmon,False,4,kg m-2,ok,level_sum(m01s08i223[lbproc=128] * m01s08i229[lbproc=128] / (m01s08i230[lbproc=128] + m01s08i229[lbproc=128])),HadGEM3_mappings.cfg
m01s08i230,8,230,128,,,,mrlso,LPmon,False,4,kg m-2,ok,level_sum(m01s08i223[lbproc=128] * m01s08i229[lbproc=128] / (m01s08i230[lbproc=128] + m01s08i229[lbproc=128])),HadGEM3_mappings.cfg
m01s08i229,8,229,128,,,,mrlso,LPmon,False,4,kg m-2,ok,level_sum(m01s08i223[lbproc=128] * m01s08i229[lbproc=128] / (m01s08i230[lbproc=128] + m01s08i229[lbproc=128])),HadGEM3_mappings.cfg
m01s08i234,8,234,128,,,,mrro,3hr,False,2,kg m-2 s-1,ok,m01s08i234[lbproc=128] + m01s08i235[lbproc=128],HadGEM3_mappings.cfg
m01s08i235,8,235,128,,,,mrro,3hr,False,2,kg m-2 s-1,ok,m01s08i234[lbproc=128] + m01s08i235[lbproc=128],HadGEM3_mappings.cfg
m01s08i234,8,234,128,,,,mrro,day,False,2,kg m-2 s-1,ok,m01s08i234[lbproc=128] + m01s08i235[lbproc=128],HadGEM3_mappings.cfg
m01s08i235,8,235,128,,,,mrro,day,False,2,kg m-2 s-1,ok,m01s08i234[lbproc=128] + m01s08i235[lbproc=128],HadGEM3_mappings.cfg
m01s08i234,8,234,128,,,,mrro,Lmon,False,2,kg m-2 s-1,ok,m01s08i234[lbproc=128] + m01s08i235[lbproc=128],HadGEM3_mappings.cfg
m01s08i235,8,235,128,,,,mrro,Lmon,False,2,kg m-2 s-1,ok,m01s08i234[lbproc=128] + m01s08i235[lbproc=128],HadGEM3_mappings.cfg
m01s08i234,8,234,128,,,,mrro,LP3hr,False,2,kg m-2 s-1,ok,m01s08i234[lbproc=128] + m01s08i235[lbproc=128],HadGEM3_mappings.cfg
m01s08i235,8,235,128,,,,mrro,LP3hr,False,2,kg m-2 s-1,ok,m01s08i234[lbproc=128] + m01s08i235[lbproc=128],HadGEM3_mappings.cfg
m01s08i234,8,234,128,,,,mrro,LPday,False,2,kg m-2 s-1,ok,m01s08i234[lbproc=128] + m01s08i235[lbproc=128],HadGEM3_mappings.cfg
m01s08i235,8,235,128,,,,mrro,LPday,False,2,kg m-2 s-1,ok,m01s08i234[lbproc=128] + m01s08i235[lbproc=128],HadGEM3_mappings.cfg
m01s08i234,8,234,128,,,,mrro,LPmon,False,2,kg m-2 s-1,ok,m01s08i234[lbproc=128] + m01s08i235[lbproc=128],HadGEM3_mappings.cfg
m01s08i235,8,235,128,,,,mrro,LPmon,False,2,kg m-2 s-1,ok,m01s08i234[lbproc=128] + m01s08i235[lbproc=128],HadGEM3_mappings.cfg
m01s08i235,8,235,128,,,,mrrob,GCLmon,True,1,kg m-2 s-1,ok,m01s08i235[lbproc=128],HadGEM3_mappings.cfg
m01s08i235,8,235,128,,,,mrrob,Eday,True,1,kg m-2 s-1,ok,m01s08i235[lbproc=128],HadGEM3_mappings.cfg
m01s08i235,8,235,128,,,,mrrob,LPday,True,1,kg m-2 s-1,ok,m01s08i235[lbproc=128],HadGEM3_mappings.cfg
m01s08i234,8,234,128,,,,mrros,Lmon,True,1,kg m-2 s-1,ok,m01s08i234[lbproc=128],HadGEM3_mappings.cfg
m01s08i234,8,234,128,,,,mrros,Eday,True,1,kg m-2 s-1,ok,m01s08i234[lbproc=128],HadGEM3_mappings.cfg
m01s08i234,8,234,128,,,,mrros,LPmon,True,1,kg m-2 s-1,ok,m01s08i234[lbproc=128],HadGEM3_mappings.cfg
m01s08i234,8,234,128,,,,mrros,LPday,True,1,kg m-2 s-1,ok,m01s08i234[lbproc=128],HadGEM3_mappings.cfg
m01s08i223,8,223,128,,,,mrsfl,Emon,False,4,kg m-2,ok,m01s08i223[lbproc=128] * m01s08i230[lbproc=128] / (m01s08i230[lbproc=128] + m01s08i229[lbproc=128]),HadGEM3_mappings.cfg
m01s08i230,8,230,128,,,,mrsfl,Emon,False,4,kg m-2,ok,m01s08i223[lbproc=128] * m01s08i230[lbproc=128] / (m01s08i230[lbproc=128] + m01s08i229[lbproc=128]),HadGEM3_mappings.cfg
m01s08i230,8,230,128,,,,mrsfl,Emon,False,4,kg m-2,ok,m01s08i223[lbproc=128] * m01s08i230[lbproc=128] / (m01s08i230[lbproc=128] + m01s08i229[lbproc=128]),HadGEM3_mappings.cfg
m01s08i229,8,229,128,,,,mrsfl,Emon,False,4,kg m-2,ok,m01s08i223[lbproc=128] * m01s08i230[lbproc=128] / (m01s08i230[lbproc=128] + m01s08i229[lbproc=128]),HadGEM3_mappings.cfg
m01s08i223,8,223,128,,,,mrsfl,Eday,False,4,kg m-2,ok,m01s08i223[lbproc=128] * m01s08i230[lbproc=128] / (m01s08i230[lbproc=128] + m01s08i229[lbproc=128]),HadGEM3_mappings.cfg
m01s08i230,8,230,128,,,,mrsfl,Eday,False,4,kg m-2,ok,m01s08i223[lbproc=128] * m01s08i230[lbproc=128] / (m01s08i230[lbproc=128] + m01s08i229[lbproc=128]),HadGEM3_mappings.cfg
m01s08i230,8,230,128,,,,mrsfl,Eday,False,4,kg m-2,ok,m01s08i223[lbproc=128] * m01s08i230[lbproc=128] / (m01s08i230[lbproc=128] + m01s08i229[lbproc=128]),HadGEM3_mappings.cfg
m01s08i229,8,229,128,,,,mrsfl,Eday,False,4,kg m-2,ok,m01s08i223[lbproc=128] * m01s08i230[lbproc=128] / (m01s08i230[lbproc=128] + m01s08i229[lbproc=128]),HadGEM3_mappings.cfg
m01s08i223,8,223,128,,,,mrsfl,LPmon,False,4,kg m-2,ok,m01s08i223[lbproc=128] * m01s08i230[lbproc=128] / (m01s08i230[lbproc=128] + m01s08i229[lbproc=128]),HadGEM3_mappings.cfg
m01s08i230,8,230,128,,,,mrsfl,LPmon,False,4,kg m-2,ok,m01s08i223[lbproc=128] * m01s08i230[lbproc=128] / (m01s08i230[lbproc=128] + m01s08i229[lbproc=128]),HadGEM3_mappings.cfg
m01s08i230,8,230,128,,,,mrsfl,LPmon,False,4,kg m-2,ok,m01s08i223[lbproc=128] * m01s08i230[lbproc=128] / (m01s08i230[lbproc=128] + m01s08i229[lbproc=128]),HadGEM3_mappings.cfg
m01s08i229,8,229,128,,,,mrsfl,LPmon,False,4,kg m-2,ok,m01s08i223[lbproc=128] * m01s08i230[lbproc=128] / (m01s08i230[lbproc=128] + m01s08i229[lbproc=128]),HadGEM3_mappings.cfg
m01s08i223,8,223,128,,,,mrsfl,LPday,False,4,kg m-2,ok,m01s08i223[lbproc=128] * m01s08i230[lbproc=128] / (m01s08i230[lbproc=128] + m01s08i229[lbproc=128]),HadGEM3_mappings.cfg
m01s08i230,8,230,128,,,,mrsfl,LPday,False,4,kg m-2,ok,m01s08i223[lbproc=128] * m01s08i230[lbproc=128] / (m01s08i230[lbproc=128] + m01s08i229[lbproc=128]),HadGEM3_mappings.cfg
m01s08i230,8,230,128,,,,mrsfl,LPday,False,4,kg m-2,ok,m01s08i223[lbproc=128] * m01s08i230[lbproc=128] / (m01s08i230[lbproc=128] + m01s08i229[lbproc=128]),HadGEM3_mappings.cfg
m01s08i229,8,229,128,,,,mrsfl,LPday,False,4,kg m-2,ok,m01s08i223[lbproc=128] * m01s08i230[lbproc=128] / (m01s08i230[lbproc=128] + m01s08i229[lbproc=128]),HadGEM3_mappings.cfg
m01s08i223,8,223,128,,,,mrsll,Emon,False,4,kg m-2,ok,m01s08i223[lbproc=128] * m01s08i229[lbproc=128] / (m01s08i230[lbproc=128] + m01s08i229[lbproc=128]),HadGEM3_mappings.cfg
m01s08i229,8,229,128,,,,mrsll,Emon,False,4,kg m-2,ok,m01s08i223[lbproc=128] * m01s08i229[lbproc=128] / (m01s08i230[lbproc=128] + m01s08i229[lbproc=128]),HadGEM3_mappings.cfg
m01s08i230,8,230,128,,,,mrsll,Emon,False,4,kg m-2,ok,m01s08i223[lbproc=128] * m01s08i229[lbproc=128] / (m01s08i230[lbproc=128] + m01s08i229[lbproc=128]),HadGEM3_mappings.cfg
m01s08i229,8,229,128,,,,mrsll,Emon,False,4,kg m-2,ok,m01s08i223[lbproc=128] * m01s08i229[lbproc=128] / (m01s08i230[lbproc=128] + m01s08i229[lbproc=128]),HadGEM3_mappings.cfg
m01s08i223,8,223,128,,,,mrsll,Eday,False,4,kg m-2,ok,m01s08i223[lbproc=128] * m01s08i229[lbproc=128] / (m01s08i230[lbproc=128] + m01s08i229[lbproc=128]),HadGEM3_mappings.cfg
m01s08i229,8,229,128,,,,mrsll,Eday,False,4,kg m-2,ok,m01s08i223[lbproc=128] * m01s08i229[lbproc=128] / (m01s08i230[lbproc=128] + m01s08i229[lbproc=128]),HadGEM3_mappings.cfg
m01s08i230,8,230,128,,,,mrsll,Eday,False,4,kg m-2,ok,m01s08i223[lbproc=128] * m01s08i229[lbproc=128] / (m01s08i230[lbproc=128] + m01s08i229[lbproc=128]),HadGEM3_mappings.cfg
m01s08i229,8,229,128,,,,mrsll,Eday,False,4,kg m-2,ok,m01s08i223[lbproc=128] * m01s08i229[lbproc=128] / (m01s08i230[lbproc=128] + m01s08i229[lbproc=128]),HadGEM3_mappings.cfg
m01s08i223,8,223,128,,,,mrsll,LPmon,False,4,kg m-2,ok,m01s08i223[lbproc=128] * m01s08i229[lbproc=128] / (m01s08i230[lbproc=128] + m01s08i229[lbproc=128]),HadGEM3_mappings.cfg
m01s08i229,8,229,128,,,,mrsll,LPmon,False,4,kg m-2,ok,m01s08i223[lbproc=128] * m01s08i229[lbproc=128] / (m01s08i230[lbproc=128] + m01s08i229[lbproc=128]),HadGEM3_mappings.cfg
m01s08i230,8,230,128,,,,mrsll,LPmon,False,4,kg m-2,ok,m01s08i223[lbproc=128] * m01s08i229[lbproc=128] / (m01s08i230[lbproc=128] + m01s08i229[lbproc=128]),HadGEM3_mappings.cfg
m01s08i229,8,229,128,,,,mrsll,LPmon,False,4,kg m-2,ok,m01s08i223[lbproc=128] * m01s08i229[lbproc=128] / (m01s08i230[lbproc=128] + m01s08i229[lbproc=128]),HadGEM3_mappings.cfg
m01s08i223,8,223,128,,,,mrsll,LPday,False,4,kg m-2,ok,m01s08i223[lbproc=128] * m01s08i229[lbproc=128] / (m01s08i230[lbproc=128] + m01s08i229[lbproc=128]),HadGEM3_mappings.cfg
m01s08i229,8,229,128,,,,mrsll,LPday,False,4,kg m-2,ok,m01s08i223[lbproc=128] * m01s08i229[lbproc=128] / (m01s08i230[lbproc=128] + m01s08i229[lbproc=128]),HadGEM3_mappings.cfg
m01s08i230,8,230,128,,,,mrsll,LPday,False,4,kg m-2,ok,m01s08i223[lbproc=128] * m01s08i229[lbproc=128] / (m01s08i230[lbproc=128] + m01s08i229[lbproc=128]),HadGEM3_mappings.cfg
m01s08i229,8,229,128,,,,mrsll,LPday,False,4,kg m-2,ok,m01s08i223[lbproc=128] * m01s08i229[lbproc=128] / (m01s08i230[lbproc=128] + m01s08i229[lbproc=128]),HadGEM3_mappings.cfg
m01s08i223,8,223,128,,,,mrso,day,True,1,kg m-2,ok,level_sum(m01s08i223[lbproc=128]),HadGEM3_mappings.cfg
m01s08i223,8,223,128,,,,mrso,Lmon,True,1,kg m-2,ok,level_sum(m01s08i223[lbproc=128]),HadGEM3_mappings.cfg
m01s08i223,8,223,128,,,,mrso,LPday,True,1,kg m-2,ok,level_sum(m01s08i223[lbproc=128]),HadGEM3_mappings.cfg
m01s08i223,8,223,128,,,,mrso,LPmon,True,1,kg m-2,ok,level_sum(m01s08i223[lbproc=128]),HadGEM3_mappings.cfg
m01s00i041,0,41,,,,,mrsofc,fx,True,1,kg m-2,ok,mask_zeros(m01s00i041 * FRESHWATER_DENSITY),HadGEM3_mappings.cfg
m01s00i041,0,41,,,,,mrsofc,LPfx,True,1,kg m-2,ok,mask_zeros(m01s00i041 * FRESHWATER_DENSITY),HadGEM3_mappings.cfg
m01s08i223,8,223,128,,,,mrsol,Emon,True,1,kg m-2,ok,m01s08i223[lbproc=128],HadGEM3_mappings.cfg
m01s08i223,8,223,128,,,,mrsol,Eday,True,1,kg m-2,ok,m01s08i223[lbproc=128],HadGEM3_mappings.cfg
m01s08i223,8,223,128,,,,mrsol,LPmon,True,1,kg m-2,ok,m01s08i223[lbproc=128],HadGEM3_mappings.cfg
m01s08i223,8,223,128,,,,mrsol,LPday,True,1,kg m-2,ok,m01s08i223[lbproc=128],HadGEM3_mappings.cfg
m01s08i223,8,223,128,,,0.05,mrsos,day,True,1,kg m-2,ok,"m01s08i223[blev=0.05, lbproc=128]",HadGEM3_mappings.cfg
m01s08i223,8,223,128,,,0.05,mrsos,Lmon,True,1,kg m-2,ok,"m01s08i223[blev=0.05, lbproc=128]",HadGEM3_mappings.cfg
m01s08i223,8,223,128,,,0.05,mrsos,LPday,True,1,kg m-2,ok,"m01s08i223[blev=0.05, lbproc=128]",HadGEM3_mappings.cfg
m01s08i223,8,223,128,,,0.05,mrsos,LPmon,True,1,kg m-2,ok,"m01s08i223[blev=0.05, lbproc=128]",HadGEM3_mappings.cfg
m01s51i049,51,49,128,,,PLEV19,n2o,Amon,False,2,mol mol-1,ok,"(MOLECULAR_MASS_OF_AIR / MOLECULAR_MASS_OF_N2O) * m01s51i049[blev=PLEV19, lbproc=128] / m01s51i999[blev=PLEV19, lbproc=128]",HadGEM3_mappings.cfg
m01s51i999,51,999,128,,,PLEV19,n2o,Amon,False,2,mol mol-1,ok,"(MOLECULAR_MASS_OF_AIR / MOLECULAR_MASS_OF_N2O) * m01s51i049[blev=PLEV19, lbproc=128] / m01s51i999[blev=PLEV19, lbproc=128]",HadGEM3_mappings.cfg
m01s51i049,51,49,128,,,PLEV19,n2o,APmon,False,2,mol mol-1,ok,"(MOLECULAR_MASS_OF_AIR / MOLECULAR_MASS_OF_N2O) * m01s51i049[blev=PLEV19, lbproc=128] / m01s51i999[blev=PLEV19, lbproc=128]",HadGEM3_mappings.cfg
m01s51i999,51,999,128,,,PLEV19,n2o,APmon,False,2,mol mol-1,ok,"(MOLECULAR_MASS_OF_AIR / MOLECULAR_MASS_OF_N2O) * m01s51i049[blev=PLEV19, lbproc=128] / m01s51i999[blev=PLEV19, lbproc=128]",HadGEM3_mappings.cfg
m01s50i063,50,63,128,,,,n2oglobal,Amon,False,2,1,ok,"mmr2molefrac(m01s50i063[lbproc=128], m01s34i049[lbproc=128], MOLECULAR_MASS_OF_N2O)",HadGEM3_mappings.cfg
m01s34i049,34,49,128,,,,n2oglobal,Amon,False,2,1,ok,"mmr2molefrac(m01s50i063[lbproc=128], m01s34i049[lbproc=128], MOLECULAR_MASS_OF_N2O)",HadGEM3_mappings.cfg
m01s50i063,50,63,128,,,,n2oglobal,APmon,False,2,1,ok,"mmr2molefrac(m01s50i063[lbproc=128], m01s34i049[lbproc=128], MOLECULAR_MASS_OF_N2O)",HadGEM3_mappings.cfg
m01s34i049,34,49,128,,,,n2oglobal,APmon,False,2,1,ok,"mmr2molefrac(m01s50i063[lbproc=128], m01s34i049[lbproc=128], MOLECULAR_MASS_OF_N2O)",HadGEM3_mappings.cfg
m01s34i002,34,2,128,,,,no,AERmon,True,1,mol mol-1,ok,(MOLECULAR_MASS_OF_AIR / MOLECULAR_MASS_OF_NO) * m01s34i002[lbproc=128],HadGEM3_mappings.cfg
m01s34i002,34,2,128,,,,no,AEmonLev,True,1,mol mol-1,ok,(MOLECULAR_MASS_OF_AIR / MOLECULAR_MASS_OF_NO) * m01s34i002[lbproc=128],HadGEM3_mappings.cfg
m01s34i996,34,996,128,,,,no2,AERmon,True,1,mol mol-1,ok,(MOLECULAR_MASS_OF_AIR / MOLECULAR_MASS_OF_NO2) * m01s34i996[lbproc=128],HadGEM3_mappings.cfg
m01s34i996,34,996,128,,,,no2,AEmonLev,True,1,mol mol-1,ok,(MOLECULAR_MASS_OF_AIR / MOLECULAR_MASS_OF_NO2) * m01s34i996[lbproc=128],HadGEM3_mappings.cfg
m01s51i002,51,2,192,,,PLEV39,noy,AERmonZ,False,12,mol mol-1,ok,"MOLECULAR_MASS_OF_AIR * ((m01s51i002[blev=PLEV39, lbproc=192] / MOLECULAR_MASS_OF_NO) + (m01s51i003[blev=PLEV39, lbproc=192] / MOLECULAR_MASS_OF_NO3) + (2 * m01s51i005[blev=PLEV39, lbproc=192] / MOLECULAR_MASS_OF_N2O5) + (m01s51i006[blev=PLEV39, lbproc=192] / MOLECULAR_MASS_OF_HO2NO2) + (m01s51i007[blev=PLEV39, lbproc=192] / MOLECULAR_MASS_OF_HNO3) + (m01s51i013[blev=PLEV39, lbproc=192] / MOLECULAR_MASS_OF_HONO) + (m01s51i025[blev=PLEV39, lbproc=192] / MOLECULAR_MASS_OF_MEONO2) + (m01s51i048[blev=PLEV39, lbproc=192] / MOLECULAR_MASS_OF_BRONO2) + (m01s51i054[blev=PLEV39, lbproc=192] / MOLECULAR_MASS_OF_CLONO2) + (m01s51i058[blev=PLEV39, lbproc=192] / MOLECULAR_MASS_OF_NITROGEN) + (m01s51i996[blev=PLEV39, lbproc=192] / MOLECULAR_MASS_OF_NO2)) / m01s51i999[blev=PLEV39, lbproc=192]",HadGEM3_mappings.cfg
m01s51i003,51,3,192,,,PLEV39,noy,AERmonZ,False,12,mol mol-1,ok,"MOLECULAR_MASS_OF_AIR * ((m01s51i002[blev=PLEV39, lbproc=192] / MOLECULAR_MASS_OF_NO) + (m01s51i003[blev=PLEV39, lbproc=192] / MOLECULAR_MASS_OF_NO3) + (2 * m01s51i005[blev=PLEV39, lbproc=192] / MOLECULAR_MASS_OF_N2O5) + (m01s51i006[blev=PLEV39, lbproc=192] / MOLECULAR_MASS_OF_HO2NO2) + (m01s51i007[blev=PLEV39, lbproc=192] / MOLECULAR_MASS_OF_HNO3) + (m01s51i013[blev=PLEV39, lbproc=192] / MOLECULAR_MASS_OF_HONO) + (m01s51i025[blev=PLEV39, lbproc=192] / MOLECULAR_MASS_OF_MEONO2) + (m01s51i048[blev=PLEV39, lbproc=192] / MOLECULAR_MASS_OF_BRONO2) + (m01s51i054[blev=PLEV39, lbproc=192] / MOLECULAR_MASS_OF_CLONO2) + (m01s51i058[blev=PLEV39, lbproc=192] / MOLECULAR_MASS_OF_NITROGEN) + (m01s51i996[blev=PLEV39, lbproc=192] / MOLECULAR_MASS_OF_NO2)) / m01s51i999[blev=PLEV39, lbproc=192]",HadGEM3_mappings.cfg
m01s51i005,51,5,192,,,PLEV39,noy,AERmonZ,False,12,mol mol-1,ok,"MOLECULAR_MASS_OF_AIR * ((m01s51i002[blev=PLEV39, lbproc=192] / MOLECULAR_MASS_OF_NO) + (m01s51i003[blev=PLEV39, lbproc=192] / MOLECULAR_MASS_OF_NO3) + (2 * m01s51i005[blev=PLEV39, lbproc=192] / MOLECULAR_MASS_OF_N2O5) + (m01s51i006[blev=PLEV39, lbproc=192] / MOLECULAR_MASS_OF_HO2NO2) + (m01s51i007[blev=PLEV39, lbproc=192] / MOLECULAR_MASS_OF_HNO3) + (m01s51i013[blev=PLEV39, lbproc=192] / MOLECULAR_MASS_OF_HONO) + (m01s51i025[blev=PLEV39, lbproc=192] / MOLECULAR_MASS_OF_MEONO2) + (m01s51i048[blev=PLEV39, lbproc=192] / MOLECULAR_MASS_OF_BRONO2) + (m01s51i054[blev=PLEV39, lbproc=192] / MOLECULAR_MASS_OF_CLONO2) + (m01s51i058[blev=PLEV39, lbproc=192] / MOLECULAR_MASS_OF_NITROGEN) + (m01s51i996[blev=PLEV39, lbproc=192] / MOLECULAR_MASS_OF_NO2)) / m01s51i999[blev=PLEV39, lbproc=192]",HadGEM3_mappings.cfg
m01s51i006,51,6,192,,,PLEV39,noy,AERmonZ,False,12,mol mol-1,ok,"MOLECULAR_MASS_OF_AIR * ((m01s51i002[blev=PLEV39, lbproc=192] / MOLECULAR_MASS_OF_NO) + (m01s51i003[blev=PLEV39, lbproc=192] / MOLECULAR_MASS_OF_NO3) + (2 * m01s51i005[blev=PLEV39, lbproc=192] / MOLECULAR_MASS_OF_N2O5) + (m01s51i006[blev=PLEV39, lbproc=192] / MOLECULAR_MASS_OF_HO2NO2) + (m01s51i007[blev=PLEV39, lbproc=192] / MOLECULAR_MASS_OF_HNO3) + (m01s51i013[blev=PLEV39, lbproc=192] / MOLECULAR_MASS_OF_HONO) + (m01s51i025[blev=PLEV39, lbproc=192] / MOLECULAR_MASS_OF_MEONO2) + (m01s51i048[blev=PLEV39, lbproc=192] / MOLECULAR_MASS_OF_BRONO2) + (m01s51i054[blev=PLEV39, lbproc=192] / MOLECULAR_MASS_OF_CLONO2) + (m01s51i058[blev=PLEV39, lbproc=192] / MOLECULAR_MASS_OF_NITROGEN) + (m01s51i996[blev=PLEV39, lbproc=192] / MOLECULAR_MASS_OF_NO2)) / m01s51i999[blev=PLEV39, lbproc=192]",HadGEM3_mappings.cfg
m01s51i007,51,7,192,,,PLEV39,noy,AERmonZ,False,12,mol mol-1,ok,"MOLECULAR_MASS_OF_AIR * ((m01s51i002[blev=PLEV39, lbproc=192] / MOLECULAR_MASS_OF_NO) + (m01s51i003[blev=PLEV39, lbproc=192] / MOLECULAR_MASS_OF_NO3) + (2 * m01s51i005[blev=PLEV39, lbproc=192] / MOLECULAR_MASS_OF_N2O5) + (m01s51i006[blev=PLEV39, lbproc=192] / MOLECULAR_MASS_OF_HO2NO2) + (m01s51i007[blev=PLEV39, lbproc=192] / MOLECULAR_MASS_OF_HNO3) + (m01s51i013[blev=PLEV39, lbproc=192] / MOLECULAR_MASS_OF_HONO) + (m01s51i025[blev=PLEV39, lbproc=192] / MOLECULAR_MASS_OF_MEONO2) + (m01s51i048[blev=PLEV39, lbproc=192] / MOLECULAR_MASS_OF_BRONO2) + (m01s51i054[blev=PLEV39, lbproc=192] / MOLECULAR_MASS_OF_CLONO2) + (m01s51i058[blev=PLEV39, lbproc=192] / MOLECULAR_MASS_OF_NITROGEN) + (m01s51i996[blev=PLEV39, lbproc=192] / MOLECULAR_MASS_OF_NO2)) / m01s51i999[blev=PLEV39, lbproc=192]",HadGEM3_mappings.cfg
m01s51i013,51,13,192,,,PLEV39,noy,AERmonZ,False,12,mol mol-1,ok,"MOLECULAR_MASS_OF_AIR * ((m01s51i002[blev=PLEV39, lbproc=192] / MOLECULAR_MASS_OF_NO) + (m01s51i003[blev=PLEV39, lbproc=192] / MOLECULAR_MASS_OF_NO3) + (2 * m01s51i005[blev=PLEV39, lbproc=192] / MOLECULAR_MASS_OF_N2O5) + (m01s51i006[blev=PLEV39, lbproc=192] / MOLECULAR_MASS_OF_HO2NO2) + (m01s51i007[blev=PLEV39, lbproc=192] / MOLECULAR_MASS_OF_HNO3) + (m01s51i013[blev=PLEV39, lbproc=192] / MOLECULAR_MASS_OF_HONO) + (m01s51i025[blev=PLEV39, lbproc=192] / MOLECULAR_MASS_OF_MEONO2) + (m01s51i048[blev=PLEV39, lbproc=192] / MOLECULAR_MASS_OF_BRONO2) + (m01s51i054[blev=PLEV39, lbproc=192] / MOLECULAR_MASS_OF_CLONO2) + (m01s51i058[blev=PLEV39, lbproc=192] / MOLECULAR_MASS_OF_NITROGEN) + (m01s51i996[blev=PLEV39, lbproc=192] / MOLECULAR_MASS_OF_NO2)) / m01s51i999[blev=PLEV39, lbproc=192]",HadGEM3_mappings.cfg
m01s51i025,51,25,192,,,PLEV39,noy,AERmonZ,False,12,mol mol-1,ok,"MOLECULAR_MASS_OF_AIR * ((m01s51i002[blev=PLEV39, lbproc=192] / MOLECULAR_MASS_OF_NO) + (m01s51i003[blev=PLEV39, lbproc=192] / MOLECULAR_MASS_OF_NO3) + (2 * m01s51i005[blev=PLEV39, lbproc=192] / MOLECULAR_MASS_OF_N2O5) + (m01s51i006[blev=PLEV39, lbproc=192] / MOLECULAR_MASS_OF_HO2NO2) + (m01s51i007[blev=PLEV39, lbproc=192] / MOLECULAR_MASS_OF_HNO3) + (m01s51i013[blev=PLEV39, lbproc=192] / MOLECULAR_MASS_OF_HONO) + (m01s51i025[blev=PLEV39, lbproc=192] / MOLECULAR_MASS_OF_MEONO2) + (m01s51i048[blev=PLEV39, lbproc=192] / MOLECULAR_MASS_OF_BRONO2) + (m01s51i054[blev=PLEV39, lbproc=192] / MOLECULAR_MASS_OF_CLONO2) + (m01s51i058[blev=PLEV39, lbproc=192] / MOLECULAR_MASS_OF_NITROGEN) + (m01s51i996[blev=PLEV39, lbproc=192] / MOLECULAR_MASS_OF_NO2)) / m01s51i999[blev=PLEV39, lbproc=192]",HadGEM3_mappings.cfg
m01s51i048,51,48,192,,,PLEV39,noy,AERmonZ,False,12,mol mol-1,ok,"MOLECULAR_MASS_OF_AIR * ((m01s51i002[blev=PLEV39, lbproc=192] / MOLECULAR_MASS_OF_NO) + (m01s51i003[blev=PLEV39, lbproc=192] / MOLECULAR_MASS_OF_NO3) + (2 * m01s51i005[blev=PLEV39, lbproc=192] / MOLECULAR_MASS_OF_N2O5) + (m01s51i006[blev=PLEV39, lbproc=192] / MOLECULAR_MASS_OF_HO2NO2) + (m01s51i007[blev=PLEV39, lbproc=192] / MOLECULAR_MASS_OF_HNO3) + (m01s51i013[blev=PLEV39, lbproc=192] / MOLECULAR_MASS_OF_HONO) + (m01s51i025[blev=PLEV39, lbproc=192] / MOLECULAR_MASS_OF_MEONO2) + (m01s51i048[blev=PLEV39, lbproc=192] / MOLECULAR_MASS_OF_BRONO2) + (m01s51i054[blev=PLEV39, lbproc=192] / MOLECULAR_MASS_OF_CLONO2) + (m01s51i058[blev=PLEV39, lbproc=192] / MOLECULAR_MASS_OF_NITROGEN) + (m01s51i996[blev=PLEV39, lbproc=192] / MOLECULAR_MASS_OF_NO2)) / m01s51i999[blev=PLEV39, lbproc=192]",HadGEM3_mappings.cfg
m01s51i054,51,54,192,,,PLEV39,noy,AERmonZ,False,12,mol mol-1,ok,"MOLECULAR_MASS_OF_AIR * ((m01s51i002[blev=PLEV39, lbproc=192] / MOLECULAR_MASS_OF_NO) + (m01s51i003[blev=PLEV39, lbproc=192] / MOLECULAR_MASS_OF_NO3) + (2 * m01s51i005[blev=PLEV39, lbproc=192] / MOLECULAR_MASS_OF_N2O5) + (m01s51i006[blev=PLEV39, lbproc=192] / MOLECULAR_MASS_OF_HO2NO2) + (m01s51i007[blev=PLEV39, lbproc=192] / MOLECULAR_MASS_OF_HNO3) + (m01s51i013[blev=PLEV39, lbproc=192] / MOLECULAR_MASS_OF_HONO) + (m01s51i025[blev=PLEV39, lbproc=192] / MOLECULAR_MASS_OF_MEONO2) + (m01s51i048[blev=PLEV39, lbproc=192] / MOLECULAR_MASS_OF_BRONO2) + (m01s51i054[blev=PLEV39, lbproc=192] / MOLECULAR_MASS_OF_CLONO2) + (m01s51i058[blev=PLEV39, lbproc=192] / MOLECULAR_MASS_OF_NITROGEN) + (m01s51i996[blev=PLEV39, lbproc=192] / MOLECULAR_MASS_OF_NO2)) / m01s51i999[blev=PLEV39, lbproc=192]",HadGEM3_mappings.cfg
m01s51i058,51,58,192,,,PLEV39,noy,AERmonZ,False,12,mol mol-1,ok,"MOLECULAR_MASS_OF_AIR * ((m01s51i002[blev=PLEV39, lbproc=192] / MOLECULAR_MASS_OF_NO) + (m01s51i003[blev=PLEV39, lbproc=192] / MOLECULAR_MASS_OF_NO3) + (2 * m01s51i005[blev=PLEV39, lbproc=192] / MOLECULAR_MASS_OF_N2O5) + (m01s51i006[blev=PLEV39, lbproc=192] / MOLECULAR_MASS_OF_HO2NO2) + (m01s51i007[blev=PLEV39, lbproc=192] / MOLECULAR_MASS_OF_HNO3) + (m01s51i013[blev=PLEV39, lbproc=192] / MOLECULAR_MASS_OF_HONO) + (m01s51i025[blev=PLEV39, lbproc=192] / MOLECULAR_MASS_OF_MEONO2) + (m01s51i048[blev=PLEV39, lbproc=192] / MOLECULAR_MASS_OF_BRONO2) + (m01s51i054[blev=PLEV39, lbproc=192] / MOLECULAR_MASS_OF_CLONO2) + (m01s51i058[blev=PLEV39, lbproc=192] / MOLECULAR_MASS_OF_NITROGEN) + (m01s51i996[blev=PLEV39, lbproc=192] / MOLECULAR_MASS_OF_NO2)) / m01s51i999[blev=PLEV39, lbproc=192]",HadGEM3_mappings.cfg
m01s51i996,51,996,192,,,PLEV39,noy,AERmonZ,False,12,mol mol-1,ok,"MOLECULAR_MASS_OF_AIR * ((m01s51i002[blev=PLEV39, lbproc=192] / MOLECULAR_MASS_OF_NO) + (m01s51i003[blev=PLEV39, lbproc=192] / MOLECULAR_MASS_OF_NO3) + (2 * m01s51i005[blev=PLEV39, lbproc=192] / MOLECULAR_MASS_OF_N2O5) + (m01s51i006[blev=PLEV39, lbproc=192] / MOLECULAR_MASS_OF_HO2NO2) + (m01s51i007[blev=PLEV39, lbproc=192] / MOLECULAR_MASS_OF_HNO3) + (m01s51i013[blev=PLEV39, lbproc=192] / MOLECULAR_MASS_OF_HONO) + (m01s51i025[blev=PLEV39, lbproc=192] / MOLECULAR_MASS_OF_MEONO2) + (m01s51i048[blev=PLEV39, lbproc=192] / MOLECULAR_MASS_OF_BRONO2) + (m01s51i054[blev=PLEV39, lbproc=192] / MOLECULAR_MASS_OF_CLONO2) + (m01s51i058[blev=PLEV39, lbproc=192] / MOLECULAR_MASS_OF_NITROGEN) + (m01s51i996[blev=PLEV39, lbproc=192] / MOLECULAR_MASS_OF_NO2)) / m01s51i999[blev=PLEV39, lbproc=192]",HadGEM3_mappings.cfg
m01s51i999,51,999,192,,,PLEV39,noy,AERmonZ,False,12,mol mol-1,ok,"MOLECULAR_MASS_OF_AIR * ((m01s51i002[blev=PLEV39, lbproc=192] / MOLECULAR_MASS_OF_NO) + (m01s51i003[blev=PLEV39, lbproc=192] / MOLECULAR_MASS_OF_NO3) + (2 * m01s51i005[blev=PLEV39, lbproc=192] / MOLECULAR_MASS_OF_N2O5) + (m01s51i006[blev=PLEV39, lbproc=192] / MOLECULAR_MASS_OF_HO2NO2) + (m01s51i007[blev=PLEV39, lbproc=192] / MOLECULAR_MASS_OF_HNO3) + (m01s51i013[blev=PLEV39, lbproc=192] / MOLECULAR_MASS_OF_HONO) + (m01s51i025[blev=PLEV39, lbproc=192] / MOLECULAR_MASS_OF_MEONO2) + (m01s51i048[blev=PLEV39, lbproc=192] / MOLECULAR_MASS_OF_BRONO2) + (m01s51i054[blev=PLEV39, lbproc=192] / MOLECULAR_MASS_OF_CLONO2) + (m01s51i058[blev=PLEV39, lbproc=192] / MOLECULAR_MASS_OF_NITROGEN) + (m01s51i996[blev=PLEV39, lbproc=192] / MOLECULAR_MASS_OF_NO2)) / m01s51i999[blev=PLEV39, lbproc=192]",HadGEM3_mappings.cfg
m01s51i002,51,2,192,,,PLEV39,noy,AEmonZ,False,12,mol mol-1,ok,"MOLECULAR_MASS_OF_AIR * ((m01s51i002[blev=PLEV39, lbproc=192] / MOLECULAR_MASS_OF_NO) + (m01s51i003[blev=PLEV39, lbproc=192] / MOLECULAR_MASS_OF_NO3) + (2 * m01s51i005[blev=PLEV39, lbproc=192] / MOLECULAR_MASS_OF_N2O5) + (m01s51i006[blev=PLEV39, lbproc=192] / MOLECULAR_MASS_OF_HO2NO2) + (m01s51i007[blev=PLEV39, lbproc=192] / MOLECULAR_MASS_OF_HNO3) + (m01s51i013[blev=PLEV39, lbproc=192] / MOLECULAR_MASS_OF_HONO) + (m01s51i025[blev=PLEV39, lbproc=192] / MOLECULAR_MASS_OF_MEONO2) + (m01s51i048[blev=PLEV39, lbproc=192] / MOLECULAR_MASS_OF_BRONO2) + (m01s51i054[blev=PLEV39, lbproc=192] / MOLECULAR_MASS_OF_CLONO2) + (m01s51i058[blev=PLEV39, lbproc=192] / MOLECULAR_MASS_OF_NITROGEN) + (m01s51i996[blev=PLEV39, lbproc=192] / MOLECULAR_MASS_OF_NO2)) / m01s51i999[blev=PLEV39, lbproc=192]",HadGEM3_mappings.cfg
m01s51i003,51,3,192,,,PLEV39,noy,AEmonZ,False,12,mol mol-1,ok,"MOLECULAR_MASS_OF_AIR * ((m01s51i002[blev=PLEV39, lbproc=192] / MOLECULAR_MASS_OF_NO) + (m01s51i003[blev=PLEV39, lbproc=192] / MOLECULAR_MASS_OF_NO3) + (2 * m01s51i005[blev=PLEV39, lbproc=192] / MOLECULAR_MASS_OF_N2O5) + (m01s51i006[blev=PLEV39, lbproc=192] / MOLECULAR_MASS_OF_HO2NO2) + (m01s51i007[blev=PLEV39, lbproc=192] / MOLECULAR_MASS_OF_HNO3) + (m01s51i013[blev=PLEV39, lbproc=192] / MOLECULAR_MASS_OF_HONO) + (m01s51i025[blev=PLEV39, lbproc=192] / MOLECULAR_MASS_OF_MEONO2) + (m01s51i048[blev=PLEV39, lbproc=192] / MOLECULAR_MASS_OF_BRONO2) + (m01s51i054[blev=PLEV39, lbproc=192] / MOLECULAR_MASS_OF_CLONO2) + (m01s51i058[blev=PLEV39, lbproc=192] / MOLECULAR_MASS_OF_NITROGEN) + (m01s51i996[blev=PLEV39, lbproc=192] / MOLECULAR_MASS_OF_NO2)) / m01s51i999[blev=PLEV39, lbproc=192]",HadGEM3_mappings.cfg
m01s51i005,51,5,192,,,PLEV39,noy,AEmonZ,False,12,mol mol-1,ok,"MOLECULAR_MASS_OF_AIR * ((m01s51i002[blev=PLEV39, lbproc=192] / MOLECULAR_MASS_OF_NO) + (m01s51i003[blev=PLEV39, lbproc=192] / MOLECULAR_MASS_OF_NO3) + (2 * m01s51i005[blev=PLEV39, lbproc=192] / MOLECULAR_MASS_OF_N2O5) + (m01s51i006[blev=PLEV39, lbproc=192] / MOLECULAR_MASS_OF_HO2NO2) + (m01s51i007[blev=PLEV39, lbproc=192] / MOLECULAR_MASS_OF_HNO3) + (m01s51i013[blev=PLEV39, lbproc=192] / MOLECULAR_MASS_OF_HONO) + (m01s51i025[blev=PLEV39, lbproc=192] / MOLECULAR_MASS_OF_MEONO2) + (m01s51i048[blev=PLEV39, lbproc=192] / MOLECULAR_MASS_OF_BRONO2) + (m01s51i054[blev=PLEV39, lbproc=192] / MOLECULAR_MASS_OF_CLONO2) + (m01s51i058[blev=PLEV39, lbproc=192] / MOLECULAR_MASS_OF_NITROGEN) + (m01s51i996[blev=PLEV39, lbproc=192] / MOLECULAR_MASS_OF_NO2)) / m01s51i999[blev=PLEV39, lbproc=192]",HadGEM3_mappings.cfg
m01s51i006,51,6,192,,,PLEV39,noy,AEmonZ,False,12,mol mol-1,ok,"MOLECULAR_MASS_OF_AIR * ((m01s51i002[blev=PLEV39, lbproc=192] / MOLECULAR_MASS_OF_NO) + (m01s51i003[blev=PLEV39, lbproc=192] / MOLECULAR_MASS_OF_NO3) + (2 * m01s51i005[blev=PLEV39, lbproc=192] / MOLECULAR_MASS_OF_N2O5) + (m01s51i006[blev=PLEV39, lbproc=192] / MOLECULAR_MASS_OF_HO2NO2) + (m01s51i007[blev=PLEV39, lbproc=192] / MOLECULAR_MASS_OF_HNO3) + (m01s51i013[blev=PLEV39, lbproc=192] / MOLECULAR_MASS_OF_HONO) + (m01s51i025[blev=PLEV39, lbproc=192] / MOLECULAR_MASS_OF_MEONO2) + (m01s51i048[blev=PLEV39, lbproc=192] / MOLECULAR_MASS_OF_BRONO2) + (m01s51i054[blev=PLEV39, lbproc=192] / MOLECULAR_MASS_OF_CLONO2) + (m01s51i058[blev=PLEV39, lbproc=192] / MOLECULAR_MASS_OF_NITROGEN) + (m01s51i996[blev=PLEV39, lbproc=192] / MOLECULAR_MASS_OF_NO2)) / m01s51i999[blev=PLEV39, lbproc=192]",HadGEM3_mappings.cfg
m01s51i007,51,7,192,,,PLEV39,noy,AEmonZ,False,12,mol mol-1,ok,"MOLECULAR_MASS_OF_AIR * ((m01s51i002[blev=PLEV39, lbproc=192] / MOLECULAR_MASS_OF_NO) + (m01s51i003[blev=PLEV39, lbproc=192] / MOLECULAR_MASS_OF_NO3) + (2 * m01s51i005[blev=PLEV39, lbproc=192] / MOLECULAR_MASS_OF_N2O5) + (m01s51i006[blev=PLEV39, lbproc=192] / MOLECULAR_MASS_OF_HO2NO2) + (m01s51i007[blev=PLEV39, lbproc=192] / MOLECULAR_MASS_OF_HNO3) + (m01s51i013[blev=PLEV39, lbproc=192] / MOLECULAR_MASS_OF_HONO) + (m01s51i025[blev=PLEV39, lbproc=192] / MOLECULAR_MASS_OF_MEONO2) + (m01s51i048[blev=PLEV39, lbproc=192] / MOLECULAR_MASS_OF_BRONO2) + (m01s51i054[blev=PLEV39, lbproc=192] / MOLECULAR_MASS_OF_CLONO2) + (m01s51i058[blev=PLEV39, lbproc=192] / MOLECULAR_MASS_OF_NITROGEN) + (m01s51i996[blev=PLEV39, lbproc=192] / MOLECULAR_MASS_OF_NO2)) / m01s51i999[blev=PLEV39, lbproc=192]",HadGEM3_mappings.cfg
m01s51i013,51,13,192,,,PLEV39,noy,AEmonZ,False,12,mol mol-1,ok,"MOLECULAR_MASS_OF_AIR * ((m01s51i002[blev=PLEV39, lbproc=192] / MOLECULAR_MASS_OF_NO) + (m01s51i003[blev=PLEV39, lbproc=192] / MOLECULAR_MASS_OF_NO3) + (2 * m01s51i005[blev=PLEV39, lbproc=192] / MOLECULAR_MASS_OF_N2O5) + (m01s51i006[blev=PLEV39, lbproc=192] / MOLECULAR_MASS_OF_HO2NO2) + (m01s51i007[blev=PLEV39, lbproc=192] / MOLECULAR_MASS_OF_HNO3) + (m01s51i013[blev=PLEV39, lbproc=192] / MOLECULAR_MASS_OF_HONO) + (m01s51i025[blev=PLEV39, lbproc=192] / MOLECULAR_MASS_OF_MEONO2) + (m01s51i048[blev=PLEV39, lbproc=192] / MOLECULAR_MASS_OF_BRONO2) + (m01s51i054[blev=PLEV39, lbproc=192] / MOLECULAR_MASS_OF_CLONO2) + (m01s51i058[blev=PLEV39, lbproc=192] / MOLECULAR_MASS_OF_NITROGEN) + (m01s51i996[blev=PLEV39, lbproc=192] / MOLECULAR_MASS_OF_NO2)) / m01s51i999[blev=PLEV39, lbproc=192]",HadGEM3_mappings.cfg
m01s51i025,51,25,192,,,PLEV39,noy,AEmonZ,False,12,mol mol-1,ok,"MOLECULAR_MASS_OF_AIR * ((m01s51i002[blev=PLEV39, lbproc=192] / MOLECULAR_MASS_OF_NO) + (m01s51i003[blev=PLEV39, lbproc=192] / MOLECULAR_MASS_OF_NO3) + (2 * m01s51i005[blev=PLEV39, lbproc=192] / MOLECULAR_MASS_OF_N2O5) + (m01s51i006[blev=PLEV39, lbproc=192] / MOLECULAR_MASS_OF_HO2NO2) + (m01s51i007[blev=PLEV39, lbproc=192] / MOLECULAR_MASS_OF_HNO3) + (m01s51i013[blev=PLEV39, lbproc=192] / MOLECULAR_MASS_OF_HONO) + (m01s51i025[blev=PLEV39, lbproc=192] / MOLECULAR_MASS_OF_MEONO2) + (m01s51i048[blev=PLEV39, lbproc=192] / MOLECULAR_MASS_OF_BRONO2) + (m01s51i054[blev=PLEV39, lbproc=192] / MOLECULAR_MASS_OF_CLONO2) + (m01s51i058[blev=PLEV39, lbproc=192] / MOLECULAR_MASS_OF_NITROGEN) + (m01s51i996[blev=PLEV39, lbproc=192] / MOLECULAR_MASS_OF_NO2)) / m01s51i999[blev=PLEV39, lbproc=192]",HadGEM3_mappings.cfg
m01s51i048,51,48,192,,,PLEV39,noy,AEmonZ,False,12,mol mol-1,ok,"MOLECULAR_MASS_OF_AIR * ((m01s51i002[blev=PLEV39, lbproc=192] / MOLECULAR_MASS_OF_NO) + (m01s51i003[blev=PLEV39, lbproc=192] / MOLECULAR_MASS_OF_NO3) + (2 * m01s51i005[blev=PLEV39, lbproc=192] / MOLECULAR_MASS_OF_N2O5) + (m01s51i006[blev=PLEV39, lbproc=192] / MOLECULAR_MASS_OF_HO2NO2) + (m01s51i007[blev=PLEV39, lbproc=192] / MOLECULAR_MASS_OF_HNO3) + (m01s51i013[blev=PLEV39, lbproc=192] / MOLECULAR_MASS_OF_HONO) + (m01s51i025[blev=PLEV39, lbproc=192] / MOLECULAR_MASS_OF_MEONO2) + (m01s51i048[blev=PLEV39, lbproc=192] / MOLECULAR_MASS_OF_BRONO2) + (m01s51i054[blev=PLEV39, lbproc=192] / MOLECULAR_MASS_OF_CLONO2) + (m01s51i058[blev=PLEV39, lbproc=192] / MOLECULAR_MASS_OF_NITROGEN) + (m01s51i996[blev=PLEV39, lbproc=192] / MOLECULAR_MASS_OF_NO2)) / m01s51i999[blev=PLEV39, lbproc=192]",HadGEM3_mappings.cfg
m01s51i054,51,54,192,,,PLEV39,noy,AEmonZ,False,12,mol mol-1,ok,"MOLECULAR_MASS_OF_AIR * ((m01s51i002[blev=PLEV39, lbproc=192] / MOLECULAR_MASS_OF_NO) + (m01s51i003[blev=PLEV39, lbproc=192] / MOLECULAR_MASS_OF_NO3) + (2 * m01s51i005[blev=PLEV39, lbproc=192] / MOLECULAR_MASS_OF_N2O5) + (m01s51i006[blev=PLEV39, lbproc=192] / MOLECULAR_MASS_OF_HO2NO2) + (m01s51i007[blev=PLEV39, lbproc=192] / MOLECULAR_MASS_OF_HNO3) + (m01s51i013[blev=PLEV39, lbproc=192] / MOLECULAR_MASS_OF_HONO) + (m01s51i025[blev=PLEV39, lbproc=192] / MOLECULAR_MASS_OF_MEONO2) + (m01s51i048[blev=PLEV39, lbproc=192] / MOLECULAR_MASS_OF_BRONO2) + (m01s51i054[blev=PLEV39, lbproc=192] / MOLECULAR_MASS_OF_CLONO2) + (m01s51i058[blev=PLEV39, lbproc=192] / MOLECULAR_MASS_OF_NITROGEN) + (m01s51i996[blev=PLEV39, lbproc=192] / MOLECULAR_MASS_OF_NO2)) / m01s51i999[blev=PLEV39, lbproc=192]",HadGEM3_mappings.cfg
m01s51i058,51,58,192,,,PLEV39,noy,AEmonZ,False,12,mol mol-1,ok,"MOLECULAR_MASS_OF_AIR * ((m01s51i002[blev=PLEV39, lbproc=192] / MOLECULAR_MASS_OF_NO) + (m01s51i003[blev=PLEV39, lbproc=192] / MOLECULAR_MASS_OF_NO3) + (2 * m01s51i005[blev=PLEV39, lbproc=192] / MOLECULAR_MASS_OF_N2O5) + (m01s51i006[blev=PLEV39, lbproc=192] / MOLECULAR_MASS_OF_HO2NO2) + (m01s51i007[blev=PLEV39, lbproc=192] / MOLECULAR_MASS_OF_HNO3) + (m01s51i013[blev=PLEV39, lbproc=192] / MOLECULAR_MASS_OF_HONO) + (m01s51i025[blev=PLEV39, lbproc=192] / MOLECULAR_MASS_OF_MEONO2) + (m01s51i048[blev=PLEV39, lbproc=192] / MOLECULAR_MASS_OF_BRONO2) + (m01s51i054[blev=PLEV39, lbproc=192] / MOLECULAR_MASS_OF_CLONO2) + (m01s51i058[blev=PLEV39, lbproc=192] / MOLECULAR_MASS_OF_NITROGEN) + (m01s51i996[blev=PLEV39, lbproc=192] / MOLECULAR_MASS_OF_NO2)) / m01s51i999[blev=PLEV39, lbproc=192]",HadGEM3_mappings.cfg
m01s51i996,51,996,192,,,PLEV39,noy,AEmonZ,False,12,mol mol-1,ok,"MOLECULAR_MASS_OF_AIR * ((m01s51i002[blev=PLEV39, lbproc=192] / MOLECULAR_MASS_OF_NO) + (m01s51i003[blev=PLEV39, lbproc=192] / MOLECULAR_MASS_OF_NO3) + (2 * m01s51i005[blev=PLEV39, lbproc=192] / MOLECULAR_MASS_OF_N2O5) + (m01s51i006[blev=PLEV39, lbproc=192] / MOLECULAR_MASS_OF_HO2NO2) + (m01s51i007[blev=PLEV39, lbproc=192] / MOLECULAR_MASS_OF_HNO3) + (m01s51i013[blev=PLEV39, lbproc=192] / MOLECULAR_MASS_OF_HONO) + (m01s51i025[blev=PLEV39, lbproc=192] / MOLECULAR_MASS_OF_MEONO2) + (m01s51i048[blev=PLEV39, lbproc=192] / MOLECULAR_MASS_OF_BRONO2) + (m01s51i054[blev=PLEV39, lbproc=192] / MOLECULAR_MASS_OF_CLONO2) + (m01s51i058[blev=PLEV39, lbproc=192] / MOLECULAR_MASS_OF_NITROGEN) + (m01s51i996[blev=PLEV39, lbproc=192] / MOLECULAR_MASS_OF_NO2)) / m01s51i999[blev=PLEV39, lbproc=192]",HadGEM3_mappings.cfg
m01s51i999,51,999,192,,,PLEV39,noy,AEmonZ,False,12,mol mol-1,ok,"MOLECULAR_MASS_OF_AIR * ((m01s51i002[blev=PLEV39, lbproc=192] / MOLECULAR_MASS_OF_NO) + (m01s51i003[blev=PLEV39, lbproc=192] / MOLECULAR_MASS_OF_NO3) + (2 * m01s51i005[blev=PLEV39, lbproc=192] / MOLECULAR_MASS_OF_N2O5) + (m01s51i006[blev=PLEV39, lbproc=192] / MOLECULAR_MASS_OF_HO2NO2) + (m01s51i007[blev=PLEV39, lbproc=192] / MOLECULAR_MASS_OF_HNO3) + (m01s51i013[blev=PLEV39, lbproc=192] / MOLECULAR_MASS_OF_HONO) + (m01s51i025[blev=PLEV39, lbproc=192] / MOLECULAR_MASS_OF_MEONO2) + (m01s51i048[blev=PLEV39, lbproc=192] / MOLECULAR_MASS_OF_BRONO2) + (m01s51i054[blev=PLEV39, lbproc=192] / MOLECULAR_MASS_OF_CLONO2) + (m01s51i058[blev=PLEV39, lbproc=192] / MOLECULAR_MASS_OF_NITROGEN) + (m01s51i996[blev=PLEV39, lbproc=192] / MOLECULAR_MASS_OF_NO2)) / m01s51i999[blev=PLEV39, lbproc=192]",HadGEM3_mappings.cfg
m01s51i001,51,1,128,,,PLEV19,o3,Amon,False,2,mol mol-1,ok,"(MOLECULAR_MASS_OF_AIR / MOLECULAR_MASS_OF_O3) * m01s51i001[blev=PLEV19, lbproc=128] / m01s51i999[blev=PLEV19, lbproc=128]",HadGEM3_mappings.cfg
m01s51i999,51,999,128,,,PLEV19,o3,Amon,False,2,mol mol-1,ok,"(MOLECULAR_MASS_OF_AIR / MOLECULAR_MASS_OF_O3) * m01s51i001[blev=PLEV19, lbproc=128] / m01s51i999[blev=PLEV19, lbproc=128]",HadGEM3_mappings.cfg
m01s51i001,51,1,128,,,PLEV19,o3,APmon,False,2,mol mol-1,ok,"(MOLECULAR_MASS_OF_AIR / MOLECULAR_MASS_OF_O3) * m01s51i001[blev=PLEV19, lbproc=128] / m01s51i999[blev=PLEV19, lbproc=128]",HadGEM3_mappings.cfg
m01s51i999,51,999,128,,,PLEV19,o3,APmon,False,2,mol mol-1,ok,"(MOLECULAR_MASS_OF_AIR / MOLECULAR_MASS_OF_O3) * m01s51i001[blev=PLEV19, lbproc=128] / m01s51i999[blev=PLEV19, lbproc=128]",HadGEM3_mappings.cfg
m01s50i011,50,11,128,,,,o3loss,AERmon,False,5,mol m-3 s-1,ok,(m01s50i011[lbproc=128] + m01s50i013[lbproc=128] + m01s50i014[lbproc=128] + m01s50i015[lbproc=128]) / m01s50i255[lbproc=128],HadGEM3_mappings.cfg
m01s50i013,50,13,128,,,,o3loss,AERmon,False,5,mol m-3 s-1,ok,(m01s50i011[lbproc=128] + m01s50i013[lbproc=128] + m01s50i014[lbproc=128] + m01s50i015[lbproc=128]) / m01s50i255[lbproc=128],HadGEM3_mappings.cfg
m01s50i014,50,14,128,,,,o3loss,AERmon,False,5,mol m-3 s-1,ok,(m01s50i011[lbproc=128] + m01s50i013[lbproc=128] + m01s50i014[lbproc=128] + m01s50i015[lbproc=128]) / m01s50i255[lbproc=128],HadGEM3_mappings.cfg
m01s50i015,50,15,128,,,,o3loss,AERmon,False,5,mol m-3 s-1,ok,(m01s50i011[lbproc=128] + m01s50i013[lbproc=128] + m01s50i014[lbproc=128] + m01s50i015[lbproc=128]) / m01s50i255[lbproc=128],HadGEM3_mappings.cfg
m01s50i255,50,255,128,,,,o3loss,AERmon,False,5,mol m-3 s-1,ok,(m01s50i011[lbproc=128] + m01s50i013[lbproc=128] + m01s50i014[lbproc=128] + m01s50i015[lbproc=128]) / m01s50i255[lbproc=128],HadGEM3_mappings.cfg
m01s50i011,50,11,128,,,,o3loss,AEmonLev,False,5,mol m-3 s-1,ok,(m01s50i011[lbproc=128] + m01s50i013[lbproc=128] + m01s50i014[lbproc=128] + m01s50i015[lbproc=128]) / m01s50i255[lbproc=128],HadGEM3_mappings.cfg
m01s50i013,50,13,128,,,,o3loss,AEmonLev,False,5,mol m-3 s-1,ok,(m01s50i011[lbproc=128] + m01s50i013[lbproc=128] + m01s50i014[lbproc=128] + m01s50i015[lbproc=128]) / m01s50i255[lbproc=128],HadGEM3_mappings.cfg
m01s50i014,50,14,128,,,,o3loss,AEmonLev,False,5,mol m-3 s-1,ok,(m01s50i011[lbproc=128] + m01s50i013[lbproc=128] + m01s50i014[lbproc=128] + m01s50i015[lbproc=128]) / m01s50i255[lbproc=128],HadGEM3_mappings.cfg
m01s50i015,50,15,128,,,,o3loss,AEmonLev,False,5,mol m-3 s-1,ok,(m01s50i011[lbproc=128] + m01s50i013[lbproc=128] + m01s50i014[lbproc=128] + m01s50i015[lbproc=128]) / m01s50i255[lbproc=128],HadGEM3_mappings.cfg
m01s50i255,50,255,128,,,,o3loss,AEmonLev,False,5,mol m-3 s-1,ok,(m01s50i011[lbproc=128] + m01s50i013[lbproc=128] + m01s50i014[lbproc=128] + m01s50i015[lbproc=128]) / m01s50i255[lbproc=128],HadGEM3_mappings.cfg
m01s50i001,50,1,128,,,,o3prod,AERmon,False,4,mol m-3 s-1,ok,(m01s50i001[lbproc=128] + m01s50i003[lbproc=128] + m01s50i103[lbproc=128]) / m01s50i255[lbproc=128],HadGEM3_mappings.cfg
m01s50i003,50,3,128,,,,o3prod,AERmon,False,4,mol m-3 s-1,ok,(m01s50i001[lbproc=128] + m01s50i003[lbproc=128] + m01s50i103[lbproc=128]) / m01s50i255[lbproc=128],HadGEM3_mappings.cfg
m01s50i103,50,103,128,,,,o3prod,AERmon,False,4,mol m-3 s-1,ok,(m01s50i001[lbproc=128] + m01s50i003[lbproc=128] + m01s50i103[lbproc=128]) / m01s50i255[lbproc=128],HadGEM3_mappings.cfg
m01s50i255,50,255,128,,,,o3prod,AERmon,False,4,mol m-3 s-1,ok,(m01s50i001[lbproc=128] + m01s50i003[lbproc=128] + m01s50i103[lbproc=128]) / m01s50i255[lbproc=128],HadGEM3_mappings.cfg
m01s50i001,50,1,128,,,,o3prod,AEmonLev,False,4,mol m-3 s-1,ok,(m01s50i001[lbproc=128] + m01s50i003[lbproc=128] + m01s50i103[lbproc=128]) / m01s50i255[lbproc=128],HadGEM3_mappings.cfg
m01s50i003,50,3,128,,,,o3prod,AEmonLev,False,4,mol m-3 s-1,ok,(m01s50i001[lbproc=128] + m01s50i003[lbproc=128] + m01s50i103[lbproc=128]) / m01s50i255[lbproc=128],HadGEM3_mappings.cfg
m01s50i103,50,103,128,,,,o3prod,AEmonLev,False,4,mol m-3 s-1,ok,(m01s50i001[lbproc=128] + m01s50i003[lbproc=128] + m01s50i103[lbproc=128]) / m01s50i255[lbproc=128],HadGEM3_mappings.cfg
m01s50i255,50,255,128,,,,o3prod,AEmonLev,False,4,mol m-3 s-1,ok,(m01s50i001[lbproc=128] + m01s50i003[lbproc=128] + m01s50i103[lbproc=128]) / m01s50i255[lbproc=128],HadGEM3_mappings.cfg
m01s02i285,2,285,128,,2,,od440aer,AERmon,False,5,1,ok,"m01s02i285[lbplev=2, lbproc=128] + m01s02i300[lbplev=2, lbproc=128] + m01s02i301[lbplev=2, lbproc=128] + m01s02i302[lbplev=2, lbproc=128] + m01s02i303[lbplev=2, lbproc=128]",HadGEM3_mappings.cfg
m01s02i300,2,300,128,,2,,od440aer,AERmon,False,5,1,ok,"m01s02i285[lbplev=2, lbproc=128] + m01s02i300[lbplev=2, lbproc=128] + m01s02i301[lbplev=2, lbproc=128] + m01s02i302[lbplev=2, lbproc=128] + m01s02i303[lbplev=2, lbproc=128]",HadGEM3_mappings.cfg
m01s02i301,2,301,128,,2,,od440aer,AERmon,False,5,1,ok,"m01s02i285[lbplev=2, lbproc=128] + m01s02i300[lbplev=2, lbproc=128] + m01s02i301[lbplev=2, lbproc=128] + m01s02i302[lbplev=2, lbproc=128] + m01s02i303[lbplev=2, lbproc=128]",HadGEM3_mappings.cfg
m01s02i302,2,302,128,,2,,od440aer,AERmon,False,5,1,ok,"m01s02i285[lbplev=2, lbproc=128] + m01s02i300[lbplev=2, lbproc=128] + m01s02i301[lbplev=2, lbproc=128] + m01s02i302[lbplev=2, lbproc=128] + m01s02i303[lbplev=2, lbproc=128]",HadGEM3_mappings.cfg
m01s02i303,2,303,128,,2,,od440aer,AERmon,False,5,1,ok,"m01s02i285[lbplev=2, lbproc=128] + m01s02i300[lbplev=2, lbproc=128] + m01s02i301[lbplev=2, lbproc=128] + m01s02i302[lbplev=2, lbproc=128] + m01s02i303[lbplev=2, lbproc=128]",HadGEM3_mappings.cfg
m01s02i285,2,285,128,,2,,od440aer,AEmon,False,5,1,ok,"m01s02i285[lbplev=2, lbproc=128] + m01s02i300[lbplev=2, lbproc=128] + m01s02i301[lbplev=2, lbproc=128] + m01s02i302[lbplev=2, lbproc=128] + m01s02i303[lbplev=2, lbproc=128]",HadGEM3_mappings.cfg
m01s02i300,2,300,128,,2,,od440aer,AEmon,False,5,1,ok,"m01s02i285[lbplev=2, lbproc=128] + m01s02i300[lbplev=2, lbproc=128] + m01s02i301[lbplev=2, lbproc=128] + m01s02i302[lbplev=2, lbproc=128] + m01s02i303[lbplev=2, lbproc=128]",HadGEM3_mappings.cfg
m01s02i301,2,301,128,,2,,od440aer,AEmon,False,5,1,ok,"m01s02i285[lbplev=2, lbproc=128] + m01s02i300[lbplev=2, lbproc=128] + m01s02i301[lbplev=2, lbproc=128] + m01s02i302[lbplev=2, lbproc=128] + m01s02i303[lbplev=2, lbproc=128]",HadGEM3_mappings.cfg
m01s02i302,2,302,128,,2,,od440aer,AEmon,False,5,1,ok,"m01s02i285[lbplev=2, lbproc=128] + m01s02i300[lbplev=2, lbproc=128] + m01s02i301[lbplev=2, lbproc=128] + m01s02i302[lbplev=2, lbproc=128] + m01s02i303[lbplev=2, lbproc=128]",HadGEM3_mappings.cfg
m01s02i303,2,303,128,,2,,od440aer,AEmon,False,5,1,ok,"m01s02i285[lbplev=2, lbproc=128] + m01s02i300[lbplev=2, lbproc=128] + m01s02i301[lbplev=2, lbproc=128] + m01s02i302[lbplev=2, lbproc=128] + m01s02i303[lbplev=2, lbproc=128]",HadGEM3_mappings.cfg
m01s02i285,2,285,128,,2,,od443dust,Emon,True,1,1,ok,"m01s02i285[lbplev=2, lbproc=128]",HadGEM3_mappings.cfg
m01s02i285,2,285,128,,2,,od443dust,APmon,True,1,1,ok,"m01s02i285[lbplev=2, lbproc=128]",HadGEM3_mappings.cfg
m01s02i285,2,285,128,,3,,od550aer,AERmon,False,5,1,ok,"m01s02i285[lbplev=3, lbproc=128] + m01s02i300[lbplev=3, lbproc=128] + m01s02i301[lbplev=3, lbproc=128] + m01s02i302[lbplev=3, lbproc=128] + m01s02i303[lbplev=3, lbproc=128]",HadGEM3_mappings.cfg
m01s02i300,2,300,128,,3,,od550aer,AERmon,False,5,1,ok,"m01s02i285[lbplev=3, lbproc=128] + m01s02i300[lbplev=3, lbproc=128] + m01s02i301[lbplev=3, lbproc=128] + m01s02i302[lbplev=3, lbproc=128] + m01s02i303[lbplev=3, lbproc=128]",HadGEM3_mappings.cfg
m01s02i301,2,301,128,,3,,od550aer,AERmon,False,5,1,ok,"m01s02i285[lbplev=3, lbproc=128] + m01s02i300[lbplev=3, lbproc=128] + m01s02i301[lbplev=3, lbproc=128] + m01s02i302[lbplev=3, lbproc=128] + m01s02i303[lbplev=3, lbproc=128]",HadGEM3_mappings.cfg
m01s02i302,2,302,128,,3,,od550aer,AERmon,False,5,1,ok,"m01s02i285[lbplev=3, lbproc=128] + m01s02i300[lbplev=3, lbproc=128] + m01s02i301[lbplev=3, lbproc=128] + m01s02i302[lbplev=3, lbproc=128] + m01s02i303[lbplev=3, lbproc=128]",HadGEM3_mappings.cfg
m01s02i303,2,303,128,,3,,od550aer,AERmon,False,5,1,ok,"m01s02i285[lbplev=3, lbproc=128] + m01s02i300[lbplev=3, lbproc=128] + m01s02i301[lbplev=3, lbproc=128] + m01s02i302[lbplev=3, lbproc=128] + m01s02i303[lbplev=3, lbproc=128]",HadGEM3_mappings.cfg
m01s02i285,2,285,128,,3,,od550aer,AERday,False,5,1,ok,"m01s02i285[lbplev=3, lbproc=128] + m01s02i300[lbplev=3, lbproc=128] + m01s02i301[lbplev=3, lbproc=128] + m01s02i302[lbplev=3, lbproc=128] + m01s02i303[lbplev=3, lbproc=128]",HadGEM3_mappings.cfg
m01s02i300,2,300,128,,3,,od550aer,AERday,False,5,1,ok,"m01s02i285[lbplev=3, lbproc=128] + m01s02i300[lbplev=3, lbproc=128] + m01s02i301[lbplev=3, lbproc=128] + m01s02i302[lbplev=3, lbproc=128] + m01s02i303[lbplev=3, lbproc=128]",HadGEM3_mappings.cfg
m01s02i301,2,301,128,,3,,od550aer,AERday,False,5,1,ok,"m01s02i285[lbplev=3, lbproc=128] + m01s02i300[lbplev=3, lbproc=128] + m01s02i301[lbplev=3, lbproc=128] + m01s02i302[lbplev=3, lbproc=128] + m01s02i303[lbplev=3, lbproc=128]",HadGEM3_mappings.cfg
m01s02i302,2,302,128,,3,,od550aer,AERday,False,5,1,ok,"m01s02i285[lbplev=3, lbproc=128] + m01s02i300[lbplev=3, lbproc=128] + m01s02i301[lbplev=3, lbproc=128] + m01s02i302[lbplev=3, lbproc=128] + m01s02i303[lbplev=3, lbproc=128]",HadGEM3_mappings.cfg
m01s02i303,2,303,128,,3,,od550aer,AERday,False,5,1,ok,"m01s02i285[lbplev=3, lbproc=128] + m01s02i300[lbplev=3, lbproc=128] + m01s02i301[lbplev=3, lbproc=128] + m01s02i302[lbplev=3, lbproc=128] + m01s02i303[lbplev=3, lbproc=128]",HadGEM3_mappings.cfg
m01s02i285,2,285,128,,3,,od550aer,AEmon,False,5,1,ok,"m01s02i285[lbplev=3, lbproc=128] + m01s02i300[lbplev=3, lbproc=128] + m01s02i301[lbplev=3, lbproc=128] + m01s02i302[lbplev=3, lbproc=128] + m01s02i303[lbplev=3, lbproc=128]",HadGEM3_mappings.cfg
m01s02i300,2,300,128,,3,,od550aer,AEmon,False,5,1,ok,"m01s02i285[lbplev=3, lbproc=128] + m01s02i300[lbplev=3, lbproc=128] + m01s02i301[lbplev=3, lbproc=128] + m01s02i302[lbplev=3, lbproc=128] + m01s02i303[lbplev=3, lbproc=128]",HadGEM3_mappings.cfg
m01s02i301,2,301,128,,3,,od550aer,AEmon,False,5,1,ok,"m01s02i285[lbplev=3, lbproc=128] + m01s02i300[lbplev=3, lbproc=128] + m01s02i301[lbplev=3, lbproc=128] + m01s02i302[lbplev=3, lbproc=128] + m01s02i303[lbplev=3, lbproc=128]",HadGEM3_mappings.cfg
m01s02i302,2,302,128,,3,,od550aer,AEmon,False,5,1,ok,"m01s02i285[lbplev=3, lbproc=128] + m01s02i300[lbplev=3, lbproc=128] + m01s02i301[lbplev=3, lbproc=128] + m01s02i302[lbplev=3, lbproc=128] + m01s02i303[lbplev=3, lbproc=128]",HadGEM3_mappings.cfg
m01s02i303,2,303,128,,3,,od550aer,AEmon,False,5,1,ok,"m01s02i285[lbplev=3, lbproc=128] + m01s02i300[lbplev=3, lbproc=128] + m01s02i301[lbplev=3, lbproc=128] + m01s02i302[lbplev=3, lbproc=128] + m01s02i303[lbplev=3, lbproc=128]",HadGEM3_mappings.cfg
m01s02i285,2,285,128,,3,,od550aer,AEday,False,5,1,ok,"m01s02i285[lbplev=3, lbproc=128] + m01s02i300[lbplev=3, lbproc=128] + m01s02i301[lbplev=3, lbproc=128] + m01s02i302[lbplev=3, lbproc=128] + m01s02i303[lbplev=3, lbproc=128]",HadGEM3_mappings.cfg
m01s02i300,2,300,128,,3,,od550aer,AEday,False,5,1,ok,"m01s02i285[lbplev=3, lbproc=128] + m01s02i300[lbplev=3, lbproc=128] + m01s02i301[lbplev=3, lbproc=128] + m01s02i302[lbplev=3, lbproc=128] + m01s02i303[lbplev=3, lbproc=128]",HadGEM3_mappings.cfg
m01s02i301,2,301,128,,3,,od550aer,AEday,False,5,1,ok,"m01s02i285[lbplev=3, lbproc=128] + m01s02i300[lbplev=3, lbproc=128] + m01s02i301[lbplev=3, lbproc=128] + m01s02i302[lbplev=3, lbproc=128] + m01s02i303[lbplev=3, lbproc=128]",HadGEM3_mappings.cfg
m01s02i302,2,302,128,,3,,od550aer,AEday,False,5,1,ok,"m01s02i285[lbplev=3, lbproc=128] + m01s02i300[lbplev=3, lbproc=128] + m01s02i301[lbplev=3, lbproc=128] + m01s02i302[lbplev=3, lbproc=128] + m01s02i303[lbplev=3, lbproc=128]",HadGEM3_mappings.cfg
m01s02i303,2,303,128,,3,,od550aer,AEday,False,5,1,ok,"m01s02i285[lbplev=3, lbproc=128] + m01s02i300[lbplev=3, lbproc=128] + m01s02i301[lbplev=3, lbproc=128] + m01s02i302[lbplev=3, lbproc=128] + m01s02i303[lbplev=3, lbproc=128]",HadGEM3_mappings.cfg
m01s02i251,2,251,128,,3,,od550aerso,Emon,False,4,1,ok,"m01s02i251[lbplev=3, lbproc=128] + m01s02i252[lbplev=3, lbproc=128] + m01s02i253[lbplev=3, lbproc=128] + m01s02i254[lbplev=3, lbproc=128]",HadGEM3_mappings.cfg
m01s02i252,2,252,128,,3,,od550aerso,Emon,False,4,1,ok,"m01s02i251[lbplev=3, lbproc=128] + m01s02i252[lbplev=3, lbproc=128] + m01s02i253[lbplev=3, lbproc=128] + m01s02i254[lbplev=3, lbproc=128]",HadGEM3_mappings.cfg
m01s02i253,2,253,128,,3,,od550aerso,Emon,False,4,1,ok,"m01s02i251[lbplev=3, lbproc=128] + m01s02i252[lbplev=3, lbproc=128] + m01s02i253[lbplev=3, lbproc=128] + m01s02i254[lbplev=3, lbproc=128]",HadGEM3_mappings.cfg
m01s02i254,2,254,128,,3,,od550aerso,Emon,False,4,1,ok,"m01s02i251[lbplev=3, lbproc=128] + m01s02i252[lbplev=3, lbproc=128] + m01s02i253[lbplev=3, lbproc=128] + m01s02i254[lbplev=3, lbproc=128]",HadGEM3_mappings.cfg
m01s02i251,2,251,128,,3,,od550aerso,APmon,False,4,1,ok,"m01s02i251[lbplev=3, lbproc=128] + m01s02i252[lbplev=3, lbproc=128] + m01s02i253[lbplev=3, lbproc=128] + m01s02i254[lbplev=3, lbproc=128]",HadGEM3_mappings.cfg
m01s02i252,2,252,128,,3,,od550aerso,APmon,False,4,1,ok,"m01s02i251[lbplev=3, lbproc=128] + m01s02i252[lbplev=3, lbproc=128] + m01s02i253[lbplev=3, lbproc=128] + m01s02i254[lbplev=3, lbproc=128]",HadGEM3_mappings.cfg
m01s02i253,2,253,128,,3,,od550aerso,APmon,False,4,1,ok,"m01s02i251[lbplev=3, lbproc=128] + m01s02i252[lbplev=3, lbproc=128] + m01s02i253[lbplev=3, lbproc=128] + m01s02i254[lbplev=3, lbproc=128]",HadGEM3_mappings.cfg
m01s02i254,2,254,128,,3,,od550aerso,APmon,False,4,1,ok,"m01s02i251[lbplev=3, lbproc=128] + m01s02i252[lbplev=3, lbproc=128] + m01s02i253[lbplev=3, lbproc=128] + m01s02i254[lbplev=3, lbproc=128]",HadGEM3_mappings.cfg
m01s02i285,2,285,128,,3,,od550dust,AERmon,True,1,1,ok,"m01s02i285[lbplev=3, lbproc=128]",HadGEM3_mappings.cfg
m01s02i285,2,285,128,,3,,od550dust,AEmon,True,1,1,ok,"m01s02i285[lbplev=3, lbproc=128]",HadGEM3_mappings.cfg
m01s02i300,2,300,128,,3,,od550lt1aer,AERmon,False,3,1,ok,"m01s02i300[lbplev=3, lbproc=128] + m01s02i301[lbplev=3, lbproc=128] + m01s02i303[lbplev=3, lbproc=128]",HadGEM3_mappings.cfg
m01s02i301,2,301,128,,3,,od550lt1aer,AERmon,False,3,1,ok,"m01s02i300[lbplev=3, lbproc=128] + m01s02i301[lbplev=3, lbproc=128] + m01s02i303[lbplev=3, lbproc=128]",HadGEM3_mappings.cfg
m01s02i303,2,303,128,,3,,od550lt1aer,AERmon,False,3,1,ok,"m01s02i300[lbplev=3, lbproc=128] + m01s02i301[lbplev=3, lbproc=128] + m01s02i303[lbplev=3, lbproc=128]",HadGEM3_mappings.cfg
m01s02i300,2,300,128,,3,,od550lt1aer,AEmon,False,3,1,ok,"m01s02i300[lbplev=3, lbproc=128] + m01s02i301[lbplev=3, lbproc=128] + m01s02i303[lbplev=3, lbproc=128]",HadGEM3_mappings.cfg
m01s02i301,2,301,128,,3,,od550lt1aer,AEmon,False,3,1,ok,"m01s02i300[lbplev=3, lbproc=128] + m01s02i301[lbplev=3, lbproc=128] + m01s02i303[lbplev=3, lbproc=128]",HadGEM3_mappings.cfg
m01s02i303,2,303,128,,3,,od550lt1aer,AEmon,False,3,1,ok,"m01s02i300[lbplev=3, lbproc=128] + m01s02i301[lbplev=3, lbproc=128] + m01s02i303[lbplev=3, lbproc=128]",HadGEM3_mappings.cfg
m01s02i285,2,285,128,,5,,od865dust,Emon,True,1,1,ok,"m01s02i285[lbplev=5, lbproc=128]",HadGEM3_mappings.cfg
m01s02i285,2,285,128,,5,,od865dust,APmon,True,1,1,ok,"m01s02i285[lbplev=5, lbproc=128]",HadGEM3_mappings.cfg
m01s02i285,2,285,128,,5,,od870aer,AERmon,False,5,1,ok,"m01s02i285[lbplev=5, lbproc=128] + m01s02i300[lbplev=5, lbproc=128] + m01s02i301[lbplev=5, lbproc=128] + m01s02i302[lbplev=5, lbproc=128] + m01s02i303[lbplev=5, lbproc=128]",HadGEM3_mappings.cfg
m01s02i300,2,300,128,,5,,od870aer,AERmon,False,5,1,ok,"m01s02i285[lbplev=5, lbproc=128] + m01s02i300[lbplev=5, lbproc=128] + m01s02i301[lbplev=5, lbproc=128] + m01s02i302[lbplev=5, lbproc=128] + m01s02i303[lbplev=5, lbproc=128]",HadGEM3_mappings.cfg
m01s02i301,2,301,128,,5,,od870aer,AERmon,False,5,1,ok,"m01s02i285[lbplev=5, lbproc=128] + m01s02i300[lbplev=5, lbproc=128] + m01s02i301[lbplev=5, lbproc=128] + m01s02i302[lbplev=5, lbproc=128] + m01s02i303[lbplev=5, lbproc=128]",HadGEM3_mappings.cfg
m01s02i302,2,302,128,,5,,od870aer,AERmon,False,5,1,ok,"m01s02i285[lbplev=5, lbproc=128] + m01s02i300[lbplev=5, lbproc=128] + m01s02i301[lbplev=5, lbproc=128] + m01s02i302[lbplev=5, lbproc=128] + m01s02i303[lbplev=5, lbproc=128]",HadGEM3_mappings.cfg
m01s02i303,2,303,128,,5,,od870aer,AERmon,False,5,1,ok,"m01s02i285[lbplev=5, lbproc=128] + m01s02i300[lbplev=5, lbproc=128] + m01s02i301[lbplev=5, lbproc=128] + m01s02i302[lbplev=5, lbproc=128] + m01s02i303[lbplev=5, lbproc=128]",HadGEM3_mappings.cfg
m01s02i285,2,285,128,,5,,od870aer,AEmon,False,5,1,ok,"m01s02i285[lbplev=5, lbproc=128] + m01s02i300[lbplev=5, lbproc=128] + m01s02i301[lbplev=5, lbproc=128] + m01s02i302[lbplev=5, lbproc=128] + m01s02i303[lbplev=5, lbproc=128]",HadGEM3_mappings.cfg
m01s02i300,2,300,128,,5,,od870aer,AEmon,False,5,1,ok,"m01s02i285[lbplev=5, lbproc=128] + m01s02i300[lbplev=5, lbproc=128] + m01s02i301[lbplev=5, lbproc=128] + m01s02i302[lbplev=5, lbproc=128] + m01s02i303[lbplev=5, lbproc=128]",HadGEM3_mappings.cfg
m01s02i301,2,301,128,,5,,od870aer,AEmon,False,5,1,ok,"m01s02i285[lbplev=5, lbproc=128] + m01s02i300[lbplev=5, lbproc=128] + m01s02i301[lbplev=5, lbproc=128] + m01s02i302[lbplev=5, lbproc=128] + m01s02i303[lbplev=5, lbproc=128]",HadGEM3_mappings.cfg
m01s02i302,2,302,128,,5,,od870aer,AEmon,False,5,1,ok,"m01s02i285[lbplev=5, lbproc=128] + m01s02i300[lbplev=5, lbproc=128] + m01s02i301[lbplev=5, lbproc=128] + m01s02i302[lbplev=5, lbproc=128] + m01s02i303[lbplev=5, lbproc=128]",HadGEM3_mappings.cfg
m01s02i303,2,303,128,,5,,od870aer,AEmon,False,5,1,ok,"m01s02i285[lbplev=5, lbproc=128] + m01s02i300[lbplev=5, lbproc=128] + m01s02i301[lbplev=5, lbproc=128] + m01s02i302[lbplev=5, lbproc=128] + m01s02i303[lbplev=5, lbproc=128]",HadGEM3_mappings.cfg
m01s34i081,34,81,128,,,,oh,AERmon,True,1,mol mol-1,ok,(MOLECULAR_MASS_OF_AIR / MOLECULAR_MASS_OF_OH) * m01s34i081[lbproc=128],HadGEM3_mappings.cfg
m01s34i081,34,81,128,,,,oh,AEmonLev,True,1,mol mol-1,ok,(MOLECULAR_MASS_OF_AIR / MOLECULAR_MASS_OF_OH) * m01s34i081[lbproc=128],HadGEM3_mappings.cfg
m01s00i033,0,33,,,,,orog,fx,True,1,m,ok,m01s00i033,HadGEM3_mappings.cfg
m01s00i033,0,33,,,,,orog,LPfx,True,1,m,ok,m01s00i033,HadGEM3_mappings.cfg
m01s34i017,34,17,128,,,,pan,AERmon,True,1,mol mol-1,ok,(MOLECULAR_MASS_OF_AIR / MOLECULAR_MASS_OF_PAN) * m01s34i017[lbproc=128],HadGEM3_mappings.cfg
m01s34i017,34,17,128,,,,pan,AEmonLev,True,1,mol mol-1,ok,(MOLECULAR_MASS_OF_AIR / MOLECULAR_MASS_OF_PAN) * m01s34i017[lbproc=128],HadGEM3_mappings.cfg
m01s02i348,2,348,128,,,,parasolRefl,Emon,True,1,1,ok,fix_parasol_sza_axis(m01s02i348[lbproc=128]),HadGEM3_mappings.cfg
m01s02i348,2,348,128,,,,parasolRefl,Eday,True,1,1,ok,fix_parasol_sza_axis(m01s02i348[lbproc=128]),HadGEM3_mappings.cfg
m01s02i348,2,348,128,,,,parasolRefl,APmon,True,1,1,ok,fix_parasol_sza_axis(m01s02i348[lbproc=128]),HadGEM3_mappings.cfg
m01s02i348,2,348,128,,,,parasolRefl,APday,True,1,1,ok,fix_parasol_sza_axis(m01s02i348[lbproc=128]),HadGEM3_mappings.cfg
m01s02i333,2,333,128,,,,pctisccp,CFmon,False,2,Pa,ok,m01s02i333[lbproc=128] / m01s02i334[lbproc=128],HadGEM3_mappings.cfg
m01s02i334,2,334,128,,,,pctisccp,CFmon,False,2,Pa,ok,m01s02i333[lbproc=128] / m01s02i334[lbproc=128],HadGEM3_mappings.cfg
m01s02i333,2,333,128,,,,pctisccp,CFday,False,2,Pa,ok,m01s02i333[lbproc=128] / m01s02i334[lbproc=128],HadGEM3_mappings.cfg
m01s02i334,2,334,128,,,,pctisccp,CFday,False,2,Pa,ok,m01s02i333[lbproc=128] / m01s02i334[lbproc=128],HadGEM3_mappings.cfg
m01s02i333,2,333,128,,,,pctisccp,APmon,False,2,Pa,ok,m01s02i333[lbproc=128] / m01s02i334[lbproc=128],HadGEM3_mappings.cfg
m01s02i334,2,334,128,,,,pctisccp,APmon,False,2,Pa,ok,m01s02i333[lbproc=128] / m01s02i334[lbproc=128],HadGEM3_mappings.cfg
m01s02i333,2,333,128,,,,pctisccp,APday,False,2,Pa,ok,m01s02i333[lbproc=128] / m01s02i334[lbproc=128],HadGEM3_mappings.cfg
m01s02i334,2,334,128,,,,pctisccp,APday,False,2,Pa,ok,m01s02i333[lbproc=128] / m01s02i334[lbproc=128],HadGEM3_mappings.cfg
m01s00i408,0,408,128,,,,pfull,AERmon,True,1,Pa,ok,m01s00i408[lbproc=128],HadGEM3_mappings.cfg
m01s00i408,0,408,128,,,,pfull,CFday,True,1,Pa,ok,m01s00i408[lbproc=128],HadGEM3_mappings.cfg
m01s00i408,0,408,128,,,,pfull,AEmonLev,True,1,Pa,ok,m01s00i408[lbproc=128],HadGEM3_mappings.cfg
m01s00i408,0,408,128,,,,pfull,APdayLev,True,1,Pa,ok,m01s00i408[lbproc=128],HadGEM3_mappings.cfg
m01s00i407,0,407,128,,,,phalf,AERmon,True,1,Pa,ok,m01s00i407[lbproc=128],HadGEM3_mappings.cfg
m01s00i407,0,407,128,,,,phalf,CFday,True,1,Pa,ok,m01s00i407[lbproc=128],HadGEM3_mappings.cfg
m01s00i407,0,407,128,,,,phalf,AEmonLev,True,1,Pa,ok,m01s00i407[lbproc=128],HadGEM3_mappings.cfg
m01s00i407,0,407,128,,,,phalf,APdayLev,True,1,Pa,ok,m01s00i407[lbproc=128],HadGEM3_mappings.cfg
m01s50i228,50,228,128,,,,photo1d,AERmon,True,1,s-1,ok,m01s50i228[lbproc=128],HadGEM3_mappings.cfg
m01s50i228,50,228,128,,,,photo1d,AEmonLev,True,1,s-1,ok,m01s50i228[lbproc=128],HadGEM3_mappings.cfg
m01s05i216,5,216,128,,,,pr,3hr,True,1,kg m-2 s-1,ok,m01s05i216[lbproc=128],HadGEM3_mappings.cfg
m01s05i216,5,216,128,,,,pr,6hrPlev,True,1,kg m-2 s-1,ok,m01s05i216[lbproc=128],HadGEM3_mappings.cfg
m01s05i216,5,216,128,,,,pr,Amon,True,1,kg m-2 s-1,ok,m01s05i216[lbproc=128],HadGEM3_mappings.cfg
m01s05i216,5,216,128,,,,pr,E1hr,True,1,kg m-2 s-1,ok,m01s05i216[lbproc=128],HadGEM3_mappings.cfg
m01s05i216,5,216,128,,,,pr,day,True,1,kg m-2 s-1,ok,m01s05i216[lbproc=128],HadGEM3_mappings.cfg
m01s05i216,5,216,128,,,,pr,CresAERday,True,1,kg m-2 s-1,ok,m01s05i216[lbproc=128],HadGEM3_mappings.cfg
m01s05i216,5,216,128,,,,pr,AP1hr,True,1,kg m-2 s-1,ok,m01s05i216[lbproc=128],HadGEM3_mappings.cfg
m01s05i216,5,216,128,,,,pr,AP3hr,True,1,kg m-2 s-1,ok,m01s05i216[lbproc=128],HadGEM3_mappings.cfg
m01s05i216,5,216,128,,,,pr,AP6hr,True,1,kg m-2 s-1,ok,m01s05i216[lbproc=128],HadGEM3_mappings.cfg
m01s05i216,5,216,128,,,,pr,APday,True,1,kg m-2 s-1,ok,m01s05i216[lbproc=128],HadGEM3_mappings.cfg
m01s05i216,5,216,128,,,,pr,APmon,True,1,kg m-2 s-1,ok,m01s05i216[lbproc=128],HadGEM3_mappings.cfg
m01s05i216,5,216,128,,,,pr,mon,True,1,kg m-2 s-1,ok,m01s05i216[lbproc=128],HadGEM3_mappings.cfg
m01s05i216,5,216,128,,,,pr,1hr,True,1,kg m-2 s-1,ok,m01s05i216[lbproc=128],HadGEM3_mappings.cfg
m01s05i205,5,205,128,,,,prc,Amon,False,2,kg m-2 s-1,ok,m01s05i205[lbproc=128] + m01s05i206[lbproc=128],HadGEM3_mappings.cfg
m01s05i206,5,206,128,,,,prc,Amon,False,2,kg m-2 s-1,ok,m01s05i205[lbproc=128] + m01s05i206[lbproc=128],HadGEM3_mappings.cfg
m01s05i205,5,205,128,,,,prc,3hr,False,2,kg m-2 s-1,ok,m01s05i205[lbproc=128] + m01s05i206[lbproc=128],HadGEM3_mappings.cfg
m01s05i206,5,206,128,,,,prc,3hr,False,2,kg m-2 s-1,ok,m01s05i205[lbproc=128] + m01s05i206[lbproc=128],HadGEM3_mappings.cfg
m01s05i205,5,205,128,,,,prc,E1hr,False,2,kg m-2 s-1,ok,m01s05i205[lbproc=128] + m01s05i206[lbproc=128],HadGEM3_mappings.cfg
m01s05i206,5,206,128,,,,prc,E1hr,False,2,kg m-2 s-1,ok,m01s05i205[lbproc=128] + m01s05i206[lbproc=128],HadGEM3_mappings.cfg
m01s05i205,5,205,128,,,,prc,day,False,2,kg m-2 s-1,ok,m01s05i205[lbproc=128] + m01s05i206[lbproc=128],HadGEM3_mappings.cfg
m01s05i206,5,206,128,,,,prc,day,False,2,kg m-2 s-1,ok,m01s05i205[lbproc=128] + m01s05i206[lbproc=128],HadGEM3_mappings.cfg
m01s05i205,5,205,128,,,,prc,APmon,False,2,kg m-2 s-1,ok,m01s05i205[lbproc=128] + m01s05i206[lbproc=128],HadGEM3_mappings.cfg
m01s05i206,5,206,128,,,,prc,APmon,False,2,kg m-2 s-1,ok,m01s05i205[lbproc=128] + m01s05i206[lbproc=128],HadGEM3_mappings.cfg
m01s05i205,5,205,128,,,,prc,AP3hr,False,2,kg m-2 s-1,ok,m01s05i205[lbproc=128] + m01s05i206[lbproc=128],HadGEM3_mappings.cfg
m01s05i206,5,206,128,,,,prc,AP3hr,False,2,kg m-2 s-1,ok,m01s05i205[lbproc=128] + m01s05i206[lbproc=128],HadGEM3_mappings.cfg
m01s05i205,5,205,128,,,,prc,AP1hr,False,2,kg m-2 s-1,ok,m01s05i205[lbproc=128] + m01s05i206[lbproc=128],HadGEM3_mappings.cfg
m01s05i206,5,206,128,,,,prc,AP1hr,False,2,kg m-2 s-1,ok,m01s05i205[lbproc=128] + m01s05i206[lbproc=128],HadGEM3_mappings.cfg
m01s05i205,5,205,128,,,,prc,APday,False,2,kg m-2 s-1,ok,m01s05i205[lbproc=128] + m01s05i206[lbproc=128],HadGEM3_mappings.cfg
m01s05i206,5,206,128,,,,prc,APday,False,2,kg m-2 s-1,ok,m01s05i205[lbproc=128] + m01s05i206[lbproc=128],HadGEM3_mappings.cfg
m01s05i227,5,227,0,,,,prcprof,CF3hr,True,1,kg m-2 s-1,ok,m01s05i227[lbproc=0],HadGEM3_mappings.cfg
m01s05i227,5,227,0,,,,prcprof,AP3hrPtLev,True,1,kg m-2 s-1,ok,m01s05i227[lbproc=0],HadGEM3_mappings.cfg
m01s04i223,4,223,0,,,,prlsns,CF3hr,True,1,kg m-2 s-1,ok,m01s04i223[lbproc=0],HadGEM3_mappings.cfg
m01s04i223,4,223,0,,,,prlsns,AP3hrPtLev,True,1,kg m-2 s-1,ok,m01s04i223[lbproc=0],HadGEM3_mappings.cfg
m01s04i222,4,222,0,,,,prlsprof,CF3hr,True,1,kg m-2 s-1,ok,m01s04i222[lbproc=0],HadGEM3_mappings.cfg
m01s04i222,4,222,0,,,,prlsprof,AP3hrPtLev,True,1,kg m-2 s-1,ok,m01s04i222[lbproc=0],HadGEM3_mappings.cfg
m01s05i214,5,214,128,,,,prra,E3hr,True,1,kg m-2 s-1,ok,m01s05i214[lbproc=128],HadGEM3_mappings.cfg
m01s05i205,5,205,128,,,,prrc,E3hr,True,1,kg m-2 s-1,ok,m01s05i205[lbproc=128],HadGEM3_mappings.cfg
m01s05i205,5,205,128,,,,prrc,Eday,True,1,kg m-2 s-1,ok,m01s05i205[lbproc=128],HadGEM3_mappings.cfg
m01s05i205,5,205,128,,,,prrc,AP3hr,True,1,kg m-2 s-1,ok,m01s05i205[lbproc=128],HadGEM3_mappings.cfg
m01s05i205,5,205,128,,,,prrc,APday,True,1,kg m-2 s-1,ok,m01s05i205[lbproc=128],HadGEM3_mappings.cfg
m01s05i215,5,215,128,,,,prsn,Amon,True,1,kg m-2 s-1,ok,m01s05i215[lbproc=128],HadGEM3_mappings.cfg
m01s05i215,5,215,128,,,,prsn,3hr,True,1,kg m-2 s-1,ok,m01s05i215[lbproc=128],HadGEM3_mappings.cfg
m01s05i215,5,215,128,,,,prsn,day,True,1,kg m-2 s-1,ok,m01s05i215[lbproc=128],HadGEM3_mappings.cfg
m01s05i215,5,215,128,,,,prsn,APmon,True,1,kg m-2 s-1,ok,m01s05i215[lbproc=128],HadGEM3_mappings.cfg
m01s05i215,5,215,128,,,,prsn,AP3hr,True,1,kg m-2 s-1,ok,m01s05i215[lbproc=128],HadGEM3_mappings.cfg
m01s05i215,5,215,128,,,,prsn,APday,True,1,kg m-2 s-1,ok,m01s05i215[lbproc=128],HadGEM3_mappings.cfg
m01s30i461,30,461,128,,,,prw,Amon,True,1,kg m-2,ok,m01s30i461[lbproc=128],HadGEM3_mappings.cfg
m01s30i461,30,461,128,,,,prw,Eday,True,1,kg m-2,ok,m01s30i461[lbproc=128],HadGEM3_mappings.cfg
m01s30i461,30,461,128,,,,prw,APmon,True,1,kg m-2,ok,m01s30i461[lbproc=128],HadGEM3_mappings.cfg
m01s30i461,30,461,128,,,,prw,APday,True,1,kg m-2,ok,m01s30i461[lbproc=128],HadGEM3_mappings.cfg
m01s00i409,0,409,128,,,,ps,Amon,True,1,Pa,ok,m01s00i409[lbproc=128],HadGEM3_mappings.cfg
m01s00i409,0,409,128,,,,ps,AERhr,True,1,Pa,ok,m01s00i409[lbproc=128],HadGEM3_mappings.cfg
m01s00i409,0,409,128,,,,ps,CFmon,True,1,Pa,ok,m01s00i409[lbproc=128],HadGEM3_mappings.cfg
m01s00i409,0,409,128,,,,ps,AERmon,True,1,Pa,ok,m01s00i409[lbproc=128],HadGEM3_mappings.cfg
m01s00i409,0,409,128,,,,ps,Emon,True,1,Pa,ok,m01s00i409[lbproc=128],HadGEM3_mappings.cfg
m01s00i409,0,409,128,,,,ps,CFday,True,1,Pa,ok,m01s00i409[lbproc=128],HadGEM3_mappings.cfg
m01s00i409,0,409,128,,,,ps,APmon,True,1,Pa,ok,m01s00i409[lbproc=128],HadGEM3_mappings.cfg
m01s00i409,0,409,128,,,,ps,AP1hr,True,1,Pa,ok,m01s00i409[lbproc=128],HadGEM3_mappings.cfg
m01s00i409,0,409,128,,,,ps,APday,True,1,Pa,ok,m01s00i409[lbproc=128],HadGEM3_mappings.cfg
m01s16i222,16,222,128,,,,psl,6hrPlev,True,1,Pa,ok,m01s16i222[lbproc=128],HadGEM3_mappings.cfg
m01s16i222,16,222,128,,,,psl,Amon,True,1,Pa,ok,m01s16i222[lbproc=128],HadGEM3_mappings.cfg
m01s16i222,16,222,128,,,,psl,day,True,1,Pa,ok,m01s16i222[lbproc=128],HadGEM3_mappings.cfg
m01s16i222,16,222,128,,,,psl,APmon,True,1,Pa,ok,m01s16i222[lbproc=128],HadGEM3_mappings.cfg
m01s16i222,16,222,128,,,,psl,AP6hr,True,1,Pa,ok,m01s16i222[lbproc=128],HadGEM3_mappings.cfg
m01s16i222,16,222,128,,,,psl,APday,True,1,Pa,ok,m01s16i222[lbproc=128],HadGEM3_mappings.cfg
m01s30i451,30,451,128,,,,ptp,AERmon,True,1,Pa,ok,m01s30i451[lbproc=128],HadGEM3_mappings.cfg
m01s30i451,30,451,128,,,,ptp,AEmon,True,1,Pa,ok,m01s30i451[lbproc=128],HadGEM3_mappings.cfg
m01s01i245,1,245,128,,,,reffcclwtop,Eday,False,4,um,ok,"mask_using_cube(m01s01i245[lbproc=128] / m01s01i246[lbproc=128], m01s02i395[lbproc=128] + m01s02i396[lbproc=128])",HadGEM3_mappings.cfg
m01s01i246,1,246,128,,,,reffcclwtop,Eday,False,4,um,ok,"mask_using_cube(m01s01i245[lbproc=128] / m01s01i246[lbproc=128], m01s02i395[lbproc=128] + m01s02i396[lbproc=128])",HadGEM3_mappings.cfg
m01s02i395,2,395,128,,,,reffcclwtop,Eday,False,4,um,ok,"mask_using_cube(m01s01i245[lbproc=128] / m01s01i246[lbproc=128], m01s02i395[lbproc=128] + m01s02i396[lbproc=128])",HadGEM3_mappings.cfg
m01s02i396,2,396,128,,,,reffcclwtop,Eday,False,4,um,ok,"mask_using_cube(m01s01i245[lbproc=128] / m01s01i246[lbproc=128], m01s02i395[lbproc=128] + m01s02i396[lbproc=128])",HadGEM3_mappings.cfg
m01s01i245,1,245,128,,,,reffcclwtop,APday,False,4,um,ok,"mask_using_cube(m01s01i245[lbproc=128] / m01s01i246[lbproc=128], m01s02i395[lbproc=128] + m01s02i396[lbproc=128])",HadGEM3_mappings.cfg
m01s01i246,1,246,128,,,,reffcclwtop,APday,False,4,um,ok,"mask_using_cube(m01s01i245[lbproc=128] / m01s01i246[lbproc=128], m01s02i395[lbproc=128] + m01s02i396[lbproc=128])",HadGEM3_mappings.cfg
m01s02i395,2,395,128,,,,reffcclwtop,APday,False,4,um,ok,"mask_using_cube(m01s01i245[lbproc=128] / m01s01i246[lbproc=128], m01s02i395[lbproc=128] + m01s02i396[lbproc=128])",HadGEM3_mappings.cfg
m01s02i396,2,396,128,,,,reffcclwtop,APday,False,4,um,ok,"mask_using_cube(m01s01i245[lbproc=128] / m01s01i246[lbproc=128], m01s02i395[lbproc=128] + m01s02i396[lbproc=128])",HadGEM3_mappings.cfg
m01s02i398,2,398,128,,,,reffclic,Emon,False,2,m,ok,0.5 * m01s02i398[lbproc=128] / m01s02i313[lbproc=128],HadGEM3_mappings.cfg
m01s02i313,2,313,128,,,,reffclic,Emon,False,2,m,ok,0.5 * m01s02i398[lbproc=128] / m01s02i313[lbproc=128],HadGEM3_mappings.cfg
m01s02i398,2,398,128,,,,reffclic,APmonLev,False,2,m,ok,0.5 * m01s02i398[lbproc=128] / m01s02i313[lbproc=128],HadGEM3_mappings.cfg
m01s02i313,2,313,128,,,,reffclic,APmonLev,False,2,m,ok,0.5 * m01s02i398[lbproc=128] / m01s02i313[lbproc=128],HadGEM3_mappings.cfg
m01s02i398,2,398,128,,,,reffclis,Emon,False,2,m,ok,0.5 * m01s02i398[lbproc=128] / m01s02i313[lbproc=128],HadGEM3_mappings.cfg
m01s02i313,2,313,128,,,,reffclis,Emon,False,2,m,ok,0.5 * m01s02i398[lbproc=128] / m01s02i313[lbproc=128],HadGEM3_mappings.cfg
m01s02i398,2,398,128,,,,reffclis,APmonLev,False,2,m,ok,0.5 * m01s02i398[lbproc=128] / m01s02i313[lbproc=128],HadGEM3_mappings.cfg
m01s02i313,2,313,128,,,,reffclis,APmonLev,False,2,m,ok,0.5 * m01s02i398[lbproc=128] / m01s02i313[lbproc=128],HadGEM3_mappings.cfg
m01s02i397,2,397,128,,,,reffclwc,Emon,False,2,m,ok,m01s02i397[lbproc=128] / m01s02i312[lbproc=128],HadGEM3_mappings.cfg
m01s02i312,2,312,128,,,,reffclwc,Emon,False,2,m,ok,m01s02i397[lbproc=128] / m01s02i312[lbproc=128],HadGEM3_mappings.cfg
m01s02i397,2,397,128,,,,reffclwc,APmonLev,False,2,m,ok,m01s02i397[lbproc=128] / m01s02i312[lbproc=128],HadGEM3_mappings.cfg
m01s02i312,2,312,128,,,,reffclwc,APmonLev,False,2,m,ok,m01s02i397[lbproc=128] / m01s02i312[lbproc=128],HadGEM3_mappings.cfg
m01s02i397,2,397,128,,,,reffclws,Emon,False,2,m,ok,m01s02i397[lbproc=128] / m01s02i312[lbproc=128],HadGEM3_mappings.cfg
m01s02i312,2,312,128,,,,reffclws,Emon,False,2,m,ok,m01s02i397[lbproc=128] / m01s02i312[lbproc=128],HadGEM3_mappings.cfg
m01s02i397,2,397,128,,,,reffclws,APmonLev,False,2,m,ok,m01s02i397[lbproc=128] / m01s02i312[lbproc=128],HadGEM3_mappings.cfg
m01s02i312,2,312,128,,,,reffclws,APmonLev,False,2,m,ok,m01s02i397[lbproc=128] / m01s02i312[lbproc=128],HadGEM3_mappings.cfg
m01s01i245,1,245,128,,,,reffclwtop,AERmon,False,2,um,ok,m01s01i245[lbproc=128] / m01s01i246[lbproc=128],HadGEM3_mappings.cfg
m01s01i246,1,246,128,,,,reffclwtop,AERmon,False,2,um,ok,m01s01i245[lbproc=128] / m01s01i246[lbproc=128],HadGEM3_mappings.cfg
m01s01i245,1,245,128,,,,reffclwtop,AEmon,False,2,um,ok,m01s01i245[lbproc=128] / m01s01i246[lbproc=128],HadGEM3_mappings.cfg
m01s01i246,1,246,128,,,,reffclwtop,AEmon,False,2,um,ok,m01s01i245[lbproc=128] / m01s01i246[lbproc=128],HadGEM3_mappings.cfg
m01s01i245,1,245,128,,,,reffsclwtop,Eday,False,6,um,ok,"mask_using_cube(m01s01i245[lbproc=128] / m01s01i246[lbproc=128], m01s02i391[lbproc=128] + m01s02i392[lbproc=128] - (m01s02i395[lbproc=128] + m01s02i396[lbproc=128]))",HadGEM3_mappings.cfg
m01s01i246,1,246,128,,,,reffsclwtop,Eday,False,6,um,ok,"mask_using_cube(m01s01i245[lbproc=128] / m01s01i246[lbproc=128], m01s02i391[lbproc=128] + m01s02i392[lbproc=128] - (m01s02i395[lbproc=128] + m01s02i396[lbproc=128]))",HadGEM3_mappings.cfg
m01s02i391,2,391,128,,,,reffsclwtop,Eday,False,6,um,ok,"mask_using_cube(m01s01i245[lbproc=128] / m01s01i246[lbproc=128], m01s02i391[lbproc=128] + m01s02i392[lbproc=128] - (m01s02i395[lbproc=128] + m01s02i396[lbproc=128]))",HadGEM3_mappings.cfg
m01s02i392,2,392,128,,,,reffsclwtop,Eday,False,6,um,ok,"mask_using_cube(m01s01i245[lbproc=128] / m01s01i246[lbproc=128], m01s02i391[lbproc=128] + m01s02i392[lbproc=128] - (m01s02i395[lbproc=128] + m01s02i396[lbproc=128]))",HadGEM3_mappings.cfg
m01s02i395,2,395,128,,,,reffsclwtop,Eday,False,6,um,ok,"mask_using_cube(m01s01i245[lbproc=128] / m01s01i246[lbproc=128], m01s02i391[lbproc=128] + m01s02i392[lbproc=128] - (m01s02i395[lbproc=128] + m01s02i396[lbproc=128]))",HadGEM3_mappings.cfg
m01s02i396,2,396,128,,,,reffsclwtop,Eday,False,6,um,ok,"mask_using_cube(m01s01i245[lbproc=128] / m01s01i246[lbproc=128], m01s02i391[lbproc=128] + m01s02i392[lbproc=128] - (m01s02i395[lbproc=128] + m01s02i396[lbproc=128]))",HadGEM3_mappings.cfg
m01s01i245,1,245,128,,,,reffsclwtop,APday,False,6,um,ok,"mask_using_cube(m01s01i245[lbproc=128] / m01s01i246[lbproc=128], m01s02i391[lbproc=128] + m01s02i392[lbproc=128] - (m01s02i395[lbproc=128] + m01s02i396[lbproc=128]))",HadGEM3_mappings.cfg
m01s01i246,1,246,128,,,,reffsclwtop,APday,False,6,um,ok,"mask_using_cube(m01s01i245[lbproc=128] / m01s01i246[lbproc=128], m01s02i391[lbproc=128] + m01s02i392[lbproc=128] - (m01s02i395[lbproc=128] + m01s02i396[lbproc=128]))",HadGEM3_mappings.cfg
m01s02i391,2,391,128,,,,reffsclwtop,APday,False,6,um,ok,"mask_using_cube(m01s01i245[lbproc=128] / m01s01i246[lbproc=128], m01s02i391[lbproc=128] + m01s02i392[lbproc=128] - (m01s02i395[lbproc=128] + m01s02i396[lbproc=128]))",HadGEM3_mappings.cfg
m01s02i392,2,392,128,,,,reffsclwtop,APday,False,6,um,ok,"mask_using_cube(m01s01i245[lbproc=128] / m01s01i246[lbproc=128], m01s02i391[lbproc=128] + m01s02i392[lbproc=128] - (m01s02i395[lbproc=128] + m01s02i396[lbproc=128]))",HadGEM3_mappings.cfg
m01s02i395,2,395,128,,,,reffsclwtop,APday,False,6,um,ok,"mask_using_cube(m01s01i245[lbproc=128] / m01s01i246[lbproc=128], m01s02i391[lbproc=128] + m01s02i392[lbproc=128] - (m01s02i395[lbproc=128] + m01s02i396[lbproc=128]))",HadGEM3_mappings.cfg
m01s02i396,2,396,128,,,,reffsclwtop,APday,False,6,um,ok,"mask_using_cube(m01s01i245[lbproc=128] / m01s01i246[lbproc=128], m01s02i391[lbproc=128] + m01s02i392[lbproc=128] - (m01s02i395[lbproc=128] + m01s02i396[lbproc=128]))",HadGEM3_mappings.cfg
m01s03i317,3,317,128,,,,residualFrac,Lmon,False,2,%,ok,"land_class_area(m01s03i317[lbproc=128], m01s03i395[lbproc=128],
land_class='residual')",HadGEM3_mappings.cfg
m01s03i395,3,395,128,,,,residualFrac,Lmon,False,2,%,ok,"land_class_area(m01s03i317[lbproc=128], m01s03i395[lbproc=128],
land_class='residual')",HadGEM3_mappings.cfg
m01s03i317,3,317,128,,,,residualFrac,LPmon,False,2,%,ok,"land_class_area(m01s03i317[lbproc=128], m01s03i395[lbproc=128],
land_class='residual')",HadGEM3_mappings.cfg
m01s03i395,3,395,128,,,,residualFrac,LPmon,False,2,%,ok,"land_class_area(m01s03i317[lbproc=128], m01s03i395[lbproc=128],
land_class='residual')",HadGEM3_mappings.cfg
m01s02i218,2,218,128,,,,rld,CFmon,True,1,W m-2,ok,correct_multilevel_metadata(m01s02i218[lbproc=128]),HadGEM3_mappings.cfg
m01s02i218,2,218,128,,,,rld,APmonLev,True,1,W m-2,ok,correct_multilevel_metadata(m01s02i218[lbproc=128]),HadGEM3_mappings.cfg
m01s02i522,2,522,128,,,,rld4co2,CFmon,True,1,W m-2,ok,correct_multilevel_metadata(m01s02i522[lbproc=128]),HadGEM3_mappings.cfg
m01s02i522,2,522,128,,,,rld4co2,APmonLev,True,1,W m-2,ok,correct_multilevel_metadata(m01s02i522[lbproc=128]),HadGEM3_mappings.cfg
m01s02i220,2,220,128,,,,rldcs,CFmon,True,1,W m-2,ok,correct_multilevel_metadata(m01s02i220[lbproc=128]),HadGEM3_mappings.cfg
m01s02i220,2,220,128,,,,rldcs,APmonLev,True,1,W m-2,ok,correct_multilevel_metadata(m01s02i220[lbproc=128]),HadGEM3_mappings.cfg
m01s02i524,2,524,128,,,,rldcs4co2,CFmon,True,1,W m-2,ok,correct_multilevel_metadata(m01s02i524[lbproc=128]),HadGEM3_mappings.cfg
m01s02i524,2,524,128,,,,rldcs4co2,APmonLev,True,1,W m-2,ok,correct_multilevel_metadata(m01s02i524[lbproc=128]),HadGEM3_mappings.cfg
m01s02i207,2,207,128,,,,rlds,Amon,True,1,W m-2,ok,m01s02i207[lbproc=128],HadGEM3_mappings.cfg
m01s02i207,2,207,128,,,,rlds,3hr,True,1,W m-2,ok,m01s02i207[lbproc=128],HadGEM3_mappings.cfg
m01s02i207,2,207,128,,,,rlds,day,True,1,W m-2,ok,m01s02i207[lbproc=128],HadGEM3_mappings.cfg
m01s02i207,2,207,128,,,,rlds,APmon,True,1,W m-2,ok,m01s02i207[lbproc=128],HadGEM3_mappings.cfg
m01s02i207,2,207,128,,,,rlds,AP3hr,True,1,W m-2,ok,m01s02i207[lbproc=128],HadGEM3_mappings.cfg
m01s02i207,2,207,128,,,,rlds,APday,True,1,W m-2,ok,m01s02i207[lbproc=128],HadGEM3_mappings.cfg
m01s02i208,2,208,128,,,,rldscs,Amon,True,1,W m-2,ok,m01s02i208[lbproc=128],HadGEM3_mappings.cfg
m01s02i208,2,208,128,,,,rldscs,3hr,True,1,W m-2,ok,m01s02i208[lbproc=128],HadGEM3_mappings.cfg
m01s02i208,2,208,128,,,,rldscs,CFday,True,1,W m-2,ok,m01s02i208[lbproc=128],HadGEM3_mappings.cfg
m01s02i208,2,208,128,,,,rldscs,APmon,True,1,W m-2,ok,m01s02i208[lbproc=128],HadGEM3_mappings.cfg
m01s02i208,2,208,128,,,,rldscs,AP3hr,True,1,W m-2,ok,m01s02i208[lbproc=128],HadGEM3_mappings.cfg
m01s02i208,2,208,128,,,,rldscs,APday,True,1,W m-2,ok,m01s02i208[lbproc=128],HadGEM3_mappings.cfg
m01s02i201,2,201,128,,,,rls,Emon,False,3,W m-2,ok,m01s02i201[lbproc=128] - (m01s03i332[lbproc=128] - m01s02i205[lbproc=128]),HadGEM3_mappings.cfg
m01s03i332,3,332,128,,,,rls,Emon,False,3,W m-2,ok,m01s02i201[lbproc=128] - (m01s03i332[lbproc=128] - m01s02i205[lbproc=128]),HadGEM3_mappings.cfg
m01s02i205,2,205,128,,,,rls,Emon,False,3,W m-2,ok,m01s02i201[lbproc=128] - (m01s03i332[lbproc=128] - m01s02i205[lbproc=128]),HadGEM3_mappings.cfg
m01s02i201,2,201,128,,,,rls,Eday,False,3,W m-2,ok,m01s02i201[lbproc=128] - (m01s03i332[lbproc=128] - m01s02i205[lbproc=128]),HadGEM3_mappings.cfg
m01s03i332,3,332,128,,,,rls,Eday,False,3,W m-2,ok,m01s02i201[lbproc=128] - (m01s03i332[lbproc=128] - m01s02i205[lbproc=128]),HadGEM3_mappings.cfg
m01s02i205,2,205,128,,,,rls,Eday,False,3,W m-2,ok,m01s02i201[lbproc=128] - (m01s03i332[lbproc=128] - m01s02i205[lbproc=128]),HadGEM3_mappings.cfg
m01s02i201,2,201,128,,,,rls,APmon,False,3,W m-2,ok,m01s02i201[lbproc=128] - (m01s03i332[lbproc=128] - m01s02i205[lbproc=128]),HadGEM3_mappings.cfg
m01s03i332,3,332,128,,,,rls,APmon,False,3,W m-2,ok,m01s02i201[lbproc=128] - (m01s03i332[lbproc=128] - m01s02i205[lbproc=128]),HadGEM3_mappings.cfg
m01s02i205,2,205,128,,,,rls,APmon,False,3,W m-2,ok,m01s02i201[lbproc=128] - (m01s03i332[lbproc=128] - m01s02i205[lbproc=128]),HadGEM3_mappings.cfg
m01s02i217,2,217,128,,,,rlu,CFmon,False,3,W m-2,ok,"hotspot(m01s02i217[lbproc=128], m01s03i332[lbproc=128], m01s02i205[lbproc=128])",HadGEM3_mappings.cfg
m01s03i332,3,332,128,,,,rlu,CFmon,False,3,W m-2,ok,"hotspot(m01s02i217[lbproc=128], m01s03i332[lbproc=128], m01s02i205[lbproc=128])",HadGEM3_mappings.cfg
m01s02i205,2,205,128,,,,rlu,CFmon,False,3,W m-2,ok,"hotspot(m01s02i217[lbproc=128], m01s03i332[lbproc=128], m01s02i205[lbproc=128])",HadGEM3_mappings.cfg
m01s02i217,2,217,128,,,,rlu,APmonLev,False,3,W m-2,ok,"hotspot(m01s02i217[lbproc=128], m01s03i332[lbproc=128], m01s02i205[lbproc=128])",HadGEM3_mappings.cfg
m01s03i332,3,332,128,,,,rlu,APmonLev,False,3,W m-2,ok,"hotspot(m01s02i217[lbproc=128], m01s03i332[lbproc=128], m01s02i205[lbproc=128])",HadGEM3_mappings.cfg
m01s02i205,2,205,128,,,,rlu,APmonLev,False,3,W m-2,ok,"hotspot(m01s02i217[lbproc=128], m01s03i332[lbproc=128], m01s02i205[lbproc=128])",HadGEM3_mappings.cfg
m01s02i521,2,521,128,,,,rlu4co2,CFmon,False,3,W m-2,ok,"hotspot(m01s02i521[lbproc=128], m01s03i332[lbproc=128], m01s02i205[lbproc=128])",HadGEM3_mappings.cfg
m01s03i332,3,332,128,,,,rlu4co2,CFmon,False,3,W m-2,ok,"hotspot(m01s02i521[lbproc=128], m01s03i332[lbproc=128], m01s02i205[lbproc=128])",HadGEM3_mappings.cfg
m01s02i205,2,205,128,,,,rlu4co2,CFmon,False,3,W m-2,ok,"hotspot(m01s02i521[lbproc=128], m01s03i332[lbproc=128], m01s02i205[lbproc=128])",HadGEM3_mappings.cfg
m01s02i521,2,521,128,,,,rlu4co2,APmonLev,False,3,W m-2,ok,"hotspot(m01s02i521[lbproc=128], m01s03i332[lbproc=128], m01s02i205[lbproc=128])",HadGEM3_mappings.cfg
m01s03i332,3,332,128,,,,rlu4co2,APmonLev,False,3,W m-2,ok,"hotspot(m01s02i521[lbproc=128], m01s03i332[lbproc=128], m01s02i205[lbproc=128])",HadGEM3_mappings.cfg
m01s02i205,2,205,128,,,,rlu4co2,APmonLev,False,3,W m-2,ok,"hotspot(m01s02i521[lbproc=128], m01s03i332[lbproc=128], m01s02i205[lbproc=128])",HadGEM3_mappings.cfg
m01s02i219,2,219,128,,,,rlucs,CFmon,False,3,W m-2,ok,"hotspot(m01s02i219[lbproc=128], m01s03i332[lbproc=128], m01s02i205[lbproc=128])",HadGEM3_mappings.cfg
m01s03i332,3,332,128,,,,rlucs,CFmon,False,3,W m-2,ok,"hotspot(m01s02i219[lbproc=128], m01s03i332[lbproc=128], m01s02i205[lbproc=128])",HadGEM3_mappings.cfg
m01s02i205,2,205,128,,,,rlucs,CFmon,False,3,W m-2,ok,"hotspot(m01s02i219[lbproc=128], m01s03i332[lbproc=128], m01s02i205[lbproc=128])",HadGEM3_mappings.cfg
m01s02i219,2,219,128,,,,rlucs,APmonLev,False,3,W m-2,ok,"hotspot(m01s02i219[lbproc=128], m01s03i332[lbproc=128], m01s02i205[lbproc=128])",HadGEM3_mappings.cfg
m01s03i332,3,332,128,,,,rlucs,APmonLev,False,3,W m-2,ok,"hotspot(m01s02i219[lbproc=128], m01s03i332[lbproc=128], m01s02i205[lbproc=128])",HadGEM3_mappings.cfg
m01s02i205,2,205,128,,,,rlucs,APmonLev,False,3,W m-2,ok,"hotspot(m01s02i219[lbproc=128], m01s03i332[lbproc=128], m01s02i205[lbproc=128])",HadGEM3_mappings.cfg
m01s02i523,2,523,128,,,,rlucs4co2,CFmon,False,3,W m-2,ok,"hotspot(m01s02i523[lbproc=128], m01s03i332[lbproc=128], m01s02i205[lbproc=128])",HadGEM3_mappings.cfg
m01s03i332,3,332,128,,,,rlucs4co2,CFmon,False,3,W m-2,ok,"hotspot(m01s02i523[lbproc=128], m01s03i332[lbproc=128], m01s02i205[lbproc=128])",HadGEM3_mappings.cfg
m01s02i205,2,205,128,,,,rlucs4co2,CFmon,False,3,W m-2,ok,"hotspot(m01s02i523[lbproc=128], m01s03i332[lbproc=128], m01s02i205[lbproc=128])",HadGEM3_mappings.cfg
m01s02i523,2,523,128,,,,rlucs4co2,APmonLev,False,3,W m-2,ok,"hotspot(m01s02i523[lbproc=128], m01s03i332[lbproc=128], m01s02i205[lbproc=128])",HadGEM3_mappings.cfg
m01s03i332,3,332,128,,,,rlucs4co2,APmonLev,False,3,W m-2,ok,"hotspot(m01s02i523[lbproc=128], m01s03i332[lbproc=128], m01s02i205[lbproc=128])",HadGEM3_mappings.cfg
m01s02i205,2,205,128,,,,rlucs4co2,APmonLev,False,3,W m-2,ok,"hotspot(m01s02i523[lbproc=128], m01s03i332[lbproc=128], m01s02i205[lbproc=128])",HadGEM3_mappings.cfg
m01s02i207,2,207,128,,,,rlus,Amon,False,4,W m-2,ok,m01s02i207[lbproc=128] - m01s02i201[lbproc=128] + m01s03i332[lbproc=128] - m01s02i205[lbproc=128],HadGEM3_mappings.cfg
m01s02i201,2,201,128,,,,rlus,Amon,False,4,W m-2,ok,m01s02i207[lbproc=128] - m01s02i201[lbproc=128] + m01s03i332[lbproc=128] - m01s02i205[lbproc=128],HadGEM3_mappings.cfg
m01s03i332,3,332,128,,,,rlus,Amon,False,4,W m-2,ok,m01s02i207[lbproc=128] - m01s02i201[lbproc=128] + m01s03i332[lbproc=128] - m01s02i205[lbproc=128],HadGEM3_mappings.cfg
m01s02i205,2,205,128,,,,rlus,Amon,False,4,W m-2,ok,m01s02i207[lbproc=128] - m01s02i201[lbproc=128] + m01s03i332[lbproc=128] - m01s02i205[lbproc=128],HadGEM3_mappings.cfg
m01s02i207,2,207,128,,,,rlus,3hr,False,4,W m-2,ok,m01s02i207[lbproc=128] - m01s02i201[lbproc=128] + m01s03i332[lbproc=128] - m01s02i205[lbproc=128],HadGEM3_mappings.cfg
m01s02i201,2,201,128,,,,rlus,3hr,False,4,W m-2,ok,m01s02i207[lbproc=128] - m01s02i201[lbproc=128] + m01s03i332[lbproc=128] - m01s02i205[lbproc=128],HadGEM3_mappings.cfg
m01s03i332,3,332,128,,,,rlus,3hr,False,4,W m-2,ok,m01s02i207[lbproc=128] - m01s02i201[lbproc=128] + m01s03i332[lbproc=128] - m01s02i205[lbproc=128],HadGEM3_mappings.cfg
m01s02i205,2,205,128,,,,rlus,3hr,False,4,W m-2,ok,m01s02i207[lbproc=128] - m01s02i201[lbproc=128] + m01s03i332[lbproc=128] - m01s02i205[lbproc=128],HadGEM3_mappings.cfg
m01s02i207,2,207,128,,,,rlus,day,False,4,W m-2,ok,m01s02i207[lbproc=128] - m01s02i201[lbproc=128] + m01s03i332[lbproc=128] - m01s02i205[lbproc=128],HadGEM3_mappings.cfg
m01s02i201,2,201,128,,,,rlus,day,False,4,W m-2,ok,m01s02i207[lbproc=128] - m01s02i201[lbproc=128] + m01s03i332[lbproc=128] - m01s02i205[lbproc=128],HadGEM3_mappings.cfg
m01s03i332,3,332,128,,,,rlus,day,False,4,W m-2,ok,m01s02i207[lbproc=128] - m01s02i201[lbproc=128] + m01s03i332[lbproc=128] - m01s02i205[lbproc=128],HadGEM3_mappings.cfg
m01s02i205,2,205,128,,,,rlus,day,False,4,W m-2,ok,m01s02i207[lbproc=128] - m01s02i201[lbproc=128] + m01s03i332[lbproc=128] - m01s02i205[lbproc=128],HadGEM3_mappings.cfg
m01s02i207,2,207,128,,,,rlus,APmon,False,4,W m-2,ok,m01s02i207[lbproc=128] - m01s02i201[lbproc=128] + m01s03i332[lbproc=128] - m01s02i205[lbproc=128],HadGEM3_mappings.cfg
m01s02i201,2,201,128,,,,rlus,APmon,False,4,W m-2,ok,m01s02i207[lbproc=128] - m01s02i201[lbproc=128] + m01s03i332[lbproc=128] - m01s02i205[lbproc=128],HadGEM3_mappings.cfg
m01s03i332,3,332,128,,,,rlus,APmon,False,4,W m-2,ok,m01s02i207[lbproc=128] - m01s02i201[lbproc=128] + m01s03i332[lbproc=128] - m01s02i205[lbproc=128],HadGEM3_mappings.cfg
m01s02i205,2,205,128,,,,rlus,APmon,False,4,W m-2,ok,m01s02i207[lbproc=128] - m01s02i201[lbproc=128] + m01s03i332[lbproc=128] - m01s02i205[lbproc=128],HadGEM3_mappings.cfg
m01s02i207,2,207,128,,,,rlus,AP3hr,False,4,W m-2,ok,m01s02i207[lbproc=128] - m01s02i201[lbproc=128] + m01s03i332[lbproc=128] - m01s02i205[lbproc=128],HadGEM3_mappings.cfg
m01s02i201,2,201,128,,,,rlus,AP3hr,False,4,W m-2,ok,m01s02i207[lbproc=128] - m01s02i201[lbproc=128] + m01s03i332[lbproc=128] - m01s02i205[lbproc=128],HadGEM3_mappings.cfg
m01s03i332,3,332,128,,,,rlus,AP3hr,False,4,W m-2,ok,m01s02i207[lbproc=128] - m01s02i201[lbproc=128] + m01s03i332[lbproc=128] - m01s02i205[lbproc=128],HadGEM3_mappings.cfg
m01s02i205,2,205,128,,,,rlus,AP3hr,False,4,W m-2,ok,m01s02i207[lbproc=128] - m01s02i201[lbproc=128] + m01s03i332[lbproc=128] - m01s02i205[lbproc=128],HadGEM3_mappings.cfg
m01s02i207,2,207,128,,,,rlus,APday,False,4,W m-2,ok,m01s02i207[lbproc=128] - m01s02i201[lbproc=128] + m01s03i332[lbproc=128] - m01s02i205[lbproc=128],HadGEM3_mappings.cfg
m01s02i201,2,201,128,,,,rlus,APday,False,4,W m-2,ok,m01s02i207[lbproc=128] - m01s02i201[lbproc=128] + m01s03i332[lbproc=128] - m01s02i205[lbproc=128],HadGEM3_mappings.cfg
m01s03i332,3,332,128,,,,rlus,APday,False,4,W m-2,ok,m01s02i207[lbproc=128] - m01s02i201[lbproc=128] + m01s03i332[lbproc=128] - m01s02i205[lbproc=128],HadGEM3_mappings.cfg
m01s02i205,2,205,128,,,,rlus,APday,False,4,W m-2,ok,m01s02i207[lbproc=128] - m01s02i201[lbproc=128] + m01s03i332[lbproc=128] - m01s02i205[lbproc=128],HadGEM3_mappings.cfg
m01s03i332,3,332,128,,,,rlut,Amon,True,1,W m-2,ok,m01s03i332[lbproc=128],HadGEM3_mappings.cfg
m01s03i332,3,332,128,,,,rlut,day,True,1,W m-2,ok,m01s03i332[lbproc=128],HadGEM3_mappings.cfg
m01s03i332,3,332,128,,,,rlut,APmon,True,1,W m-2,ok,m01s03i332[lbproc=128],HadGEM3_mappings.cfg
m01s03i332,3,332,128,,,,rlut,APday,True,1,W m-2,ok,m01s03i332[lbproc=128],HadGEM3_mappings.cfg
m01s02i521,2,521,128,86,,,rlut4co2,CFmon,False,3,W m-2,ok,"remove_altitude_coords(m01s02i521[lblev=86, lbproc=128]) + m01s03i332[lbproc=128] - m01s02i205[lbproc=128]",HadGEM3_mappings.cfg
m01s03i332,3,332,128,,,,rlut4co2,CFmon,False,3,W m-2,ok,"remove_altitude_coords(m01s02i521[lblev=86, lbproc=128]) + m01s03i332[lbproc=128] - m01s02i205[lbproc=128]",HadGEM3_mappings.cfg
m01s02i205,2,205,128,,,,rlut4co2,CFmon,False,3,W m-2,ok,"remove_altitude_coords(m01s02i521[lblev=86, lbproc=128]) + m01s03i332[lbproc=128] - m01s02i205[lbproc=128]",HadGEM3_mappings.cfg
m01s02i521,2,521,128,86,,,rlut4co2,APmon,False,3,W m-2,ok,"remove_altitude_coords(m01s02i521[lblev=86, lbproc=128]) + m01s03i332[lbproc=128] - m01s02i205[lbproc=128]",HadGEM3_mappings.cfg
m01s03i332,3,332,128,,,,rlut4co2,APmon,False,3,W m-2,ok,"remove_altitude_coords(m01s02i521[lblev=86, lbproc=128]) + m01s03i332[lbproc=128] - m01s02i205[lbproc=128]",HadGEM3_mappings.cfg
m01s02i205,2,205,128,,,,rlut4co2,APmon,False,3,W m-2,ok,"remove_altitude_coords(m01s02i521[lblev=86, lbproc=128]) + m01s03i332[lbproc=128] - m01s02i205[lbproc=128]",HadGEM3_mappings.cfg
m01s02i517,2,517,128,86,,,rlutaf,AERmon,False,3,W m-2,ok,"remove_altitude_coords(m01s02i517[lblev=86, lbproc=128]) + m01s03i332[lbproc=128] - m01s02i205[lbproc=128]",HadGEM3_mappings.cfg
m01s03i332,3,332,128,,,,rlutaf,AERmon,False,3,W m-2,ok,"remove_altitude_coords(m01s02i517[lblev=86, lbproc=128]) + m01s03i332[lbproc=128] - m01s02i205[lbproc=128]",HadGEM3_mappings.cfg
m01s02i205,2,205,128,,,,rlutaf,AERmon,False,3,W m-2,ok,"remove_altitude_coords(m01s02i517[lblev=86, lbproc=128]) + m01s03i332[lbproc=128] - m01s02i205[lbproc=128]",HadGEM3_mappings.cfg
m01s02i517,2,517,128,86,,,rlutaf,AEmon,False,3,W m-2,ok,"remove_altitude_coords(m01s02i517[lblev=86, lbproc=128]) + m01s03i332[lbproc=128] - m01s02i205[lbproc=128]",HadGEM3_mappings.cfg
m01s03i332,3,332,128,,,,rlutaf,AEmon,False,3,W m-2,ok,"remove_altitude_coords(m01s02i517[lblev=86, lbproc=128]) + m01s03i332[lbproc=128] - m01s02i205[lbproc=128]",HadGEM3_mappings.cfg
m01s02i205,2,205,128,,,,rlutaf,AEmon,False,3,W m-2,ok,"remove_altitude_coords(m01s02i517[lblev=86, lbproc=128]) + m01s03i332[lbproc=128] - m01s02i205[lbproc=128]",HadGEM3_mappings.cfg
m01s02i206,2,206,128,,,,rlutcs,Amon,False,3,W m-2,ok,m01s02i206[lbproc=128] + m01s03i332[lbproc=128] - m01s02i205[lbproc=128],HadGEM3_mappings.cfg
m01s03i332,3,332,128,,,,rlutcs,Amon,False,3,W m-2,ok,m01s02i206[lbproc=128] + m01s03i332[lbproc=128] - m01s02i205[lbproc=128],HadGEM3_mappings.cfg
m01s02i205,2,205,128,,,,rlutcs,Amon,False,3,W m-2,ok,m01s02i206[lbproc=128] + m01s03i332[lbproc=128] - m01s02i205[lbproc=128],HadGEM3_mappings.cfg
m01s02i206,2,206,128,,,,rlutcs,CFday,False,3,W m-2,ok,m01s02i206[lbproc=128] + m01s03i332[lbproc=128] - m01s02i205[lbproc=128],HadGEM3_mappings.cfg
m01s03i332,3,332,128,,,,rlutcs,CFday,False,3,W m-2,ok,m01s02i206[lbproc=128] + m01s03i332[lbproc=128] - m01s02i205[lbproc=128],HadGEM3_mappings.cfg
m01s02i205,2,205,128,,,,rlutcs,CFday,False,3,W m-2,ok,m01s02i206[lbproc=128] + m01s03i332[lbproc=128] - m01s02i205[lbproc=128],HadGEM3_mappings.cfg
m01s02i206,2,206,128,,,,rlutcs,APmon,False,3,W m-2,ok,m01s02i206[lbproc=128] + m01s03i332[lbproc=128] - m01s02i205[lbproc=128],HadGEM3_mappings.cfg
m01s03i332,3,332,128,,,,rlutcs,APmon,False,3,W m-2,ok,m01s02i206[lbproc=128] + m01s03i332[lbproc=128] - m01s02i205[lbproc=128],HadGEM3_mappings.cfg
m01s02i205,2,205,128,,,,rlutcs,APmon,False,3,W m-2,ok,m01s02i206[lbproc=128] + m01s03i332[lbproc=128] - m01s02i205[lbproc=128],HadGEM3_mappings.cfg
m01s02i206,2,206,128,,,,rlutcs,APday,False,3,W m-2,ok,m01s02i206[lbproc=128] + m01s03i332[lbproc=128] - m01s02i205[lbproc=128],HadGEM3_mappings.cfg
m01s03i332,3,332,128,,,,rlutcs,APday,False,3,W m-2,ok,m01s02i206[lbproc=128] + m01s03i332[lbproc=128] - m01s02i205[lbproc=128],HadGEM3_mappings.cfg
m01s02i205,2,205,128,,,,rlutcs,APday,False,3,W m-2,ok,m01s02i206[lbproc=128] + m01s03i332[lbproc=128] - m01s02i205[lbproc=128],HadGEM3_mappings.cfg
m01s02i523,2,523,128,86,,,rlutcs4co2,CFmon,False,3,W m-2,ok,"remove_altitude_coords(m01s02i523[lblev=86, lbproc=128]) + m01s03i332[lbproc=128] - m01s02i205[lbproc=128]",HadGEM3_mappings.cfg
m01s03i332,3,332,128,,,,rlutcs4co2,CFmon,False,3,W m-2,ok,"remove_altitude_coords(m01s02i523[lblev=86, lbproc=128]) + m01s03i332[lbproc=128] - m01s02i205[lbproc=128]",HadGEM3_mappings.cfg
m01s02i205,2,205,128,,,,rlutcs4co2,CFmon,False,3,W m-2,ok,"remove_altitude_coords(m01s02i523[lblev=86, lbproc=128]) + m01s03i332[lbproc=128] - m01s02i205[lbproc=128]",HadGEM3_mappings.cfg
m01s02i523,2,523,128,86,,,rlutcs4co2,APmon,False,3,W m-2,ok,"remove_altitude_coords(m01s02i523[lblev=86, lbproc=128]) + m01s03i332[lbproc=128] - m01s02i205[lbproc=128]",HadGEM3_mappings.cfg
m01s03i332,3,332,128,,,,rlutcs4co2,APmon,False,3,W m-2,ok,"remove_altitude_coords(m01s02i523[lblev=86, lbproc=128]) + m01s03i332[lbproc=128] - m01s02i205[lbproc=128]",HadGEM3_mappings.cfg
m01s02i205,2,205,128,,,,rlutcs4co2,APmon,False,3,W m-2,ok,"remove_altitude_coords(m01s02i523[lblev=86, lbproc=128]) + m01s03i332[lbproc=128] - m01s02i205[lbproc=128]",HadGEM3_mappings.cfg
m01s02i519,2,519,128,86,,,rlutcsaf,AERmon,False,3,W m-2,ok,"remove_altitude_coords(m01s02i519[lblev=86, lbproc=128]) + m01s03i332[lbproc=128] - m01s02i205[lbproc=128]",HadGEM3_mappings.cfg
m01s03i332,3,332,128,,,,rlutcsaf,AERmon,False,3,W m-2,ok,"remove_altitude_coords(m01s02i519[lblev=86, lbproc=128]) + m01s03i332[lbproc=128] - m01s02i205[lbproc=128]",HadGEM3_mappings.cfg
m01s02i205,2,205,128,,,,rlutcsaf,AERmon,False,3,W m-2,ok,"remove_altitude_coords(m01s02i519[lblev=86, lbproc=128]) + m01s03i332[lbproc=128] - m01s02i205[lbproc=128]",HadGEM3_mappings.cfg
m01s02i519,2,519,128,86,,,rlutcsaf,AEmon,False,3,W m-2,ok,"remove_altitude_coords(m01s02i519[lblev=86, lbproc=128]) + m01s03i332[lbproc=128] - m01s02i205[lbproc=128]",HadGEM3_mappings.cfg
m01s03i332,3,332,128,,,,rlutcsaf,AEmon,False,3,W m-2,ok,"remove_altitude_coords(m01s02i519[lblev=86, lbproc=128]) + m01s03i332[lbproc=128] - m01s02i205[lbproc=128]",HadGEM3_mappings.cfg
m01s02i205,2,205,128,,,,rlutcsaf,AEmon,False,3,W m-2,ok,"remove_altitude_coords(m01s02i519[lblev=86, lbproc=128]) + m01s03i332[lbproc=128] - m01s02i205[lbproc=128]",HadGEM3_mappings.cfg
m01s01i218,1,218,128,,,,rsd,CFmon,True,1,W m-2,ok,correct_multilevel_metadata(m01s01i218[lbproc=128]),HadGEM3_mappings.cfg
m01s01i218,1,218,128,,,,rsd,APmonLev,True,1,W m-2,ok,correct_multilevel_metadata(m01s01i218[lbproc=128]),HadGEM3_mappings.cfg
m01s01i522,1,522,128,,,,rsd4co2,CFmon,True,1,W m-2,ok,correct_multilevel_metadata(m01s01i522[lbproc=128]),HadGEM3_mappings.cfg
m01s01i522,1,522,128,,,,rsd4co2,APmonLev,True,1,W m-2,ok,correct_multilevel_metadata(m01s01i522[lbproc=128]),HadGEM3_mappings.cfg
m01s01i220,1,220,128,,,,rsdcs,CFmon,True,1,W m-2,ok,correct_multilevel_metadata(m01s01i220[lbproc=128]),HadGEM3_mappings.cfg
m01s01i220,1,220,128,,,,rsdcs,APmonLev,True,1,W m-2,ok,correct_multilevel_metadata(m01s01i220[lbproc=128]),HadGEM3_mappings.cfg
m01s01i524,1,524,128,,,,rsdcs4co2,CFmon,True,1,W m-2,ok,correct_multilevel_metadata(m01s01i524[lbproc=128]),HadGEM3_mappings.cfg
m01s01i524,1,524,128,,,,rsdcs4co2,APmonLev,True,1,W m-2,ok,correct_multilevel_metadata(m01s01i524[lbproc=128]),HadGEM3_mappings.cfg
m01s01i520,1,520,0,,,,rsdcsaf,E3hrPt,True,1,W m-2,embargoed,correct_multilevel_metadata(m01s01i520[lbproc=0]),HadGEM3_mappings.cfg
m01s01i520,1,520,0,,,,rsdcsaf,AE3hrPtLev,True,1,W m-2,embargoed,correct_multilevel_metadata(m01s01i520[lbproc=0]),HadGEM3_mappings.cfg
m01s01i528,1,528,0,,,,rsdcsafbnd,E3hrPt,True,1,W m-2,embargoed,correct_multilevel_metadata(m01s01i528[lbproc=0]),HadGEM3_mappings.cfg
m01s01i528,1,528,0,,,,rsdcsafbnd,AE3hrPtLev,True,1,W m-2,embargoed,correct_multilevel_metadata(m01s01i528[lbproc=0]),HadGEM3_mappings.cfg
m01s01i512,1,512,0,,,,rsdcsbnd,E3hrPt,True,1,W m-2,embargoed,correct_multilevel_metadata(m01s01i512[lbproc=0]),HadGEM3_mappings.cfg
m01s01i512,1,512,0,,,,rsdcsbnd,AP3hrPtLev,True,1,W m-2,embargoed,correct_multilevel_metadata(m01s01i512[lbproc=0]),HadGEM3_mappings.cfg
m01s01i235,1,235,128,,,,rsds,Amon,True,1,W m-2,ok,m01s01i235[lbproc=128],HadGEM3_mappings.cfg
m01s01i235,1,235,128,,,,rsds,3hr,True,1,W m-2,ok,m01s01i235[lbproc=128],HadGEM3_mappings.cfg
m01s01i235,1,235,128,,,,rsds,day,True,1,W m-2,ok,m01s01i235[lbproc=128],HadGEM3_mappings.cfg
m01s01i235,1,235,128,,,,rsds,APmon,True,1,W m-2,ok,m01s01i235[lbproc=128],HadGEM3_mappings.cfg
m01s01i235,1,235,128,,,,rsds,AP3hr,True,1,W m-2,ok,m01s01i235[lbproc=128],HadGEM3_mappings.cfg
m01s01i235,1,235,128,,,,rsds,APday,True,1,W m-2,ok,m01s01i235[lbproc=128],HadGEM3_mappings.cfg
m01s01i210,1,210,128,,,,rsdscs,Amon,True,1,W m-2,ok,m01s01i210[lbproc=128],HadGEM3_mappings.cfg
m01s01i210,1,210,128,,,,rsdscs,3hr,True,1,W m-2,ok,m01s01i210[lbproc=128],HadGEM3_mappings.cfg
m01s01i210,1,210,128,,,,rsdscs,CFday,True,1,W m-2,ok,m01s01i210[lbproc=128],HadGEM3_mappings.cfg
m01s01i210,1,210,128,,,,rsdscs,APmon,True,1,W m-2,ok,m01s01i210[lbproc=128],HadGEM3_mappings.cfg
m01s01i210,1,210,128,,,,rsdscs,AP3hr,True,1,W m-2,ok,m01s01i210[lbproc=128],HadGEM3_mappings.cfg
m01s01i210,1,210,128,,,,rsdscs,APday,True,1,W m-2,ok,m01s01i210[lbproc=128],HadGEM3_mappings.cfg
m01s01i520,1,520,0,1,,,rsdscsaf,E3hrPt,True,1,W m-2,embargoed,"m01s01i520[lblev=1, lbproc=0]",HadGEM3_mappings.cfg
m01s01i520,1,520,0,1,,,rsdscsaf,AE3hrPt,True,1,W m-2,embargoed,"m01s01i520[lblev=1, lbproc=0]",HadGEM3_mappings.cfg
m01s01i528,1,528,0,1,,,rsdscsafbnd,E3hrPt,True,1,W m-2,embargoed,"m01s01i528[lblev=1, lbproc=0]",HadGEM3_mappings.cfg
m01s01i528,1,528,0,1,,,rsdscsafbnd,AE3hrPt,True,1,W m-2,embargoed,"m01s01i528[lblev=1, lbproc=0]",HadGEM3_mappings.cfg
m01s01i512,1,512,0,1,,,rsdscsbnd,E3hrPt,True,1,W m-2,embargoed,"m01s01i512[lblev=1, lbproc=0]",HadGEM3_mappings.cfg
m01s01i512,1,512,0,1,,,rsdscsbnd,AP3hrPt,True,1,W m-2,embargoed,"m01s01i512[lblev=1, lbproc=0]",HadGEM3_mappings.cfg
m01s01i216,1,216,128,,,,rsdsdiff,3hr,True,1,W m-2,ok,m01s01i216[lbproc=128],HadGEM3_mappings.cfg
m01s01i216,1,216,128,,,,rsdsdiff,Emon,True,1,W m-2,ok,m01s01i216[lbproc=128],HadGEM3_mappings.cfg
m01s01i216,1,216,128,,,,rsdsdiff,Eday,True,1,W m-2,ok,m01s01i216[lbproc=128],HadGEM3_mappings.cfg
m01s01i216,1,216,128,,,,rsdsdiff,AP3hr,True,1,W m-2,ok,m01s01i216[lbproc=128],HadGEM3_mappings.cfg
m01s01i216,1,216,128,,,,rsdsdiff,APmon,True,1,W m-2,ok,m01s01i216[lbproc=128],HadGEM3_mappings.cfg
m01s01i216,1,216,128,,,,rsdsdiff,APday,True,1,W m-2,ok,m01s01i216[lbproc=128],HadGEM3_mappings.cfg
m01s01i207,1,207,128,,,,rsdt,Amon,True,1,W m-2,ok,m01s01i207[lbproc=128],HadGEM3_mappings.cfg
m01s01i207,1,207,128,,,,rsdt,CFday,True,1,W m-2,ok,m01s01i207[lbproc=128],HadGEM3_mappings.cfg
m01s01i207,1,207,128,,,,rsdt,APmon,True,1,W m-2,ok,m01s01i207[lbproc=128],HadGEM3_mappings.cfg
m01s01i207,1,207,128,,,,rsdt,APday,True,1,W m-2,ok,m01s01i207[lbproc=128],HadGEM3_mappings.cfg
m01s01i201,1,201,128,,,,rss,Emon,True,1,W m-2,ok,m01s01i201[lbproc=128],HadGEM3_mappings.cfg
m01s01i201,1,201,128,,,,rss,APmon,True,1,W m-2,ok,m01s01i201[lbproc=128],HadGEM3_mappings.cfg
m01s01i217,1,217,128,,,,rsu,CFmon,True,1,W m-2,ok,correct_multilevel_metadata(m01s01i217[lbproc=128]),HadGEM3_mappings.cfg
m01s01i217,1,217,128,,,,rsu,APmonLev,True,1,W m-2,ok,correct_multilevel_metadata(m01s01i217[lbproc=128]),HadGEM3_mappings.cfg
m01s01i521,1,521,128,,,,rsu4co2,CFmon,True,1,W m-2,ok,correct_multilevel_metadata(m01s01i521[lbproc=128]),HadGEM3_mappings.cfg
m01s01i521,1,521,128,,,,rsu4co2,APmonLev,True,1,W m-2,ok,correct_multilevel_metadata(m01s01i521[lbproc=128]),HadGEM3_mappings.cfg
m01s01i219,1,219,128,,,,rsucs,CFmon,True,1,W m-2,ok,correct_multilevel_metadata(m01s01i219[lbproc=128]),HadGEM3_mappings.cfg
m01s01i219,1,219,128,,,,rsucs,APmonLev,True,1,W m-2,ok,correct_multilevel_metadata(m01s01i219[lbproc=128]),HadGEM3_mappings.cfg
m01s01i523,1,523,128,,,,rsucs4co2,CFmon,True,1,W m-2,ok,correct_multilevel_metadata(m01s01i523[lbproc=128]),HadGEM3_mappings.cfg
m01s01i523,1,523,128,,,,rsucs4co2,APmonLev,True,1,W m-2,ok,correct_multilevel_metadata(m01s01i523[lbproc=128]),HadGEM3_mappings.cfg
m01s01i519,1,519,0,,,,rsucsaf,E3hrPt,True,1,W m-2,embargoed,correct_multilevel_metadata(m01s01i519[lbproc=0]),HadGEM3_mappings.cfg
m01s01i519,1,519,0,,,,rsucsaf,AE3hrPtLev,True,1,W m-2,embargoed,correct_multilevel_metadata(m01s01i519[lbproc=0]),HadGEM3_mappings.cfg
m01s01i527,1,527,0,,,,rsucsafbnd,E3hrPt,True,1,W m-2,embargoed,correct_multilevel_metadata(m01s01i527[lbproc=0]),HadGEM3_mappings.cfg
m01s01i527,1,527,0,,,,rsucsafbnd,AE3hrPtLev,True,1,W m-2,embargoed,correct_multilevel_metadata(m01s01i527[lbproc=0]),HadGEM3_mappings.cfg
m01s01i511,1,511,0,,,,rsucsbnd,E3hrPt,True,1,W m-2,embargoed,correct_multilevel_metadata(m01s01i511[lbproc=0]),HadGEM3_mappings.cfg
m01s01i511,1,511,0,,,,rsucsbnd,AP3hrPtLev,True,1,W m-2,embargoed,correct_multilevel_metadata(m01s01i511[lbproc=0]),HadGEM3_mappings.cfg
m01s01i235,1,235,128,,,,rsus,Amon,False,2,W m-2,ok,m01s01i235[lbproc=128] - m01s01i201[lbproc=128],HadGEM3_mappings.cfg
m01s01i201,1,201,128,,,,rsus,Amon,False,2,W m-2,ok,m01s01i235[lbproc=128] - m01s01i201[lbproc=128],HadGEM3_mappings.cfg
m01s01i235,1,235,128,,,,rsus,3hr,False,2,W m-2,ok,m01s01i235[lbproc=128] - m01s01i201[lbproc=128],HadGEM3_mappings.cfg
m01s01i201,1,201,128,,,,rsus,3hr,False,2,W m-2,ok,m01s01i235[lbproc=128] - m01s01i201[lbproc=128],HadGEM3_mappings.cfg
m01s01i235,1,235,128,,,,rsus,day,False,2,W m-2,ok,m01s01i235[lbproc=128] - m01s01i201[lbproc=128],HadGEM3_mappings.cfg
m01s01i201,1,201,128,,,,rsus,day,False,2,W m-2,ok,m01s01i235[lbproc=128] - m01s01i201[lbproc=128],HadGEM3_mappings.cfg
m01s01i235,1,235,128,,,,rsus,APmon,False,2,W m-2,ok,m01s01i235[lbproc=128] - m01s01i201[lbproc=128],HadGEM3_mappings.cfg
m01s01i201,1,201,128,,,,rsus,APmon,False,2,W m-2,ok,m01s01i235[lbproc=128] - m01s01i201[lbproc=128],HadGEM3_mappings.cfg
m01s01i235,1,235,128,,,,rsus,AP3hr,False,2,W m-2,ok,m01s01i235[lbproc=128] - m01s01i201[lbproc=128],HadGEM3_mappings.cfg
m01s01i201,1,201,128,,,,rsus,AP3hr,False,2,W m-2,ok,m01s01i235[lbproc=128] - m01s01i201[lbproc=128],HadGEM3_mappings.cfg
m01s01i235,1,235,128,,,,rsus,APday,False,2,W m-2,ok,m01s01i235[lbproc=128] - m01s01i201[lbproc=128],HadGEM3_mappings.cfg
m01s01i201,1,201,128,,,,rsus,APday,False,2,W m-2,ok,m01s01i235[lbproc=128] - m01s01i201[lbproc=128],HadGEM3_mappings.cfg
m01s01i211,1,211,128,,,,rsuscs,Amon,True,1,W m-2,ok,m01s01i211[lbproc=128],HadGEM3_mappings.cfg
m01s01i211,1,211,128,,,,rsuscs,3hr,True,1,W m-2,ok,m01s01i211[lbproc=128],HadGEM3_mappings.cfg
m01s01i211,1,211,128,,,,rsuscs,CFday,True,1,W m-2,ok,m01s01i211[lbproc=128],HadGEM3_mappings.cfg
m01s01i211,1,211,128,,,,rsuscs,APmon,True,1,W m-2,ok,m01s01i211[lbproc=128],HadGEM3_mappings.cfg
m01s01i211,1,211,128,,,,rsuscs,AP3hr,True,1,W m-2,ok,m01s01i211[lbproc=128],HadGEM3_mappings.cfg
m01s01i211,1,211,128,,,,rsuscs,APday,True,1,W m-2,ok,m01s01i211[lbproc=128],HadGEM3_mappings.cfg
m01s01i519,1,519,0,1,,,rsuscsaf,E3hrPt,True,1,W m-2,embargoed,"m01s01i519[lblev=1, lbproc=0]",HadGEM3_mappings.cfg
m01s01i519,1,519,0,1,,,rsuscsaf,AE3hrPt,True,1,W m-2,embargoed,"m01s01i519[lblev=1, lbproc=0]",HadGEM3_mappings.cfg
m01s01i527,1,527,0,1,,,rsuscsafbnd,E3hrPt,True,1,W m-2,embargoed,"m01s01i527[lblev=1, lbproc=0]",HadGEM3_mappings.cfg
m01s01i527,1,527,0,1,,,rsuscsafbnd,AE3hrPt,True,1,W m-2,embargoed,"m01s01i527[lblev=1, lbproc=0]",HadGEM3_mappings.cfg
m01s01i511,1,511,0,1,,,rsuscsbnd,E3hrPt,True,1,W m-2,embargoed,"m01s01i511[lblev=1, lbproc=0]",HadGEM3_mappings.cfg
m01s01i511,1,511,0,1,,,rsuscsbnd,AP3hrPt,True,1,W m-2,embargoed,"m01s01i511[lblev=1, lbproc=0]",HadGEM3_mappings.cfg
m01s01i208,1,208,128,,,,rsut,Amon,True,1,W m-2,ok,m01s01i208[lbproc=128],HadGEM3_mappings.cfg
m01s01i208,1,208,128,,,,rsut,CFday,True,1,W m-2,ok,m01s01i208[lbproc=128],HadGEM3_mappings.cfg
m01s01i208,1,208,128,,,,rsut,APmon,True,1,W m-2,ok,m01s01i208[lbproc=128],HadGEM3_mappings.cfg
m01s01i208,1,208,128,,,,rsut,APday,True,1,W m-2,ok,m01s01i208[lbproc=128],HadGEM3_mappings.cfg
m01s01i521,1,521,128,86,,,rsut4co2,CFmon,True,1,W m-2,ok,"m01s01i521[lblev=86, lbproc=128]",HadGEM3_mappings.cfg
m01s01i521,1,521,128,86,,,rsut4co2,APmon,True,1,W m-2,ok,"m01s01i521[lblev=86, lbproc=128]",HadGEM3_mappings.cfg
m01s01i517,1,517,128,86,,,rsutaf,AERmon,True,1,W m-2,ok,"m01s01i517[lblev=86, lbproc=128]",HadGEM3_mappings.cfg
m01s01i517,1,517,128,86,,,rsutaf,AEmon,True,1,W m-2,ok,"m01s01i517[lblev=86, lbproc=128]",HadGEM3_mappings.cfg
m01s01i209,1,209,128,,,,rsutcs,Amon,True,1,W m-2,ok,m01s01i209[lbproc=128],HadGEM3_mappings.cfg
m01s01i209,1,209,128,,,,rsutcs,E3hr,True,1,W m-2,ok,m01s01i209[lbproc=128],HadGEM3_mappings.cfg
m01s01i209,1,209,128,,,,rsutcs,CFday,True,1,W m-2,ok,m01s01i209[lbproc=128],HadGEM3_mappings.cfg
m01s01i209,1,209,128,,,,rsutcs,APmon,True,1,W m-2,ok,m01s01i209[lbproc=128],HadGEM3_mappings.cfg
m01s01i209,1,209,128,,,,rsutcs,AP3hr,True,1,W m-2,ok,m01s01i209[lbproc=128],HadGEM3_mappings.cfg
m01s01i209,1,209,128,,,,rsutcs,APday,True,1,W m-2,ok,m01s01i209[lbproc=128],HadGEM3_mappings.cfg
m01s01i523,1,523,128,86,,,rsutcs4co2,CFmon,True,1,W m-2,ok,"m01s01i523[lblev=86, lbproc=128]",HadGEM3_mappings.cfg
m01s01i523,1,523,128,86,,,rsutcs4co2,APmon,True,1,W m-2,ok,"m01s01i523[lblev=86, lbproc=128]",HadGEM3_mappings.cfg
m01s01i519,1,519,128,86,,,rsutcsaf,AERmon,True,1,W m-2,ok,"m01s01i519[lblev=86, lbproc=128]",HadGEM3_mappings.cfg
m01s01i519,1,519,128,86,,,rsutcsaf,AEmon,True,1,W m-2,ok,"m01s01i519[lblev=86, lbproc=128]",HadGEM3_mappings.cfg
m01s01i207,1,207,128,,,,rtmt,Amon,False,3,W m-2,ok,m01s01i207[lbproc=128] - m01s01i208[lbproc=128] - m01s03i332[lbproc=128],HadGEM3_mappings.cfg
m01s01i208,1,208,128,,,,rtmt,Amon,False,3,W m-2,ok,m01s01i207[lbproc=128] - m01s01i208[lbproc=128] - m01s03i332[lbproc=128],HadGEM3_mappings.cfg
m01s03i332,3,332,128,,,,rtmt,Amon,False,3,W m-2,ok,m01s01i207[lbproc=128] - m01s01i208[lbproc=128] - m01s03i332[lbproc=128],HadGEM3_mappings.cfg
m01s01i207,1,207,128,,,,rtmt,APmon,False,3,W m-2,ok,m01s01i207[lbproc=128] - m01s01i208[lbproc=128] - m01s03i332[lbproc=128],HadGEM3_mappings.cfg
m01s01i208,1,208,128,,,,rtmt,APmon,False,3,W m-2,ok,m01s01i207[lbproc=128] - m01s01i208[lbproc=128] - m01s03i332[lbproc=128],HadGEM3_mappings.cfg
m01s03i332,3,332,128,,,,rtmt,APmon,False,3,W m-2,ok,m01s01i207[lbproc=128] - m01s01i208[lbproc=128] - m01s03i332[lbproc=128],HadGEM3_mappings.cfg
m01s30i455,30,455,128,,,P850,rv850,6hrPlev,True,1,s-1,embargoed,"m01s30i455[blev=P850, lbproc=128]",HadGEM3_mappings.cfg
m01s30i455,30,455,128,,,P850,rv850,AP6hr,True,1,s-1,embargoed,"m01s30i455[blev=P850, lbproc=128]",HadGEM3_mappings.cfg
m01s03i331,3,331,128,,,,sbl,LImon,False,2,kg m-2 s-1,ok,"land_class_mean(m01s03i331[lbproc=128], m01s03i317[lbproc=128], land_class='all')",HadGEM3_mappings.cfg
m01s03i317,3,317,128,,,,sbl,LImon,False,2,kg m-2 s-1,ok,"land_class_mean(m01s03i331[lbproc=128], m01s03i317[lbproc=128], land_class='all')",HadGEM3_mappings.cfg
m01s03i331,3,331,128,,,,sbl,Eday,False,2,kg m-2 s-1,ok,"land_class_mean(m01s03i331[lbproc=128], m01s03i317[lbproc=128], land_class='all')",HadGEM3_mappings.cfg
m01s03i317,3,317,128,,,,sbl,Eday,False,2,kg m-2 s-1,ok,"land_class_mean(m01s03i331[lbproc=128], m01s03i317[lbproc=128], land_class='all')",HadGEM3_mappings.cfg
m01s03i331,3,331,128,,,,sbl,LIday,False,2,kg m-2 s-1,ok,"land_class_mean(m01s03i331[lbproc=128], m01s03i317[lbproc=128], land_class='all')",HadGEM3_mappings.cfg
m01s03i317,3,317,128,,,,sbl,LIday,False,2,kg m-2 s-1,ok,"land_class_mean(m01s03i331[lbproc=128], m01s03i317[lbproc=128], land_class='all')",HadGEM3_mappings.cfg
m01s05i270,5,270,128,,,,sci,Amon,True,1,1,ok,m01s05i270[lbproc=128],HadGEM3_mappings.cfg
m01s05i270,5,270,128,,,,sci,APmon,True,1,1,ok,m01s05i270[lbproc=128],HadGEM3_mappings.cfg
m01s01i298,1,298,128,,,,scldncl,Eday,False,6,cm-3,ok,"mask_using_cube(m01s01i298[lbproc=128] / m01s01i299[lbproc=128], m01s02i391[lbproc=128] + m01s02i392[lbproc=128] - (m01s02i395[lbproc=128] + m01s02i396[lbproc=128]))",HadGEM3_mappings.cfg
m01s01i299,1,299,128,,,,scldncl,Eday,False,6,cm-3,ok,"mask_using_cube(m01s01i298[lbproc=128] / m01s01i299[lbproc=128], m01s02i391[lbproc=128] + m01s02i392[lbproc=128] - (m01s02i395[lbproc=128] + m01s02i396[lbproc=128]))",HadGEM3_mappings.cfg
m01s02i391,2,391,128,,,,scldncl,Eday,False,6,cm-3,ok,"mask_using_cube(m01s01i298[lbproc=128] / m01s01i299[lbproc=128], m01s02i391[lbproc=128] + m01s02i392[lbproc=128] - (m01s02i395[lbproc=128] + m01s02i396[lbproc=128]))",HadGEM3_mappings.cfg
m01s02i392,2,392,128,,,,scldncl,Eday,False,6,cm-3,ok,"mask_using_cube(m01s01i298[lbproc=128] / m01s01i299[lbproc=128], m01s02i391[lbproc=128] + m01s02i392[lbproc=128] - (m01s02i395[lbproc=128] + m01s02i396[lbproc=128]))",HadGEM3_mappings.cfg
m01s02i395,2,395,128,,,,scldncl,Eday,False,6,cm-3,ok,"mask_using_cube(m01s01i298[lbproc=128] / m01s01i299[lbproc=128], m01s02i391[lbproc=128] + m01s02i392[lbproc=128] - (m01s02i395[lbproc=128] + m01s02i396[lbproc=128]))",HadGEM3_mappings.cfg
m01s02i396,2,396,128,,,,scldncl,Eday,False,6,cm-3,ok,"mask_using_cube(m01s01i298[lbproc=128] / m01s01i299[lbproc=128], m01s02i391[lbproc=128] + m01s02i392[lbproc=128] - (m01s02i395[lbproc=128] + m01s02i396[lbproc=128]))",HadGEM3_mappings.cfg
m01s01i298,1,298,128,,,,scldncl,APday,False,6,cm-3,ok,"mask_using_cube(m01s01i298[lbproc=128] / m01s01i299[lbproc=128], m01s02i391[lbproc=128] + m01s02i392[lbproc=128] - (m01s02i395[lbproc=128] + m01s02i396[lbproc=128]))",HadGEM3_mappings.cfg
m01s01i299,1,299,128,,,,scldncl,APday,False,6,cm-3,ok,"mask_using_cube(m01s01i298[lbproc=128] / m01s01i299[lbproc=128], m01s02i391[lbproc=128] + m01s02i392[lbproc=128] - (m01s02i395[lbproc=128] + m01s02i396[lbproc=128]))",HadGEM3_mappings.cfg
m01s02i391,2,391,128,,,,scldncl,APday,False,6,cm-3,ok,"mask_using_cube(m01s01i298[lbproc=128] / m01s01i299[lbproc=128], m01s02i391[lbproc=128] + m01s02i392[lbproc=128] - (m01s02i395[lbproc=128] + m01s02i396[lbproc=128]))",HadGEM3_mappings.cfg
m01s02i392,2,392,128,,,,scldncl,APday,False,6,cm-3,ok,"mask_using_cube(m01s01i298[lbproc=128] / m01s01i299[lbproc=128], m01s02i391[lbproc=128] + m01s02i392[lbproc=128] - (m01s02i395[lbproc=128] + m01s02i396[lbproc=128]))",HadGEM3_mappings.cfg
m01s02i395,2,395,128,,,,scldncl,APday,False,6,cm-3,ok,"mask_using_cube(m01s01i298[lbproc=128] / m01s01i299[lbproc=128], m01s02i391[lbproc=128] + m01s02i392[lbproc=128] - (m01s02i395[lbproc=128] + m01s02i396[lbproc=128]))",HadGEM3_mappings.cfg
m01s02i396,2,396,128,,,,scldncl,APday,False,6,cm-3,ok,"mask_using_cube(m01s01i298[lbproc=128] / m01s01i299[lbproc=128], m01s02i391[lbproc=128] + m01s02i392[lbproc=128] - (m01s02i395[lbproc=128] + m01s02i396[lbproc=128]))",HadGEM3_mappings.cfg
m01s17i257,17,257,128,1,,,sconcdust,Emon,True,1,ug m-3,ok,"m01s17i257[lblev=1, lbproc=128]",HadGEM3_mappings.cfg
m01s17i257,17,257,128,1,,,sconcdust,APmon,True,1,ug m-3,ok,"m01s17i257[lblev=1, lbproc=128]",HadGEM3_mappings.cfg
m01s03i230,3,230,128,,,,sfcWind,Amon,True,1,m s-1,ok,m01s03i230[lbproc=128],HadGEM3_mappings.cfg
m01s03i230,3,230,128,,,,sfcWind,E3hr,True,1,m s-1,ok,m01s03i230[lbproc=128],HadGEM3_mappings.cfg
m01s03i230,3,230,128,,,,sfcWind,day,True,1,m s-1,ok,m01s03i230[lbproc=128],HadGEM3_mappings.cfg
m01s03i230,3,230,128,,,,sfcWind,6hrPlev,True,1,m s-1,ok,m01s03i230[lbproc=128],HadGEM3_mappings.cfg
m01s03i230,3,230,128,,,,sfcWind,APmon,True,1,m s-1,ok,m01s03i230[lbproc=128],HadGEM3_mappings.cfg
m01s03i230,3,230,128,,,,sfcWind,APday,True,1,m s-1,ok,m01s03i230[lbproc=128],HadGEM3_mappings.cfg
m01s03i230,3,230,8192,,,,sfcWindmax,Emon,True,1,m s-1,embargoed,mon_mean_from_day(m01s03i230[lbproc=8192]),HadGEM3_mappings.cfg
m01s03i230,3,230,8192,,,,sfcWindmax,APmon,True,1,m s-1,embargoed,mon_mean_from_day(m01s03i230[lbproc=8192]),HadGEM3_mappings.cfg
m01s34i996,34,996,128,1,,,sfno2,AERhr,True,1,mol mol-1,ok,"(MOLECULAR_MASS_OF_AIR / MOLECULAR_MASS_OF_NO2) * m01s34i996[lblev=1, lbproc=128]",HadGEM3_mappings.cfg
m01s34i996,34,996,128,1,,,sfno2,AE1hr,True,1,mol mol-1,ok,"(MOLECULAR_MASS_OF_AIR / MOLECULAR_MASS_OF_NO2) * m01s34i996[lblev=1, lbproc=128]",HadGEM3_mappings.cfg
m01s34i001,34,1,128,1,,,sfo3,AERhr,True,1,mol mol-1,ok,"(MOLECULAR_MASS_OF_AIR / MOLECULAR_MASS_OF_O3) * m01s34i001[lblev=1, lbproc=128]",HadGEM3_mappings.cfg
m01s34i001,34,1,128,1,,,sfo3,AE1hr,True,1,mol mol-1,ok,"(MOLECULAR_MASS_OF_AIR / MOLECULAR_MASS_OF_O3) * m01s34i001[lblev=1, lbproc=128]",HadGEM3_mappings.cfg
m01s34i001,34,1,8192,1,,,sfo3max,AERday,True,1,mol mol-1,ok,"(MOLECULAR_MASS_OF_AIR / MOLECULAR_MASS_OF_O3) * m01s34i001[lblev=1, lbproc=8192]",HadGEM3_mappings.cfg
m01s34i001,34,1,8192,1,,,sfo3max,AEday,True,1,mol mol-1,ok,"(MOLECULAR_MASS_OF_AIR / MOLECULAR_MASS_OF_O3) * m01s34i001[lblev=1, lbproc=8192]",HadGEM3_mappings.cfg
m01s03i317,3,317,,,,,sftgif,fx,True,1,%,embargoed,m01s03i317,HadGEM3_mappings.cfg
m01s03i317,3,317,,,,,sftgif,LPfx,True,1,%,embargoed,m01s03i317,HadGEM3_mappings.cfg
m01s00i505,0,505,,,,,sftlf,fx,True,1,1,ok,m01s00i505,HadGEM3_mappings.cfg
m01s00i505,0,505,,,,,sftlf,APfx,True,1,1,ok,m01s00i505,HadGEM3_mappings.cfg
m01s03i317,3,317,128,,,,shrubFrac,Lmon,False,2,%,ok,"land_class_area(m01s03i317[lbproc=128], m01s03i395[lbproc=128],
land_class='shrub')",HadGEM3_mappings.cfg
m01s03i395,3,395,128,,,,shrubFrac,Lmon,False,2,%,ok,"land_class_area(m01s03i317[lbproc=128], m01s03i395[lbproc=128],
land_class='shrub')",HadGEM3_mappings.cfg
m01s03i317,3,317,128,,,,shrubFrac,LPmon,False,2,%,ok,"land_class_area(m01s03i317[lbproc=128], m01s03i395[lbproc=128],
land_class='shrub')",HadGEM3_mappings.cfg
m01s03i395,3,395,128,,,,shrubFrac,LPmon,False,2,%,ok,"land_class_area(m01s03i317[lbproc=128], m01s03i395[lbproc=128],
land_class='shrub')",HadGEM3_mappings.cfg
m01s00i031,0,31,128,,,,siconca,SImon,True,1,1,ok,m01s00i031[lbproc=128],HadGEM3_mappings.cfg
m01s00i031,0,31,128,,,,siconca,SIday,True,1,1,ok,m01s00i031[lbproc=128],HadGEM3_mappings.cfg
m01s03i538,3,538,128,,,,sidragtop,SImon,False,2,1,ok,m01s03i538[lbproc=128] / m01s00i031[lbproc=128],HadGEM3_mappings.cfg
m01s00i031,0,31,128,,,,sidragtop,SImon,False,2,1,ok,m01s03i538[lbproc=128] / m01s00i031[lbproc=128],HadGEM3_mappings.cfg
m01s02i501,2,501,128,,,,sifllwdtop,SImon,False,2,W m-2,ok,m01s02i501[lbproc=128] / m01s00i031[lbproc=128],HadGEM3_mappings.cfg
m01s00i031,0,31,128,,,,sifllwdtop,SImon,False,2,W m-2,ok,m01s02i501[lbproc=128] / m01s00i031[lbproc=128],HadGEM3_mappings.cfg
m01s03i531,3,531,128,,,,sifllwutop,SImon,False,2,W m-2,ok,m01s03i531[lbproc=128] / m01s00i031[lbproc=128],HadGEM3_mappings.cfg
m01s00i031,0,31,128,,,,sifllwutop,SImon,False,2,W m-2,ok,m01s03i531[lbproc=128] / m01s00i031[lbproc=128],HadGEM3_mappings.cfg
m01s03i533,3,533,128,,,,siflsenstop,SImon,False,2,W m-2,embargoed,-1. * m01s03i533[lbproc=128] / m01s00i031[lbproc=128],HadGEM3_mappings.cfg
m01s00i031,0,31,128,,,,siflsenstop,SImon,False,2,W m-2,embargoed,-1. * m01s03i533[lbproc=128] / m01s00i031[lbproc=128],HadGEM3_mappings.cfg
m01s01i501,1,501,128,,,,siflswdtop,SImon,False,2,W m-2,embargoed,m01s01i501[lbproc=128] / m01s00i031[lbproc=128],HadGEM3_mappings.cfg
m01s00i031,0,31,128,,,,siflswdtop,SImon,False,2,W m-2,embargoed,m01s01i501[lbproc=128] / m01s00i031[lbproc=128],HadGEM3_mappings.cfg
m01s01i503,1,503,128,,,,siflswutop,SImon,False,2,W m-2,embargoed,m01s01i503[lbproc=128] / m01s00i031[lbproc=128],HadGEM3_mappings.cfg
m01s00i031,0,31,128,,,,siflswutop,SImon,False,2,W m-2,embargoed,m01s01i503[lbproc=128] / m01s00i031[lbproc=128],HadGEM3_mappings.cfg
m01s03i535,3,535,128,,,,sitemptop,SImon,False,2,K,ok,m01s03i535[lbproc=128] / m01s00i031[lbproc=128],HadGEM3_mappings.cfg
m01s00i031,0,31,128,,,,sitemptop,SImon,False,2,K,ok,m01s03i535[lbproc=128] / m01s00i031[lbproc=128],HadGEM3_mappings.cfg
m01s03i535,3,535,128,,,,sitemptop,SIday,False,2,K,ok,m01s03i535[lbproc=128] / m01s00i031[lbproc=128],HadGEM3_mappings.cfg
m01s00i031,0,31,128,,,,sitemptop,SIday,False,2,K,ok,m01s03i535[lbproc=128] / m01s00i031[lbproc=128],HadGEM3_mappings.cfg
m01s08i236,8,236,128,,,,snc,day,False,3,%,ok,"snc_calc(m01s08i236[lbproc=128], m01s03i317[lbproc=128], m01s03i395[lbproc=128])",HadGEM3_mappings.cfg
m01s03i317,3,317,128,,,,snc,day,False,3,%,ok,"snc_calc(m01s08i236[lbproc=128], m01s03i317[lbproc=128], m01s03i395[lbproc=128])",HadGEM3_mappings.cfg
m01s03i395,3,395,128,,,,snc,day,False,3,%,ok,"snc_calc(m01s08i236[lbproc=128], m01s03i317[lbproc=128], m01s03i395[lbproc=128])",HadGEM3_mappings.cfg
m01s08i236,8,236,128,,,,snc,LImon,False,3,%,ok,"snc_calc(m01s08i236[lbproc=128], m01s03i317[lbproc=128], m01s03i395[lbproc=128])",HadGEM3_mappings.cfg
m01s03i317,3,317,128,,,,snc,LImon,False,3,%,ok,"snc_calc(m01s08i236[lbproc=128], m01s03i317[lbproc=128], m01s03i395[lbproc=128])",HadGEM3_mappings.cfg
m01s03i395,3,395,128,,,,snc,LImon,False,3,%,ok,"snc_calc(m01s08i236[lbproc=128], m01s03i317[lbproc=128], m01s03i395[lbproc=128])",HadGEM3_mappings.cfg
m01s08i236,8,236,128,,,,snc,LIday,False,3,%,ok,"snc_calc(m01s08i236[lbproc=128], m01s03i317[lbproc=128], m01s03i395[lbproc=128])",HadGEM3_mappings.cfg
m01s03i317,3,317,128,,,,snc,LIday,False,3,%,ok,"snc_calc(m01s08i236[lbproc=128], m01s03i317[lbproc=128], m01s03i395[lbproc=128])",HadGEM3_mappings.cfg
m01s03i395,3,395,128,,,,snc,LIday,False,3,%,ok,"snc_calc(m01s08i236[lbproc=128], m01s03i317[lbproc=128], m01s03i395[lbproc=128])",HadGEM3_mappings.cfg
m01s08i376,8,376,128,,,,snd,LImon,False,2,m,ok,"land_class_mean(m01s08i376[lbproc=128], m01s03i317[lbproc=128], land_class='all')",HadGEM3_mappings.cfg
m01s03i317,3,317,128,,,,snd,LImon,False,2,m,ok,"land_class_mean(m01s08i376[lbproc=128], m01s03i317[lbproc=128], land_class='all')",HadGEM3_mappings.cfg
m01s08i376,8,376,128,,,,snd,Eday,False,2,m,ok,"land_class_mean(m01s08i376[lbproc=128], m01s03i317[lbproc=128], land_class='all')",HadGEM3_mappings.cfg
m01s03i317,3,317,128,,,,snd,Eday,False,2,m,ok,"land_class_mean(m01s08i376[lbproc=128], m01s03i317[lbproc=128], land_class='all')",HadGEM3_mappings.cfg
m01s08i376,8,376,128,,,,snd,LIday,False,2,m,ok,"land_class_mean(m01s08i376[lbproc=128], m01s03i317[lbproc=128], land_class='all')",HadGEM3_mappings.cfg
m01s03i317,3,317,128,,,,snd,LIday,False,2,m,ok,"land_class_mean(m01s08i376[lbproc=128], m01s03i317[lbproc=128], land_class='all')",HadGEM3_mappings.cfg
m01s08i237,8,237,128,,,,snm,LImon,False,2,kg m-2 s-1,ok,"land_class_mean(m01s08i237[lbproc=128], m01s03i317[lbproc=128], land_class='all')",HadGEM3_mappings.cfg
m01s03i317,3,317,128,,,,snm,LImon,False,2,kg m-2 s-1,ok,"land_class_mean(m01s08i237[lbproc=128], m01s03i317[lbproc=128], land_class='all')",HadGEM3_mappings.cfg
m01s08i237,8,237,128,,,,snm,Eday,False,2,kg m-2 s-1,ok,"land_class_mean(m01s08i237[lbproc=128], m01s03i317[lbproc=128], land_class='all')",HadGEM3_mappings.cfg
m01s03i317,3,317,128,,,,snm,Eday,False,2,kg m-2 s-1,ok,"land_class_mean(m01s08i237[lbproc=128], m01s03i317[lbproc=128], land_class='all')",HadGEM3_mappings.cfg
m01s08i237,8,237,128,,,,snm,LIday,False,2,kg m-2 s-1,ok,"land_class_mean(m01s08i237[lbproc=128], m01s03i317[lbproc=128], land_class='all')",HadGEM3_mappings.cfg
m01s03i317,3,317,128,,,,snm,LIday,False,2,kg m-2 s-1,ok,"land_class_mean(m01s08i237[lbproc=128], m01s03i317[lbproc=128], land_class='all')",HadGEM3_mappings.cfg
m01s08i236,8,236,128,,,,snw,day,False,2,kg m-2,ok,"land_class_mean(m01s08i236[lbproc=128], m01s03i317[lbproc=128], land_class='all')",HadGEM3_mappings.cfg
m01s03i317,3,317,128,,,,snw,day,False,2,kg m-2,ok,"land_class_mean(m01s08i236[lbproc=128], m01s03i317[lbproc=128], land_class='all')",HadGEM3_mappings.cfg
m01s08i236,8,236,128,,,,snw,LImon,False,2,kg m-2,ok,"land_class_mean(m01s08i236[lbproc=128], m01s03i317[lbproc=128], land_class='all')",HadGEM3_mappings.cfg
m01s03i317,3,317,128,,,,snw,LImon,False,2,kg m-2,ok,"land_class_mean(m01s08i236[lbproc=128], m01s03i317[lbproc=128], land_class='all')",HadGEM3_mappings.cfg
m01s08i236,8,236,128,,,,snw,LIday,False,2,kg m-2,ok,"land_class_mean(m01s08i236[lbproc=128], m01s03i317[lbproc=128], land_class='all')",HadGEM3_mappings.cfg
m01s03i317,3,317,128,,,,snw,LIday,False,2,kg m-2,ok,"land_class_mean(m01s08i236[lbproc=128], m01s03i317[lbproc=128], land_class='all')",HadGEM3_mappings.cfg
m01s34i072,34,72,128,,,,so2,AERmon,True,1,mol mol-1,ok,m01s34i072[lbproc=128] * (MOLECULAR_MASS_OF_AIR / MOLECULAR_MASS_OF_SO2),HadGEM3_mappings.cfg
m01s34i072,34,72,128,,,,so2,AEmonLev,True,1,mol mol-1,ok,m01s34i072[lbproc=128] * (MOLECULAR_MASS_OF_AIR / MOLECULAR_MASS_OF_SO2),HadGEM3_mappings.cfg
m01s01i510,1,510,0,86,,,solbnd,E3hrPt,True,1,W m-2,embargoed,"m01s01i510[lblev=86, lbproc=0]",HadGEM3_mappings.cfg
m01s01i510,1,510,0,86,,,solbnd,AP3hrPt,True,1,W m-2,embargoed,"m01s01i510[lblev=86, lbproc=0]",HadGEM3_mappings.cfg
m01s08i236,8,236,128,,,,sweLut,Emon,False,2,m,ok,"land_use_tile_mean( m01s08i236[lbproc=128] / FRESHWATER_DENSITY, m01s03i317[lbproc=128])",HadGEM3_mappings.cfg
m01s03i317,3,317,128,,,,sweLut,Emon,False,2,m,ok,"land_use_tile_mean( m01s08i236[lbproc=128] / FRESHWATER_DENSITY, m01s03i317[lbproc=128])",HadGEM3_mappings.cfg
m01s08i236,8,236,128,,,,sweLut,LPmon,False,2,m,ok,"land_use_tile_mean( m01s08i236[lbproc=128] / FRESHWATER_DENSITY, m01s03i317[lbproc=128])",HadGEM3_mappings.cfg
m01s03i317,3,317,128,,,,sweLut,LPmon,False,2,m,ok,"land_use_tile_mean( m01s08i236[lbproc=128] / FRESHWATER_DENSITY, m01s03i317[lbproc=128])",HadGEM3_mappings.cfg
m01s30i044,30,44,128,,,,t2,Emon,False,2,1e5 K2,ok,m01s30i044[lbproc=128] / m01s30i115[lbproc=128],HadGEM3_mappings.cfg
m01s30i115,30,115,128,,,,t2,Emon,False,2,1e5 K2,ok,m01s30i044[lbproc=128] / m01s30i115[lbproc=128],HadGEM3_mappings.cfg
m01s30i044,30,44,128,,,,t2,APmonLev,False,2,1e5 K2,ok,m01s30i044[lbproc=128] / m01s30i115[lbproc=128],HadGEM3_mappings.cfg
m01s30i115,30,115,128,,,,t2,APmonLev,False,2,1e5 K2,ok,m01s30i044[lbproc=128] / m01s30i115[lbproc=128],HadGEM3_mappings.cfg
m01s30i294,30,294,128,,,PLEV19,ta,Amon,False,2,K,ok,"m01s30i294[blev=PLEV19, lbproc=128] / m01s30i304[blev=PLEV19, lbproc=128]",HadGEM3_mappings.cfg
m01s30i304,30,304,128,,,PLEV19,ta,Amon,False,2,K,ok,"m01s30i294[blev=PLEV19, lbproc=128] / m01s30i304[blev=PLEV19, lbproc=128]",HadGEM3_mappings.cfg
m01s30i294,30,294,128,,,PLEV19,ta,Eday,False,2,K,ok,"m01s30i294[blev=PLEV19, lbproc=128] / m01s30i304[blev=PLEV19, lbproc=128]",HadGEM3_mappings.cfg
m01s30i304,30,304,128,,,PLEV19,ta,Eday,False,2,K,ok,"m01s30i294[blev=PLEV19, lbproc=128] / m01s30i304[blev=PLEV19, lbproc=128]",HadGEM3_mappings.cfg
m01s30i294,30,294,128,,,PLEV19,ta,APmon,False,2,K,ok,"m01s30i294[blev=PLEV19, lbproc=128] / m01s30i304[blev=PLEV19, lbproc=128]",HadGEM3_mappings.cfg
m01s30i304,30,304,128,,,PLEV19,ta,APmon,False,2,K,ok,"m01s30i294[blev=PLEV19, lbproc=128] / m01s30i304[blev=PLEV19, lbproc=128]",HadGEM3_mappings.cfg
m01s30i294,30,294,128,,,P10,ta10,GCAmon,False,2,K,embargoed,"m01s30i294[blev=P10, lbproc=128] / m01s30i304[blev=P10, lbproc=128]",HadGEM3_mappings.cfg
m01s30i304,30,304,128,,,P10,ta10,GCAmon,False,2,K,embargoed,"m01s30i294[blev=P10, lbproc=128] / m01s30i304[blev=P10, lbproc=128]",HadGEM3_mappings.cfg
m01s30i294,30,294,128,,,P100,ta100,GCAmon,False,2,K,embargoed,"m01s30i294[blev=P100, lbproc=128] / m01s30i304[blev=P100, lbproc=128]",HadGEM3_mappings.cfg
m01s30i304,30,304,128,,,P100,ta100,GCAmon,False,2,K,embargoed,"m01s30i294[blev=P100, lbproc=128] / m01s30i304[blev=P100, lbproc=128]",HadGEM3_mappings.cfg
m01s30i294,30,294,128,,,P1000,ta1000,GCAmon,False,2,K,embargoed,"m01s30i294[blev=P1000, lbproc=128] / m01s30i304[blev=P1000, lbproc=128]",HadGEM3_mappings.cfg
m01s30i304,30,304,128,,,P1000,ta1000,GCAmon,False,2,K,embargoed,"m01s30i294[blev=P1000, lbproc=128] / m01s30i304[blev=P1000, lbproc=128]",HadGEM3_mappings.cfg
m01s30i294,30,294,128,,,P1000,ta1000,GCday,False,2,K,embargoed,"m01s30i294[blev=P1000, lbproc=128] / m01s30i304[blev=P1000, lbproc=128]",HadGEM3_mappings.cfg
m01s30i304,30,304,128,,,P1000,ta1000,GCday,False,2,K,embargoed,"m01s30i294[blev=P1000, lbproc=128] / m01s30i304[blev=P1000, lbproc=128]",HadGEM3_mappings.cfg
m01s30i294,30,294,128,,,P150,ta150,GCAmon,False,2,K,embargoed,"m01s30i294[blev=P150, lbproc=128] / m01s30i304[blev=P150, lbproc=128]",HadGEM3_mappings.cfg
m01s30i304,30,304,128,,,P150,ta150,GCAmon,False,2,K,embargoed,"m01s30i294[blev=P150, lbproc=128] / m01s30i304[blev=P150, lbproc=128]",HadGEM3_mappings.cfg
m01s30i294,30,294,128,,,P20,ta20,GCAmon,False,2,K,embargoed,"m01s30i294[blev=P20, lbproc=128] / m01s30i304[blev=P20, lbproc=128]",HadGEM3_mappings.cfg
m01s30i304,30,304,128,,,P20,ta20,GCAmon,False,2,K,embargoed,"m01s30i294[blev=P20, lbproc=128] / m01s30i304[blev=P20, lbproc=128]",HadGEM3_mappings.cfg
m01s30i294,30,294,128,,,P200,ta200,GCAmon,False,2,K,embargoed,"m01s30i294[blev=P200, lbproc=128] / m01s30i304[blev=P200, lbproc=128]",HadGEM3_mappings.cfg
m01s30i304,30,304,128,,,P200,ta200,GCAmon,False,2,K,embargoed,"m01s30i294[blev=P200, lbproc=128] / m01s30i304[blev=P200, lbproc=128]",HadGEM3_mappings.cfg
m01s30i294,30,294,128,,,P200,ta200,GCday,False,2,K,embargoed,"m01s30i294[blev=P200, lbproc=128] / m01s30i304[blev=P200, lbproc=128]",HadGEM3_mappings.cfg
m01s30i304,30,304,128,,,P200,ta200,GCday,False,2,K,embargoed,"m01s30i294[blev=P200, lbproc=128] / m01s30i304[blev=P200, lbproc=128]",HadGEM3_mappings.cfg
m01s30i294,30,294,128,,,P250,ta250,GCAmon,False,2,K,embargoed,"m01s30i294[blev=P250, lbproc=128] / m01s30i304[blev=P250, lbproc=128]",HadGEM3_mappings.cfg
m01s30i304,30,304,128,,,P250,ta250,GCAmon,False,2,K,embargoed,"m01s30i294[blev=P250, lbproc=128] / m01s30i304[blev=P250, lbproc=128]",HadGEM3_mappings.cfg
m01s30i294,30,294,128,,,P250,ta250,GCday,False,2,K,embargoed,"m01s30i294[blev=P250, lbproc=128] / m01s30i304[blev=P250, lbproc=128]",HadGEM3_mappings.cfg
m01s30i304,30,304,128,,,P250,ta250,GCday,False,2,K,embargoed,"m01s30i294[blev=P250, lbproc=128] / m01s30i304[blev=P250, lbproc=128]",HadGEM3_mappings.cfg
m01s30i294,30,294,128,,,PLEV27,ta27,Emon,False,2,K,ok,"m01s30i294[blev=PLEV27, lbproc=128] / m01s30i304[blev=PLEV27, lbproc=128]",HadGEM3_mappings.cfg
m01s30i304,30,304,128,,,PLEV27,ta27,Emon,False,2,K,ok,"m01s30i294[blev=PLEV27, lbproc=128] / m01s30i304[blev=PLEV27, lbproc=128]",HadGEM3_mappings.cfg
m01s30i294,30,294,128,,,PLEV27,ta27,APmon,False,2,K,ok,"m01s30i294[blev=PLEV27, lbproc=128] / m01s30i304[blev=PLEV27, lbproc=128]",HadGEM3_mappings.cfg
m01s30i304,30,304,128,,,PLEV27,ta27,APmon,False,2,K,ok,"m01s30i294[blev=PLEV27, lbproc=128] / m01s30i304[blev=PLEV27, lbproc=128]",HadGEM3_mappings.cfg
m01s30i294,30,294,128,,,P30,ta30,GCAmon,False,2,K,embargoed,"m01s30i294[blev=P30, lbproc=128] / m01s30i304[blev=P30, lbproc=128]",HadGEM3_mappings.cfg
m01s30i304,30,304,128,,,P30,ta30,GCAmon,False,2,K,embargoed,"m01s30i294[blev=P30, lbproc=128] / m01s30i304[blev=P30, lbproc=128]",HadGEM3_mappings.cfg
m01s30i294,30,294,128,,,P300,ta300,GCAmon,False,2,K,embargoed,"m01s30i294[blev=P300, lbproc=128] / m01s30i304[blev=P300, lbproc=128]",HadGEM3_mappings.cfg
m01s30i304,30,304,128,,,P300,ta300,GCAmon,False,2,K,embargoed,"m01s30i294[blev=P300, lbproc=128] / m01s30i304[blev=P300, lbproc=128]",HadGEM3_mappings.cfg
m01s30i294,30,294,128,,,P300,ta300,GCday,False,2,K,embargoed,"m01s30i294[blev=P300, lbproc=128] / m01s30i304[blev=P300, lbproc=128]",HadGEM3_mappings.cfg
m01s30i304,30,304,128,,,P300,ta300,GCday,False,2,K,embargoed,"m01s30i294[blev=P300, lbproc=128] / m01s30i304[blev=P300, lbproc=128]",HadGEM3_mappings.cfg
m01s30i294,30,294,128,,,P400,ta400,GCAmon,False,2,K,embargoed,"m01s30i294[blev=P400, lbproc=128] / m01s30i304[blev=P400, lbproc=128]",HadGEM3_mappings.cfg
m01s30i304,30,304,128,,,P400,ta400,GCAmon,False,2,K,embargoed,"m01s30i294[blev=P400, lbproc=128] / m01s30i304[blev=P400, lbproc=128]",HadGEM3_mappings.cfg
m01s30i294,30,294,128,,,P400,ta400,GCday,False,2,K,embargoed,"m01s30i294[blev=P400, lbproc=128] / m01s30i304[blev=P400, lbproc=128]",HadGEM3_mappings.cfg
m01s30i304,30,304,128,,,P400,ta400,GCday,False,2,K,embargoed,"m01s30i294[blev=P400, lbproc=128] / m01s30i304[blev=P400, lbproc=128]",HadGEM3_mappings.cfg
m01s30i294,30,294,128,,,P50,ta50,GCAmon,False,2,K,embargoed,"m01s30i294[blev=P50, lbproc=128] / m01s30i304[blev=P50, lbproc=128]",HadGEM3_mappings.cfg
m01s30i304,30,304,128,,,P50,ta50,GCAmon,False,2,K,embargoed,"m01s30i294[blev=P50, lbproc=128] / m01s30i304[blev=P50, lbproc=128]",HadGEM3_mappings.cfg
m01s30i294,30,294,128,,,P500,ta500,GCAmon,False,2,K,ok,"m01s30i294[blev=P500, lbproc=128] / m01s30i304[blev=P500, lbproc=128]",HadGEM3_mappings.cfg
m01s30i304,30,304,128,,,P500,ta500,GCAmon,False,2,K,ok,"m01s30i294[blev=P500, lbproc=128] / m01s30i304[blev=P500, lbproc=128]",HadGEM3_mappings.cfg
m01s30i294,30,294,128,,,P500,ta500,GCday,False,2,K,ok,"m01s30i294[blev=P500, lbproc=128] / m01s30i304[blev=P500, lbproc=128]",HadGEM3_mappings.cfg
m01s30i304,30,304,128,,,P500,ta500,GCday,False,2,K,ok,"m01s30i294[blev=P500, lbproc=128] / m01s30i304[blev=P500, lbproc=128]",HadGEM3_mappings.cfg
m01s30i294,30,294,128,,,P500,ta500,Eday,False,2,K,ok,"m01s30i294[blev=P500, lbproc=128] / m01s30i304[blev=P500, lbproc=128]",HadGEM3_mappings.cfg
m01s30i304,30,304,128,,,P500,ta500,Eday,False,2,K,ok,"m01s30i294[blev=P500, lbproc=128] / m01s30i304[blev=P500, lbproc=128]",HadGEM3_mappings.cfg
m01s30i294,30,294,128,,,P500,ta500,APday,False,2,K,ok,"m01s30i294[blev=P500, lbproc=128] / m01s30i304[blev=P500, lbproc=128]",HadGEM3_mappings.cfg
m01s30i304,30,304,128,,,P500,ta500,APday,False,2,K,ok,"m01s30i294[blev=P500, lbproc=128] / m01s30i304[blev=P500, lbproc=128]",HadGEM3_mappings.cfg
m01s30i294,30,294,128,,,P600,ta600,GCAmon,False,2,K,embargoed,"m01s30i294[blev=P600, lbproc=128] / m01s30i304[blev=P600, lbproc=128]",HadGEM3_mappings.cfg
m01s30i304,30,304,128,,,P600,ta600,GCAmon,False,2,K,embargoed,"m01s30i294[blev=P600, lbproc=128] / m01s30i304[blev=P600, lbproc=128]",HadGEM3_mappings.cfg
m01s30i294,30,294,128,,,P600,ta600,GCday,False,2,K,embargoed,"m01s30i294[blev=P600, lbproc=128] / m01s30i304[blev=P600, lbproc=128]",HadGEM3_mappings.cfg
m01s30i304,30,304,128,,,P600,ta600,GCday,False,2,K,embargoed,"m01s30i294[blev=P600, lbproc=128] / m01s30i304[blev=P600, lbproc=128]",HadGEM3_mappings.cfg
m01s30i294,30,294,128,,,P70,ta70,GCAmon,False,2,K,embargoed,"m01s30i294[blev=P70, lbproc=128] / m01s30i304[blev=P70, lbproc=128]",HadGEM3_mappings.cfg
m01s30i304,30,304,128,,,P70,ta70,GCAmon,False,2,K,embargoed,"m01s30i294[blev=P70, lbproc=128] / m01s30i304[blev=P70, lbproc=128]",HadGEM3_mappings.cfg
m01s30i294,30,294,128,,,P700,ta700,GCAmon,False,2,K,ok,"m01s30i294[blev=P700, lbproc=128] / m01s30i304[blev=P700, lbproc=128]",HadGEM3_mappings.cfg
m01s30i304,30,304,128,,,P700,ta700,GCAmon,False,2,K,ok,"m01s30i294[blev=P700, lbproc=128] / m01s30i304[blev=P700, lbproc=128]",HadGEM3_mappings.cfg
m01s30i294,30,294,128,,,P700,ta700,GCday,False,2,K,ok,"m01s30i294[blev=P700, lbproc=128] / m01s30i304[blev=P700, lbproc=128]",HadGEM3_mappings.cfg
m01s30i304,30,304,128,,,P700,ta700,GCday,False,2,K,ok,"m01s30i294[blev=P700, lbproc=128] / m01s30i304[blev=P700, lbproc=128]",HadGEM3_mappings.cfg
m01s30i294,30,294,128,,,P700,ta700,CFday,False,2,K,ok,"m01s30i294[blev=P700, lbproc=128] / m01s30i304[blev=P700, lbproc=128]",HadGEM3_mappings.cfg
m01s30i304,30,304,128,,,P700,ta700,CFday,False,2,K,ok,"m01s30i294[blev=P700, lbproc=128] / m01s30i304[blev=P700, lbproc=128]",HadGEM3_mappings.cfg
m01s30i294,30,294,128,,,P700,ta700,APday,False,2,K,ok,"m01s30i294[blev=P700, lbproc=128] / m01s30i304[blev=P700, lbproc=128]",HadGEM3_mappings.cfg
m01s30i304,30,304,128,,,P700,ta700,APday,False,2,K,ok,"m01s30i294[blev=P700, lbproc=128] / m01s30i304[blev=P700, lbproc=128]",HadGEM3_mappings.cfg
m01s30i294,30,294,0,,,PLEV7H,ta7h,6hrPlevPt,False,2,K,ok,"m01s30i294[blev=PLEV7H, lbproc=0] / m01s30i304[blev=PLEV7H, lbproc=0]",HadGEM3_mappings.cfg
m01s30i304,30,304,0,,,PLEV7H,ta7h,6hrPlevPt,False,2,K,ok,"m01s30i294[blev=PLEV7H, lbproc=0] / m01s30i304[blev=PLEV7H, lbproc=0]",HadGEM3_mappings.cfg
m01s30i294,30,294,0,,,PLEV7H,ta7h,E3hrPt,False,2,K,ok,"m01s30i294[blev=PLEV7H, lbproc=0] / m01s30i304[blev=PLEV7H, lbproc=0]",HadGEM3_mappings.cfg
m01s30i304,30,304,0,,,PLEV7H,ta7h,E3hrPt,False,2,K,ok,"m01s30i294[blev=PLEV7H, lbproc=0] / m01s30i304[blev=PLEV7H, lbproc=0]",HadGEM3_mappings.cfg
m01s30i294,30,294,0,,,PLEV7H,ta7h,AP6hrPt,False,2,K,ok,"m01s30i294[blev=PLEV7H, lbproc=0] / m01s30i304[blev=PLEV7H, lbproc=0]",HadGEM3_mappings.cfg
m01s30i304,30,304,0,,,PLEV7H,ta7h,AP6hrPt,False,2,K,ok,"m01s30i294[blev=PLEV7H, lbproc=0] / m01s30i304[blev=PLEV7H, lbproc=0]",HadGEM3_mappings.cfg
m01s30i294,30,294,0,,,PLEV7H,ta7h,AP3hrPt,False,2,K,ok,"m01s30i294[blev=PLEV7H, lbproc=0] / m01s30i304[blev=PLEV7H, lbproc=0]",HadGEM3_mappings.cfg
m01s30i304,30,304,0,,,PLEV7H,ta7h,AP3hrPt,False,2,K,ok,"m01s30i294[blev=PLEV7H, lbproc=0] / m01s30i304[blev=PLEV7H, lbproc=0]",HadGEM3_mappings.cfg
m01s30i294,30,294,128,,,P850,ta850,GCAmon,False,2,K,ok,"m01s30i294[blev=P850, lbproc=128] / m01s30i304[blev=P850, lbproc=128]",HadGEM3_mappings.cfg
m01s30i304,30,304,128,,,P850,ta850,GCAmon,False,2,K,ok,"m01s30i294[blev=P850, lbproc=128] / m01s30i304[blev=P850, lbproc=128]",HadGEM3_mappings.cfg
m01s30i294,30,294,128,,,P850,ta850,GCday,False,2,K,ok,"m01s30i294[blev=P850, lbproc=128] / m01s30i304[blev=P850, lbproc=128]",HadGEM3_mappings.cfg
m01s30i304,30,304,128,,,P850,ta850,GCday,False,2,K,ok,"m01s30i294[blev=P850, lbproc=128] / m01s30i304[blev=P850, lbproc=128]",HadGEM3_mappings.cfg
m01s30i294,30,294,128,,,P850,ta850,Eday,False,2,K,ok,"m01s30i294[blev=P850, lbproc=128] / m01s30i304[blev=P850, lbproc=128]",HadGEM3_mappings.cfg
m01s30i304,30,304,128,,,P850,ta850,Eday,False,2,K,ok,"m01s30i294[blev=P850, lbproc=128] / m01s30i304[blev=P850, lbproc=128]",HadGEM3_mappings.cfg
m01s30i294,30,294,128,,,P850,ta850,APday,False,2,K,ok,"m01s30i294[blev=P850, lbproc=128] / m01s30i304[blev=P850, lbproc=128]",HadGEM3_mappings.cfg
m01s30i304,30,304,128,,,P850,ta850,APday,False,2,K,ok,"m01s30i294[blev=P850, lbproc=128] / m01s30i304[blev=P850, lbproc=128]",HadGEM3_mappings.cfg
m01s30i294,30,294,128,,,P925,ta925,GCAmon,False,2,K,embargoed,"m01s30i294[blev=P925, lbproc=128] / m01s30i304[blev=P925, lbproc=128]",HadGEM3_mappings.cfg
m01s30i304,30,304,128,,,P925,ta925,GCAmon,False,2,K,embargoed,"m01s30i294[blev=P925, lbproc=128] / m01s30i304[blev=P925, lbproc=128]",HadGEM3_mappings.cfg
m01s30i294,30,294,128,,,P925,ta925,GCday,False,2,K,embargoed,"m01s30i294[blev=P925, lbproc=128] / m01s30i304[blev=P925, lbproc=128]",HadGEM3_mappings.cfg
m01s30i304,30,304,128,,,P925,ta925,GCday,False,2,K,embargoed,"m01s30i294[blev=P925, lbproc=128] / m01s30i304[blev=P925, lbproc=128]",HadGEM3_mappings.cfg
m01s03i236,3,236,128,,,,tas,6hrPlev,True,1,K,ok,m01s03i236[lbproc=128],HadGEM3_mappings.cfg
m01s03i236,3,236,128,,,,tas,Amon,True,1,K,ok,m01s03i236[lbproc=128],HadGEM3_mappings.cfg
m01s03i236,3,236,128,,,,tas,day,True,1,K,ok,m01s03i236[lbproc=128],HadGEM3_mappings.cfg
m01s03i236,3,236,128,,,,tas,CresAERday,True,1,K,ok,m01s03i236[lbproc=128],HadGEM3_mappings.cfg
m01s03i236,3,236,128,,,,tas,Cres1HrMn,True,1,K,ok,m01s03i236[lbproc=128],HadGEM3_mappings.cfg
m01s03i236,3,236,128,,,,tas,AP6hr,True,1,K,ok,m01s03i236[lbproc=128],HadGEM3_mappings.cfg
m01s03i236,3,236,128,,,,tas,APday,True,1,K,ok,m01s03i236[lbproc=128],HadGEM3_mappings.cfg
m01s03i236,3,236,128,,,,tas,APmon,True,1,K,ok,m01s03i236[lbproc=128],HadGEM3_mappings.cfg
m01s03i236,3,236,128,,,,tas,mon,True,1,K,ok,m01s03i236[lbproc=128],HadGEM3_mappings.cfg
m01s03i236,3,236,128,,,,tas,1hr,True,1,K,ok,m01s03i236[lbproc=128],HadGEM3_mappings.cfg
m01s03i236,3,236,8192,,,,tasmax,Amon,True,1,K,ok,mon_mean_from_day(m01s03i236[lbproc=8192]),HadGEM3_mappings.cfg
m01s03i236,3,236,8192,,,,tasmax,APmon,True,1,K,ok,mon_mean_from_day(m01s03i236[lbproc=8192]),HadGEM3_mappings.cfg
m01s03i236,3,236,4096,,,,tasmin,Amon,True,1,K,ok,mon_mean_from_day(m01s03i236[lbproc=4096]),HadGEM3_mappings.cfg
m01s03i236,3,236,4096,,,,tasmin,APmon,True,1,K,ok,mon_mean_from_day(m01s03i236[lbproc=4096]),HadGEM3_mappings.cfg
m01s30i452,30,452,128,,,,tatp,AERmon,True,1,K,embargoed,m01s30i452[lbproc=128],HadGEM3_mappings.cfg
m01s30i452,30,452,128,,,,tatp,AEmon,True,1,K,embargoed,m01s30i452[lbproc=128],HadGEM3_mappings.cfg
m01s03i460,3,460,128,,,,tauu,Amon,True,1,Pa,ok,m01s03i460[lbproc=128],HadGEM3_mappings.cfg
m01s03i460,3,460,128,,,,tauu,Eday,True,1,Pa,ok,m01s03i460[lbproc=128],HadGEM3_mappings.cfg
m01s03i460,3,460,128,,,,tauu,APmon,True,1,Pa,ok,m01s03i460[lbproc=128],HadGEM3_mappings.cfg
m01s03i460,3,460,128,,,,tauu,APday,True,1,Pa,ok,m01s03i460[lbproc=128],HadGEM3_mappings.cfg
m01s03i460,3,460,128,,,,tauupbl,Eday,True,1,Pa,ok,m01s03i460[lbproc=128],HadGEM3_mappings.cfg
m01s03i460,3,460,128,,,,tauupbl,APday,True,1,Pa,ok,m01s03i460[lbproc=128],HadGEM3_mappings.cfg
m01s03i461,3,461,128,,,,tauv,Amon,True,1,Pa,ok,m01s03i461[lbproc=128],HadGEM3_mappings.cfg
m01s03i461,3,461,128,,,,tauv,Eday,True,1,Pa,ok,m01s03i461[lbproc=128],HadGEM3_mappings.cfg
m01s03i461,3,461,128,,,,tauv,APmon,True,1,Pa,ok,m01s03i461[lbproc=128],HadGEM3_mappings.cfg
m01s03i461,3,461,128,,,,tauv,APday,True,1,Pa,ok,m01s03i461[lbproc=128],HadGEM3_mappings.cfg
m01s03i461,3,461,128,,,,tauvpbl,Eday,True,1,Pa,ok,m01s03i461[lbproc=128],HadGEM3_mappings.cfg
m01s03i461,3,461,128,,,,tauvpbl,APday,True,1,Pa,ok,m01s03i461[lbproc=128],HadGEM3_mappings.cfg
m01s03i250,3,250,128,,,,tdps,Emon,True,1,K,embargoed,m01s03i250[lbproc=128],HadGEM3_mappings.cfg
m01s03i250,3,250,128,,,,tdps,Eday,True,1,K,embargoed,m01s03i250[lbproc=128],HadGEM3_mappings.cfg
m01s03i250,3,250,128,,,,tdps,APmon,True,1,K,embargoed,m01s03i250[lbproc=128],HadGEM3_mappings.cfg
m01s03i250,3,250,128,,,,tdps,APday,True,1,K,embargoed,m01s03i250[lbproc=128],HadGEM3_mappings.cfg
m01s03i316,3,316,128,,8,,tgs,Eday,True,1,K,ok,"m01s03i316[lbplev=8, lbproc=128]",HadGEM3_mappings.cfg
m01s03i316,3,316,128,,8,,tgs,LPday,True,1,K,ok,"m01s03i316[lbplev=8, lbproc=128]",HadGEM3_mappings.cfg
m01s30i182,30,182,128,,,,tnhus,CFmon,True,1,s-1,ok,m01s30i182[lbproc=128] / ATMOS_TIMESTEP,HadGEM3_mappings.cfg
m01s30i182,30,182,128,,,,tnhus,APmonLev,True,1,s-1,ok,m01s30i182[lbproc=128] / ATMOS_TIMESTEP,HadGEM3_mappings.cfg
m01s12i182,12,182,128,,,,tnhusa,CFmon,False,2,s-1,ok,(m01s12i182[lbproc=128] + m01s12i382[lbproc=128]) / ATMOS_TIMESTEP,HadGEM3_mappings.cfg
m01s12i382,12,382,128,,,,tnhusa,CFmon,False,2,s-1,ok,(m01s12i182[lbproc=128] + m01s12i382[lbproc=128]) / ATMOS_TIMESTEP,HadGEM3_mappings.cfg
m01s12i182,12,182,128,,,,tnhusa,APmonLev,False,2,s-1,ok,(m01s12i182[lbproc=128] + m01s12i382[lbproc=128]) / ATMOS_TIMESTEP,HadGEM3_mappings.cfg
m01s12i382,12,382,128,,,,tnhusa,APmonLev,False,2,s-1,ok,(m01s12i182[lbproc=128] + m01s12i382[lbproc=128]) / ATMOS_TIMESTEP,HadGEM3_mappings.cfg
m01s05i162,5,162,128,,,,tnhusc,CFmon,True,1,s-1,ok,m01s05i162[lbproc=128] / ATMOS_TIMESTEP,HadGEM3_mappings.cfg
m01s05i162,5,162,128,,,,tnhusc,APmonLev,True,1,s-1,ok,m01s05i162[lbproc=128] / ATMOS_TIMESTEP,HadGEM3_mappings.cfg
m01s01i182,1,182,128,,,,tnhusmp,CFmon,False,10,s-1,ok,(m01s01i182[lbproc=128] + m01s02i182[lbproc=128] + m01s03i182[lbproc=128] + m01s04i142[lbproc=128] + m01s04i182[lbproc=128] + m01s04i982[lbproc=128] + m01s05i182[lbproc=128] + m01s16i162[lbproc=128] + m01s16i182[lbproc=128] + m01s35i025[lbproc=128] ) / ATMOS_TIMESTEP,HadGEM3_mappings.cfg
m01s02i182,2,182,128,,,,tnhusmp,CFmon,False,10,s-1,ok,(m01s01i182[lbproc=128] + m01s02i182[lbproc=128] + m01s03i182[lbproc=128] + m01s04i142[lbproc=128] + m01s04i182[lbproc=128] + m01s04i982[lbproc=128] + m01s05i182[lbproc=128] + m01s16i162[lbproc=128] + m01s16i182[lbproc=128] + m01s35i025[lbproc=128] ) / ATMOS_TIMESTEP,HadGEM3_mappings.cfg
m01s03i182,3,182,128,,,,tnhusmp,CFmon,False,10,s-1,ok,(m01s01i182[lbproc=128] + m01s02i182[lbproc=128] + m01s03i182[lbproc=128] + m01s04i142[lbproc=128] + m01s04i182[lbproc=128] + m01s04i982[lbproc=128] + m01s05i182[lbproc=128] + m01s16i162[lbproc=128] + m01s16i182[lbproc=128] + m01s35i025[lbproc=128] ) / ATMOS_TIMESTEP,HadGEM3_mappings.cfg
m01s04i142,4,142,128,,,,tnhusmp,CFmon,False,10,s-1,ok,(m01s01i182[lbproc=128] + m01s02i182[lbproc=128] + m01s03i182[lbproc=128] + m01s04i142[lbproc=128] + m01s04i182[lbproc=128] + m01s04i982[lbproc=128] + m01s05i182[lbproc=128] + m01s16i162[lbproc=128] + m01s16i182[lbproc=128] + m01s35i025[lbproc=128] ) / ATMOS_TIMESTEP,HadGEM3_mappings.cfg
m01s04i182,4,182,128,,,,tnhusmp,CFmon,False,10,s-1,ok,(m01s01i182[lbproc=128] + m01s02i182[lbproc=128] + m01s03i182[lbproc=128] + m01s04i142[lbproc=128] + m01s04i182[lbproc=128] + m01s04i982[lbproc=128] + m01s05i182[lbproc=128] + m01s16i162[lbproc=128] + m01s16i182[lbproc=128] + m01s35i025[lbproc=128] ) / ATMOS_TIMESTEP,HadGEM3_mappings.cfg
m01s04i982,4,982,128,,,,tnhusmp,CFmon,False,10,s-1,ok,(m01s01i182[lbproc=128] + m01s02i182[lbproc=128] + m01s03i182[lbproc=128] + m01s04i142[lbproc=128] + m01s04i182[lbproc=128] + m01s04i982[lbproc=128] + m01s05i182[lbproc=128] + m01s16i162[lbproc=128] + m01s16i182[lbproc=128] + m01s35i025[lbproc=128] ) / ATMOS_TIMESTEP,HadGEM3_mappings.cfg
m01s05i182,5,182,128,,,,tnhusmp,CFmon,False,10,s-1,ok,(m01s01i182[lbproc=128] + m01s02i182[lbproc=128] + m01s03i182[lbproc=128] + m01s04i142[lbproc=128] + m01s04i182[lbproc=128] + m01s04i982[lbproc=128] + m01s05i182[lbproc=128] + m01s16i162[lbproc=128] + m01s16i182[lbproc=128] + m01s35i025[lbproc=128] ) / ATMOS_TIMESTEP,HadGEM3_mappings.cfg
m01s16i162,16,162,128,,,,tnhusmp,CFmon,False,10,s-1,ok,(m01s01i182[lbproc=128] + m01s02i182[lbproc=128] + m01s03i182[lbproc=128] + m01s04i142[lbproc=128] + m01s04i182[lbproc=128] + m01s04i982[lbproc=128] + m01s05i182[lbproc=128] + m01s16i162[lbproc=128] + m01s16i182[lbproc=128] + m01s35i025[lbproc=128] ) / ATMOS_TIMESTEP,HadGEM3_mappings.cfg
m01s16i182,16,182,128,,,,tnhusmp,CFmon,False,10,s-1,ok,(m01s01i182[lbproc=128] + m01s02i182[lbproc=128] + m01s03i182[lbproc=128] + m01s04i142[lbproc=128] + m01s04i182[lbproc=128] + m01s04i982[lbproc=128] + m01s05i182[lbproc=128] + m01s16i162[lbproc=128] + m01s16i182[lbproc=128] + m01s35i025[lbproc=128] ) / ATMOS_TIMESTEP,HadGEM3_mappings.cfg
m01s35i025,35,25,128,,,,tnhusmp,CFmon,False,10,s-1,ok,(m01s01i182[lbproc=128] + m01s02i182[lbproc=128] + m01s03i182[lbproc=128] + m01s04i142[lbproc=128] + m01s04i182[lbproc=128] + m01s04i982[lbproc=128] + m01s05i182[lbproc=128] + m01s16i162[lbproc=128] + m01s16i182[lbproc=128] + m01s35i025[lbproc=128] ) / ATMOS_TIMESTEP,HadGEM3_mappings.cfg
m01s01i182,1,182,128,,,,tnhusmp,APmonLev,False,10,s-1,ok,(m01s01i182[lbproc=128] + m01s02i182[lbproc=128] + m01s03i182[lbproc=128] + m01s04i142[lbproc=128] + m01s04i182[lbproc=128] + m01s04i982[lbproc=128] + m01s05i182[lbproc=128] + m01s16i162[lbproc=128] + m01s16i182[lbproc=128] + m01s35i025[lbproc=128] ) / ATMOS_TIMESTEP,HadGEM3_mappings.cfg
m01s02i182,2,182,128,,,,tnhusmp,APmonLev,False,10,s-1,ok,(m01s01i182[lbproc=128] + m01s02i182[lbproc=128] + m01s03i182[lbproc=128] + m01s04i142[lbproc=128] + m01s04i182[lbproc=128] + m01s04i982[lbproc=128] + m01s05i182[lbproc=128] + m01s16i162[lbproc=128] + m01s16i182[lbproc=128] + m01s35i025[lbproc=128] ) / ATMOS_TIMESTEP,HadGEM3_mappings.cfg
m01s03i182,3,182,128,,,,tnhusmp,APmonLev,False,10,s-1,ok,(m01s01i182[lbproc=128] + m01s02i182[lbproc=128] + m01s03i182[lbproc=128] + m01s04i142[lbproc=128] + m01s04i182[lbproc=128] + m01s04i982[lbproc=128] + m01s05i182[lbproc=128] + m01s16i162[lbproc=128] + m01s16i182[lbproc=128] + m01s35i025[lbproc=128] ) / ATMOS_TIMESTEP,HadGEM3_mappings.cfg
m01s04i142,4,142,128,,,,tnhusmp,APmonLev,False,10,s-1,ok,(m01s01i182[lbproc=128] + m01s02i182[lbproc=128] + m01s03i182[lbproc=128] + m01s04i142[lbproc=128] + m01s04i182[lbproc=128] + m01s04i982[lbproc=128] + m01s05i182[lbproc=128] + m01s16i162[lbproc=128] + m01s16i182[lbproc=128] + m01s35i025[lbproc=128] ) / ATMOS_TIMESTEP,HadGEM3_mappings.cfg
m01s04i182,4,182,128,,,,tnhusmp,APmonLev,False,10,s-1,ok,(m01s01i182[lbproc=128] + m01s02i182[lbproc=128] + m01s03i182[lbproc=128] + m01s04i142[lbproc=128] + m01s04i182[lbproc=128] + m01s04i982[lbproc=128] + m01s05i182[lbproc=128] + m01s16i162[lbproc=128] + m01s16i182[lbproc=128] + m01s35i025[lbproc=128] ) / ATMOS_TIMESTEP,HadGEM3_mappings.cfg
m01s04i982,4,982,128,,,,tnhusmp,APmonLev,False,10,s-1,ok,(m01s01i182[lbproc=128] + m01s02i182[lbproc=128] + m01s03i182[lbproc=128] + m01s04i142[lbproc=128] + m01s04i182[lbproc=128] + m01s04i982[lbproc=128] + m01s05i182[lbproc=128] + m01s16i162[lbproc=128] + m01s16i182[lbproc=128] + m01s35i025[lbproc=128] ) / ATMOS_TIMESTEP,HadGEM3_mappings.cfg
m01s05i182,5,182,128,,,,tnhusmp,APmonLev,False,10,s-1,ok,(m01s01i182[lbproc=128] + m01s02i182[lbproc=128] + m01s03i182[lbproc=128] + m01s04i142[lbproc=128] + m01s04i182[lbproc=128] + m01s04i982[lbproc=128] + m01s05i182[lbproc=128] + m01s16i162[lbproc=128] + m01s16i182[lbproc=128] + m01s35i025[lbproc=128] ) / ATMOS_TIMESTEP,HadGEM3_mappings.cfg
m01s16i162,16,162,128,,,,tnhusmp,APmonLev,False,10,s-1,ok,(m01s01i182[lbproc=128] + m01s02i182[lbproc=128] + m01s03i182[lbproc=128] + m01s04i142[lbproc=128] + m01s04i182[lbproc=128] + m01s04i982[lbproc=128] + m01s05i182[lbproc=128] + m01s16i162[lbproc=128] + m01s16i182[lbproc=128] + m01s35i025[lbproc=128] ) / ATMOS_TIMESTEP,HadGEM3_mappings.cfg
m01s16i182,16,182,128,,,,tnhusmp,APmonLev,False,10,s-1,ok,(m01s01i182[lbproc=128] + m01s02i182[lbproc=128] + m01s03i182[lbproc=128] + m01s04i142[lbproc=128] + m01s04i182[lbproc=128] + m01s04i982[lbproc=128] + m01s05i182[lbproc=128] + m01s16i162[lbproc=128] + m01s16i182[lbproc=128] + m01s35i025[lbproc=128] ) / ATMOS_TIMESTEP,HadGEM3_mappings.cfg
m01s35i025,35,25,128,,,,tnhusmp,APmonLev,False,10,s-1,ok,(m01s01i182[lbproc=128] + m01s02i182[lbproc=128] + m01s03i182[lbproc=128] + m01s04i142[lbproc=128] + m01s04i182[lbproc=128] + m01s04i982[lbproc=128] + m01s05i182[lbproc=128] + m01s16i162[lbproc=128] + m01s16i182[lbproc=128] + m01s35i025[lbproc=128] ) / ATMOS_TIMESTEP,HadGEM3_mappings.cfg
m01s03i190,3,190,128,,,,tnhuspbl,Emon,True,1,s-1,ok,m01s03i190[lbproc=128] / ATMOS_TIMESTEP,HadGEM3_mappings.cfg
m01s03i190,3,190,128,,,,tnhuspbl,APmonLev,True,1,s-1,ok,m01s03i190[lbproc=128] / ATMOS_TIMESTEP,HadGEM3_mappings.cfg
m01s01i182,1,182,128,,,,tnhusscp,Emon,False,10,s-1,ok,(m01s01i182[lbproc=128] + m01s02i182[lbproc=128] + m01s03i182[lbproc=128] - m01s03i190[lbproc=128] + m01s04i142[lbproc=128] + m01s04i182[lbproc=128] + m01s05i182[lbproc=128] - m01s05i162[lbproc=128] + m01s16i162[lbproc=128] + m01s16i182[lbproc=128]) / ATMOS_TIMESTEP,HadGEM3_mappings.cfg
m01s02i182,2,182,128,,,,tnhusscp,Emon,False,10,s-1,ok,(m01s01i182[lbproc=128] + m01s02i182[lbproc=128] + m01s03i182[lbproc=128] - m01s03i190[lbproc=128] + m01s04i142[lbproc=128] + m01s04i182[lbproc=128] + m01s05i182[lbproc=128] - m01s05i162[lbproc=128] + m01s16i162[lbproc=128] + m01s16i182[lbproc=128]) / ATMOS_TIMESTEP,HadGEM3_mappings.cfg
m01s03i182,3,182,128,,,,tnhusscp,Emon,False,10,s-1,ok,(m01s01i182[lbproc=128] + m01s02i182[lbproc=128] + m01s03i182[lbproc=128] - m01s03i190[lbproc=128] + m01s04i142[lbproc=128] + m01s04i182[lbproc=128] + m01s05i182[lbproc=128] - m01s05i162[lbproc=128] + m01s16i162[lbproc=128] + m01s16i182[lbproc=128]) / ATMOS_TIMESTEP,HadGEM3_mappings.cfg
m01s03i190,3,190,128,,,,tnhusscp,Emon,False,10,s-1,ok,(m01s01i182[lbproc=128] + m01s02i182[lbproc=128] + m01s03i182[lbproc=128] - m01s03i190[lbproc=128] + m01s04i142[lbproc=128] + m01s04i182[lbproc=128] + m01s05i182[lbproc=128] - m01s05i162[lbproc=128] + m01s16i162[lbproc=128] + m01s16i182[lbproc=128]) / ATMOS_TIMESTEP,HadGEM3_mappings.cfg
m01s04i142,4,142,128,,,,tnhusscp,Emon,False,10,s-1,ok,(m01s01i182[lbproc=128] + m01s02i182[lbproc=128] + m01s03i182[lbproc=128] - m01s03i190[lbproc=128] + m01s04i142[lbproc=128] + m01s04i182[lbproc=128] + m01s05i182[lbproc=128] - m01s05i162[lbproc=128] + m01s16i162[lbproc=128] + m01s16i182[lbproc=128]) / ATMOS_TIMESTEP,HadGEM3_mappings.cfg
m01s04i182,4,182,128,,,,tnhusscp,Emon,False,10,s-1,ok,(m01s01i182[lbproc=128] + m01s02i182[lbproc=128] + m01s03i182[lbproc=128] - m01s03i190[lbproc=128] + m01s04i142[lbproc=128] + m01s04i182[lbproc=128] + m01s05i182[lbproc=128] - m01s05i162[lbproc=128] + m01s16i162[lbproc=128] + m01s16i182[lbproc=128]) / ATMOS_TIMESTEP,HadGEM3_mappings.cfg
m01s05i182,5,182,128,,,,tnhusscp,Emon,False,10,s-1,ok,(m01s01i182[lbproc=128] + m01s02i182[lbproc=128] + m01s03i182[lbproc=128] - m01s03i190[lbproc=128] + m01s04i142[lbproc=128] + m01s04i182[lbproc=128] + m01s05i182[lbproc=128] - m01s05i162[lbproc=128] + m01s16i162[lbproc=128] + m01s16i182[lbproc=128]) / ATMOS_TIMESTEP,HadGEM3_mappings.cfg
m01s05i162,5,162,128,,,,tnhusscp,Emon,False,10,s-1,ok,(m01s01i182[lbproc=128] + m01s02i182[lbproc=128] + m01s03i182[lbproc=128] - m01s03i190[lbproc=128] + m01s04i142[lbproc=128] + m01s04i182[lbproc=128] + m01s05i182[lbproc=128] - m01s05i162[lbproc=128] + m01s16i162[lbproc=128] + m01s16i182[lbproc=128]) / ATMOS_TIMESTEP,HadGEM3_mappings.cfg
m01s16i162,16,162,128,,,,tnhusscp,Emon,False,10,s-1,ok,(m01s01i182[lbproc=128] + m01s02i182[lbproc=128] + m01s03i182[lbproc=128] - m01s03i190[lbproc=128] + m01s04i142[lbproc=128] + m01s04i182[lbproc=128] + m01s05i182[lbproc=128] - m01s05i162[lbproc=128] + m01s16i162[lbproc=128] + m01s16i182[lbproc=128]) / ATMOS_TIMESTEP,HadGEM3_mappings.cfg
m01s16i182,16,182,128,,,,tnhusscp,Emon,False,10,s-1,ok,(m01s01i182[lbproc=128] + m01s02i182[lbproc=128] + m01s03i182[lbproc=128] - m01s03i190[lbproc=128] + m01s04i142[lbproc=128] + m01s04i182[lbproc=128] + m01s05i182[lbproc=128] - m01s05i162[lbproc=128] + m01s16i162[lbproc=128] + m01s16i182[lbproc=128]) / ATMOS_TIMESTEP,HadGEM3_mappings.cfg
m01s01i182,1,182,128,,,,tnhusscp,APmonLev,False,10,s-1,ok,(m01s01i182[lbproc=128] + m01s02i182[lbproc=128] + m01s03i182[lbproc=128] - m01s03i190[lbproc=128] + m01s04i142[lbproc=128] + m01s04i182[lbproc=128] + m01s05i182[lbproc=128] - m01s05i162[lbproc=128] + m01s16i162[lbproc=128] + m01s16i182[lbproc=128]) / ATMOS_TIMESTEP,HadGEM3_mappings.cfg
m01s02i182,2,182,128,,,,tnhusscp,APmonLev,False,10,s-1,ok,(m01s01i182[lbproc=128] + m01s02i182[lbproc=128] + m01s03i182[lbproc=128] - m01s03i190[lbproc=128] + m01s04i142[lbproc=128] + m01s04i182[lbproc=128] + m01s05i182[lbproc=128] - m01s05i162[lbproc=128] + m01s16i162[lbproc=128] + m01s16i182[lbproc=128]) / ATMOS_TIMESTEP,HadGEM3_mappings.cfg
m01s03i182,3,182,128,,,,tnhusscp,APmonLev,False,10,s-1,ok,(m01s01i182[lbproc=128] + m01s02i182[lbproc=128] + m01s03i182[lbproc=128] - m01s03i190[lbproc=128] + m01s04i142[lbproc=128] + m01s04i182[lbproc=128] + m01s05i182[lbproc=128] - m01s05i162[lbproc=128] + m01s16i162[lbproc=128] + m01s16i182[lbproc=128]) / ATMOS_TIMESTEP,HadGEM3_mappings.cfg
m01s03i190,3,190,128,,,,tnhusscp,APmonLev,False,10,s-1,ok,(m01s01i182[lbproc=128] + m01s02i182[lbproc=128] + m01s03i182[lbproc=128] - m01s03i190[lbproc=128] + m01s04i142[lbproc=128] + m01s04i182[lbproc=128] + m01s05i182[lbproc=128] - m01s05i162[lbproc=128] + m01s16i162[lbproc=128] + m01s16i182[lbproc=128]) / ATMOS_TIMESTEP,HadGEM3_mappings.cfg
m01s04i142,4,142,128,,,,tnhusscp,APmonLev,False,10,s-1,ok,(m01s01i182[lbproc=128] + m01s02i182[lbproc=128] + m01s03i182[lbproc=128] - m01s03i190[lbproc=128] + m01s04i142[lbproc=128] + m01s04i182[lbproc=128] + m01s05i182[lbproc=128] - m01s05i162[lbproc=128] + m01s16i162[lbproc=128] + m01s16i182[lbproc=128]) / ATMOS_TIMESTEP,HadGEM3_mappings.cfg
m01s04i182,4,182,128,,,,tnhusscp,APmonLev,False,10,s-1,ok,(m01s01i182[lbproc=128] + m01s02i182[lbproc=128] + m01s03i182[lbproc=128] - m01s03i190[lbproc=128] + m01s04i142[lbproc=128] + m01s04i182[lbproc=128] + m01s05i182[lbproc=128] - m01s05i162[lbproc=128] + m01s16i162[lbproc=128] + m01s16i182[lbproc=128]) / ATMOS_TIMESTEP,HadGEM3_mappings.cfg
m01s05i182,5,182,128,,,,tnhusscp,APmonLev,False,10,s-1,ok,(m01s01i182[lbproc=128] + m01s02i182[lbproc=128] + m01s03i182[lbproc=128] - m01s03i190[lbproc=128] + m01s04i142[lbproc=128] + m01s04i182[lbproc=128] + m01s05i182[lbproc=128] - m01s05i162[lbproc=128] + m01s16i162[lbproc=128] + m01s16i182[lbproc=128]) / ATMOS_TIMESTEP,HadGEM3_mappings.cfg
m01s05i162,5,162,128,,,,tnhusscp,APmonLev,False,10,s-1,ok,(m01s01i182[lbproc=128] + m01s02i182[lbproc=128] + m01s03i182[lbproc=128] - m01s03i190[lbproc=128] + m01s04i142[lbproc=128] + m01s04i182[lbproc=128] + m01s05i182[lbproc=128] - m01s05i162[lbproc=128] + m01s16i162[lbproc=128] + m01s16i182[lbproc=128]) / ATMOS_TIMESTEP,HadGEM3_mappings.cfg
m01s16i162,16,162,128,,,,tnhusscp,APmonLev,False,10,s-1,ok,(m01s01i182[lbproc=128] + m01s02i182[lbproc=128] + m01s03i182[lbproc=128] - m01s03i190[lbproc=128] + m01s04i142[lbproc=128] + m01s04i182[lbproc=128] + m01s05i182[lbproc=128] - m01s05i162[lbproc=128] + m01s16i162[lbproc=128] + m01s16i182[lbproc=128]) / ATMOS_TIMESTEP,HadGEM3_mappings.cfg
m01s16i182,16,182,128,,,,tnhusscp,APmonLev,False,10,s-1,ok,(m01s01i182[lbproc=128] + m01s02i182[lbproc=128] + m01s03i182[lbproc=128] - m01s03i190[lbproc=128] + m01s04i142[lbproc=128] + m01s04i182[lbproc=128] + m01s05i182[lbproc=128] - m01s05i162[lbproc=128] + m01s16i162[lbproc=128] + m01s16i182[lbproc=128]) / ATMOS_TIMESTEP,HadGEM3_mappings.cfg
m01s01i182,1,182,128,,,,tnhusscpbl,CFmon,False,9,s-1,ok,(m01s01i182[lbproc=128] + m01s02i182[lbproc=128] + m01s03i182[lbproc=128] + m01s04i142[lbproc=128] + m01s04i182[lbproc=128] + m01s05i182[lbproc=128] - m01s05i162[lbproc=128] + m01s16i162[lbproc=128] + m01s16i182[lbproc=128]) / ATMOS_TIMESTEP,HadGEM3_mappings.cfg
m01s02i182,2,182,128,,,,tnhusscpbl,CFmon,False,9,s-1,ok,(m01s01i182[lbproc=128] + m01s02i182[lbproc=128] + m01s03i182[lbproc=128] + m01s04i142[lbproc=128] + m01s04i182[lbproc=128] + m01s05i182[lbproc=128] - m01s05i162[lbproc=128] + m01s16i162[lbproc=128] + m01s16i182[lbproc=128]) / ATMOS_TIMESTEP,HadGEM3_mappings.cfg
m01s03i182,3,182,128,,,,tnhusscpbl,CFmon,False,9,s-1,ok,(m01s01i182[lbproc=128] + m01s02i182[lbproc=128] + m01s03i182[lbproc=128] + m01s04i142[lbproc=128] + m01s04i182[lbproc=128] + m01s05i182[lbproc=128] - m01s05i162[lbproc=128] + m01s16i162[lbproc=128] + m01s16i182[lbproc=128]) / ATMOS_TIMESTEP,HadGEM3_mappings.cfg
m01s04i142,4,142,128,,,,tnhusscpbl,CFmon,False,9,s-1,ok,(m01s01i182[lbproc=128] + m01s02i182[lbproc=128] + m01s03i182[lbproc=128] + m01s04i142[lbproc=128] + m01s04i182[lbproc=128] + m01s05i182[lbproc=128] - m01s05i162[lbproc=128] + m01s16i162[lbproc=128] + m01s16i182[lbproc=128]) / ATMOS_TIMESTEP,HadGEM3_mappings.cfg
m01s04i182,4,182,128,,,,tnhusscpbl,CFmon,False,9,s-1,ok,(m01s01i182[lbproc=128] + m01s02i182[lbproc=128] + m01s03i182[lbproc=128] + m01s04i142[lbproc=128] + m01s04i182[lbproc=128] + m01s05i182[lbproc=128] - m01s05i162[lbproc=128] + m01s16i162[lbproc=128] + m01s16i182[lbproc=128]) / ATMOS_TIMESTEP,HadGEM3_mappings.cfg
m01s05i182,5,182,128,,,,tnhusscpbl,CFmon,False,9,s-1,ok,(m01s01i182[lbproc=128] + m01s02i182[lbproc=128] + m01s03i182[lbproc=128] + m01s04i142[lbproc=128] + m01s04i182[lbproc=128] + m01s05i182[lbproc=128] - m01s05i162[lbproc=128] + m01s16i162[lbproc=128] + m01s16i182[lbproc=128]) / ATMOS_TIMESTEP,HadGEM3_mappings.cfg
m01s05i162,5,162,128,,,,tnhusscpbl,CFmon,False,9,s-1,ok,(m01s01i182[lbproc=128] + m01s02i182[lbproc=128] + m01s03i182[lbproc=128] + m01s04i142[lbproc=128] + m01s04i182[lbproc=128] + m01s05i182[lbproc=128] - m01s05i162[lbproc=128] + m01s16i162[lbproc=128] + m01s16i182[lbproc=128]) / ATMOS_TIMESTEP,HadGEM3_mappings.cfg
m01s16i162,16,162,128,,,,tnhusscpbl,CFmon,False,9,s-1,ok,(m01s01i182[lbproc=128] + m01s02i182[lbproc=128] + m01s03i182[lbproc=128] + m01s04i142[lbproc=128] + m01s04i182[lbproc=128] + m01s05i182[lbproc=128] - m01s05i162[lbproc=128] + m01s16i162[lbproc=128] + m01s16i182[lbproc=128]) / ATMOS_TIMESTEP,HadGEM3_mappings.cfg
m01s16i182,16,182,128,,,,tnhusscpbl,CFmon,False,9,s-1,ok,(m01s01i182[lbproc=128] + m01s02i182[lbproc=128] + m01s03i182[lbproc=128] + m01s04i142[lbproc=128] + m01s04i182[lbproc=128] + m01s05i182[lbproc=128] - m01s05i162[lbproc=128] + m01s16i162[lbproc=128] + m01s16i182[lbproc=128]) / ATMOS_TIMESTEP,HadGEM3_mappings.cfg
m01s01i182,1,182,128,,,,tnhusscpbl,APmonLev,False,9,s-1,ok,(m01s01i182[lbproc=128] + m01s02i182[lbproc=128] + m01s03i182[lbproc=128] + m01s04i142[lbproc=128] + m01s04i182[lbproc=128] + m01s05i182[lbproc=128] - m01s05i162[lbproc=128] + m01s16i162[lbproc=128] + m01s16i182[lbproc=128]) / ATMOS_TIMESTEP,HadGEM3_mappings.cfg
m01s02i182,2,182,128,,,,tnhusscpbl,APmonLev,False,9,s-1,ok,(m01s01i182[lbproc=128] + m01s02i182[lbproc=128] + m01s03i182[lbproc=128] + m01s04i142[lbproc=128] + m01s04i182[lbproc=128] + m01s05i182[lbproc=128] - m01s05i162[lbproc=128] + m01s16i162[lbproc=128] + m01s16i182[lbproc=128]) / ATMOS_TIMESTEP,HadGEM3_mappings.cfg
m01s03i182,3,182,128,,,,tnhusscpbl,APmonLev,False,9,s-1,ok,(m01s01i182[lbproc=128] + m01s02i182[lbproc=128] + m01s03i182[lbproc=128] + m01s04i142[lbproc=128] + m01s04i182[lbproc=128] + m01s05i182[lbproc=128] - m01s05i162[lbproc=128] + m01s16i162[lbproc=128] + m01s16i182[lbproc=128]) / ATMOS_TIMESTEP,HadGEM3_mappings.cfg
m01s04i142,4,142,128,,,,tnhusscpbl,APmonLev,False,9,s-1,ok,(m01s01i182[lbproc=128] + m01s02i182[lbproc=128] + m01s03i182[lbproc=128] + m01s04i142[lbproc=128] + m01s04i182[lbproc=128] + m01s05i182[lbproc=128] - m01s05i162[lbproc=128] + m01s16i162[lbproc=128] + m01s16i182[lbproc=128]) / ATMOS_TIMESTEP,HadGEM3_mappings.cfg
m01s04i182,4,182,128,,,,tnhusscpbl,APmonLev,False,9,s-1,ok,(m01s01i182[lbproc=128] + m01s02i182[lbproc=128] + m01s03i182[lbproc=128] + m01s04i142[lbproc=128] + m01s04i182[lbproc=128] + m01s05i182[lbproc=128] - m01s05i162[lbproc=128] + m01s16i162[lbproc=128] + m01s16i182[lbproc=128]) / ATMOS_TIMESTEP,HadGEM3_mappings.cfg
m01s05i182,5,182,128,,,,tnhusscpbl,APmonLev,False,9,s-1,ok,(m01s01i182[lbproc=128] + m01s02i182[lbproc=128] + m01s03i182[lbproc=128] + m01s04i142[lbproc=128] + m01s04i182[lbproc=128] + m01s05i182[lbproc=128] - m01s05i162[lbproc=128] + m01s16i162[lbproc=128] + m01s16i182[lbproc=128]) / ATMOS_TIMESTEP,HadGEM3_mappings.cfg
m01s05i162,5,162,128,,,,tnhusscpbl,APmonLev,False,9,s-1,ok,(m01s01i182[lbproc=128] + m01s02i182[lbproc=128] + m01s03i182[lbproc=128] + m01s04i142[lbproc=128] + m01s04i182[lbproc=128] + m01s05i182[lbproc=128] - m01s05i162[lbproc=128] + m01s16i162[lbproc=128] + m01s16i182[lbproc=128]) / ATMOS_TIMESTEP,HadGEM3_mappings.cfg
m01s16i162,16,162,128,,,,tnhusscpbl,APmonLev,False,9,s-1,ok,(m01s01i182[lbproc=128] + m01s02i182[lbproc=128] + m01s03i182[lbproc=128] + m01s04i142[lbproc=128] + m01s04i182[lbproc=128] + m01s05i182[lbproc=128] - m01s05i162[lbproc=128] + m01s16i162[lbproc=128] + m01s16i182[lbproc=128]) / ATMOS_TIMESTEP,HadGEM3_mappings.cfg
m01s16i182,16,182,128,,,,tnhusscpbl,APmonLev,False,9,s-1,ok,(m01s01i182[lbproc=128] + m01s02i182[lbproc=128] + m01s03i182[lbproc=128] + m01s04i142[lbproc=128] + m01s04i182[lbproc=128] + m01s05i182[lbproc=128] - m01s05i162[lbproc=128] + m01s16i162[lbproc=128] + m01s16i182[lbproc=128]) / ATMOS_TIMESTEP,HadGEM3_mappings.cfg
m01s30i181,30,181,128,,,,tnt,CFmon,True,1,K s-1,ok,m01s30i181[lbproc=128] / ATMOS_TIMESTEP,HadGEM3_mappings.cfg
m01s30i181,30,181,128,,,,tnt,APmonLev,True,1,K s-1,ok,m01s30i181[lbproc=128] / ATMOS_TIMESTEP,HadGEM3_mappings.cfg
m01s10i181,10,181,128,,,,tnta,CFmon,False,3,K s-1,ok,(m01s10i181[lbproc=128] + m01s12i181[lbproc=128] + m01s12i381[lbproc=128]) / ATMOS_TIMESTEP,HadGEM3_mappings.cfg
m01s12i181,12,181,128,,,,tnta,CFmon,False,3,K s-1,ok,(m01s10i181[lbproc=128] + m01s12i181[lbproc=128] + m01s12i381[lbproc=128]) / ATMOS_TIMESTEP,HadGEM3_mappings.cfg
m01s12i381,12,381,128,,,,tnta,CFmon,False,3,K s-1,ok,(m01s10i181[lbproc=128] + m01s12i181[lbproc=128] + m01s12i381[lbproc=128]) / ATMOS_TIMESTEP,HadGEM3_mappings.cfg
m01s10i181,10,181,128,,,,tnta,APmonLev,False,3,K s-1,ok,(m01s10i181[lbproc=128] + m01s12i181[lbproc=128] + m01s12i381[lbproc=128]) / ATMOS_TIMESTEP,HadGEM3_mappings.cfg
m01s12i181,12,181,128,,,,tnta,APmonLev,False,3,K s-1,ok,(m01s10i181[lbproc=128] + m01s12i181[lbproc=128] + m01s12i381[lbproc=128]) / ATMOS_TIMESTEP,HadGEM3_mappings.cfg
m01s12i381,12,381,128,,,,tnta,APmonLev,False,3,K s-1,ok,(m01s10i181[lbproc=128] + m01s12i181[lbproc=128] + m01s12i381[lbproc=128]) / ATMOS_TIMESTEP,HadGEM3_mappings.cfg
m01s05i161,5,161,128,,,,tntc,CFmon,True,1,K s-1,ok,m01s05i161[lbproc=128] / ATMOS_TIMESTEP,HadGEM3_mappings.cfg
m01s05i161,5,161,128,,,,tntc,APmonLev,True,1,K s-1,ok,m01s05i161[lbproc=128] / ATMOS_TIMESTEP,HadGEM3_mappings.cfg
m01s14i181,14,181,128,,,,tntmp,CFmon,False,11,K s-1,ok,(m01s14i181[lbproc=128] + m01s01i181[lbproc=128] + m01s02i181[lbproc=128] + m01s03i181[lbproc=128] + m01s04i141[lbproc=128] + m01s04i181[lbproc=128] + m01s05i181[lbproc=128] + m01s06i181[lbproc=128] + m01s16i161[lbproc=128] + m01s16i181[lbproc=128] + m01s35i029[lbproc=128]) / ATMOS_TIMESTEP,HadGEM3_mappings.cfg
m01s01i181,1,181,128,,,,tntmp,CFmon,False,11,K s-1,ok,(m01s14i181[lbproc=128] + m01s01i181[lbproc=128] + m01s02i181[lbproc=128] + m01s03i181[lbproc=128] + m01s04i141[lbproc=128] + m01s04i181[lbproc=128] + m01s05i181[lbproc=128] + m01s06i181[lbproc=128] + m01s16i161[lbproc=128] + m01s16i181[lbproc=128] + m01s35i029[lbproc=128]) / ATMOS_TIMESTEP,HadGEM3_mappings.cfg
m01s02i181,2,181,128,,,,tntmp,CFmon,False,11,K s-1,ok,(m01s14i181[lbproc=128] + m01s01i181[lbproc=128] + m01s02i181[lbproc=128] + m01s03i181[lbproc=128] + m01s04i141[lbproc=128] + m01s04i181[lbproc=128] + m01s05i181[lbproc=128] + m01s06i181[lbproc=128] + m01s16i161[lbproc=128] + m01s16i181[lbproc=128] + m01s35i029[lbproc=128]) / ATMOS_TIMESTEP,HadGEM3_mappings.cfg
m01s03i181,3,181,128,,,,tntmp,CFmon,False,11,K s-1,ok,(m01s14i181[lbproc=128] + m01s01i181[lbproc=128] + m01s02i181[lbproc=128] + m01s03i181[lbproc=128] + m01s04i141[lbproc=128] + m01s04i181[lbproc=128] + m01s05i181[lbproc=128] + m01s06i181[lbproc=128] + m01s16i161[lbproc=128] + m01s16i181[lbproc=128] + m01s35i029[lbproc=128]) / ATMOS_TIMESTEP,HadGEM3_mappings.cfg
m01s04i141,4,141,128,,,,tntmp,CFmon,False,11,K s-1,ok,(m01s14i181[lbproc=128] + m01s01i181[lbproc=128] + m01s02i181[lbproc=128] + m01s03i181[lbproc=128] + m01s04i141[lbproc=128] + m01s04i181[lbproc=128] + m01s05i181[lbproc=128] + m01s06i181[lbproc=128] + m01s16i161[lbproc=128] + m01s16i181[lbproc=128] + m01s35i029[lbproc=128]) / ATMOS_TIMESTEP,HadGEM3_mappings.cfg
m01s04i181,4,181,128,,,,tntmp,CFmon,False,11,K s-1,ok,(m01s14i181[lbproc=128] + m01s01i181[lbproc=128] + m01s02i181[lbproc=128] + m01s03i181[lbproc=128] + m01s04i141[lbproc=128] + m01s04i181[lbproc=128] + m01s05i181[lbproc=128] + m01s06i181[lbproc=128] + m01s16i161[lbproc=128] + m01s16i181[lbproc=128] + m01s35i029[lbproc=128]) / ATMOS_TIMESTEP,HadGEM3_mappings.cfg
m01s05i181,5,181,128,,,,tntmp,CFmon,False,11,K s-1,ok,(m01s14i181[lbproc=128] + m01s01i181[lbproc=128] + m01s02i181[lbproc=128] + m01s03i181[lbproc=128] + m01s04i141[lbproc=128] + m01s04i181[lbproc=128] + m01s05i181[lbproc=128] + m01s06i181[lbproc=128] + m01s16i161[lbproc=128] + m01s16i181[lbproc=128] + m01s35i029[lbproc=128]) / ATMOS_TIMESTEP,HadGEM3_mappings.cfg
m01s06i181,6,181,128,,,,tntmp,CFmon,False,11,K s-1,ok,(m01s14i181[lbproc=128] + m01s01i181[lbproc=128] + m01s02i181[lbproc=128] + m01s03i181[lbproc=128] + m01s04i141[lbproc=128] + m01s04i181[lbproc=128] + m01s05i181[lbproc=128] + m01s06i181[lbproc=128] + m01s16i161[lbproc=128] + m01s16i181[lbproc=128] + m01s35i029[lbproc=128]) / ATMOS_TIMESTEP,HadGEM3_mappings.cfg
m01s16i161,16,161,128,,,,tntmp,CFmon,False,11,K s-1,ok,(m01s14i181[lbproc=128] + m01s01i181[lbproc=128] + m01s02i181[lbproc=128] + m01s03i181[lbproc=128] + m01s04i141[lbproc=128] + m01s04i181[lbproc=128] + m01s05i181[lbproc=128] + m01s06i181[lbproc=128] + m01s16i161[lbproc=128] + m01s16i181[lbproc=128] + m01s35i029[lbproc=128]) / ATMOS_TIMESTEP,HadGEM3_mappings.cfg
m01s16i181,16,181,128,,,,tntmp,CFmon,False,11,K s-1,ok,(m01s14i181[lbproc=128] + m01s01i181[lbproc=128] + m01s02i181[lbproc=128] + m01s03i181[lbproc=128] + m01s04i141[lbproc=128] + m01s04i181[lbproc=128] + m01s05i181[lbproc=128] + m01s06i181[lbproc=128] + m01s16i161[lbproc=128] + m01s16i181[lbproc=128] + m01s35i029[lbproc=128]) / ATMOS_TIMESTEP,HadGEM3_mappings.cfg
m01s35i029,35,29,128,,,,tntmp,CFmon,False,11,K s-1,ok,(m01s14i181[lbproc=128] + m01s01i181[lbproc=128] + m01s02i181[lbproc=128] + m01s03i181[lbproc=128] + m01s04i141[lbproc=128] + m01s04i181[lbproc=128] + m01s05i181[lbproc=128] + m01s06i181[lbproc=128] + m01s16i161[lbproc=128] + m01s16i181[lbproc=128] + m01s35i029[lbproc=128]) / ATMOS_TIMESTEP,HadGEM3_mappings.cfg
m01s14i181,14,181,128,,,,tntmp,APmonLev,False,11,K s-1,ok,(m01s14i181[lbproc=128] + m01s01i181[lbproc=128] + m01s02i181[lbproc=128] + m01s03i181[lbproc=128] + m01s04i141[lbproc=128] + m01s04i181[lbproc=128] + m01s05i181[lbproc=128] + m01s06i181[lbproc=128] + m01s16i161[lbproc=128] + m01s16i181[lbproc=128] + m01s35i029[lbproc=128]) / ATMOS_TIMESTEP,HadGEM3_mappings.cfg
m01s01i181,1,181,128,,,,tntmp,APmonLev,False,11,K s-1,ok,(m01s14i181[lbproc=128] + m01s01i181[lbproc=128] + m01s02i181[lbproc=128] + m01s03i181[lbproc=128] + m01s04i141[lbproc=128] + m01s04i181[lbproc=128] + m01s05i181[lbproc=128] + m01s06i181[lbproc=128] + m01s16i161[lbproc=128] + m01s16i181[lbproc=128] + m01s35i029[lbproc=128]) / ATMOS_TIMESTEP,HadGEM3_mappings.cfg
m01s02i181,2,181,128,,,,tntmp,APmonLev,False,11,K s-1,ok,(m01s14i181[lbproc=128] + m01s01i181[lbproc=128] + m01s02i181[lbproc=128] + m01s03i181[lbproc=128] + m01s04i141[lbproc=128] + m01s04i181[lbproc=128] + m01s05i181[lbproc=128] + m01s06i181[lbproc=128] + m01s16i161[lbproc=128] + m01s16i181[lbproc=128] + m01s35i029[lbproc=128]) / ATMOS_TIMESTEP,HadGEM3_mappings.cfg
m01s03i181,3,181,128,,,,tntmp,APmonLev,False,11,K s-1,ok,(m01s14i181[lbproc=128] + m01s01i181[lbproc=128] + m01s02i181[lbproc=128] + m01s03i181[lbproc=128] + m01s04i141[lbproc=128] + m01s04i181[lbproc=128] + m01s05i181[lbproc=128] + m01s06i181[lbproc=128] + m01s16i161[lbproc=128] + m01s16i181[lbproc=128] + m01s35i029[lbproc=128]) / ATMOS_TIMESTEP,HadGEM3_mappings.cfg
m01s04i141,4,141,128,,,,tntmp,APmonLev,False,11,K s-1,ok,(m01s14i181[lbproc=128] + m01s01i181[lbproc=128] + m01s02i181[lbproc=128] + m01s03i181[lbproc=128] + m01s04i141[lbproc=128] + m01s04i181[lbproc=128] + m01s05i181[lbproc=128] + m01s06i181[lbproc=128] + m01s16i161[lbproc=128] + m01s16i181[lbproc=128] + m01s35i029[lbproc=128]) / ATMOS_TIMESTEP,HadGEM3_mappings.cfg
m01s04i181,4,181,128,,,,tntmp,APmonLev,False,11,K s-1,ok,(m01s14i181[lbproc=128] + m01s01i181[lbproc=128] + m01s02i181[lbproc=128] + m01s03i181[lbproc=128] + m01s04i141[lbproc=128] + m01s04i181[lbproc=128] + m01s05i181[lbproc=128] + m01s06i181[lbproc=128] + m01s16i161[lbproc=128] + m01s16i181[lbproc=128] + m01s35i029[lbproc=128]) / ATMOS_TIMESTEP,HadGEM3_mappings.cfg
m01s05i181,5,181,128,,,,tntmp,APmonLev,False,11,K s-1,ok,(m01s14i181[lbproc=128] + m01s01i181[lbproc=128] + m01s02i181[lbproc=128] + m01s03i181[lbproc=128] + m01s04i141[lbproc=128] + m01s04i181[lbproc=128] + m01s05i181[lbproc=128] + m01s06i181[lbproc=128] + m01s16i161[lbproc=128] + m01s16i181[lbproc=128] + m01s35i029[lbproc=128]) / ATMOS_TIMESTEP,HadGEM3_mappings.cfg
m01s06i181,6,181,128,,,,tntmp,APmonLev,False,11,K s-1,ok,(m01s14i181[lbproc=128] + m01s01i181[lbproc=128] + m01s02i181[lbproc=128] + m01s03i181[lbproc=128] + m01s04i141[lbproc=128] + m01s04i181[lbproc=128] + m01s05i181[lbproc=128] + m01s06i181[lbproc=128] + m01s16i161[lbproc=128] + m01s16i181[lbproc=128] + m01s35i029[lbproc=128]) / ATMOS_TIMESTEP,HadGEM3_mappings.cfg
m01s16i161,16,161,128,,,,tntmp,APmonLev,False,11,K s-1,ok,(m01s14i181[lbproc=128] + m01s01i181[lbproc=128] + m01s02i181[lbproc=128] + m01s03i181[lbproc=128] + m01s04i141[lbproc=128] + m01s04i181[lbproc=128] + m01s05i181[lbproc=128] + m01s06i181[lbproc=128] + m01s16i161[lbproc=128] + m01s16i181[lbproc=128] + m01s35i029[lbproc=128]) / ATMOS_TIMESTEP,HadGEM3_mappings.cfg
m01s16i181,16,181,128,,,,tntmp,APmonLev,False,11,K s-1,ok,(m01s14i181[lbproc=128] + m01s01i181[lbproc=128] + m01s02i181[lbproc=128] + m01s03i181[lbproc=128] + m01s04i141[lbproc=128] + m01s04i181[lbproc=128] + m01s05i181[lbproc=128] + m01s06i181[lbproc=128] + m01s16i161[lbproc=128] + m01s16i181[lbproc=128] + m01s35i029[lbproc=128]) / ATMOS_TIMESTEP,HadGEM3_mappings.cfg
m01s35i029,35,29,128,,,,tntmp,APmonLev,False,11,K s-1,ok,(m01s14i181[lbproc=128] + m01s01i181[lbproc=128] + m01s02i181[lbproc=128] + m01s03i181[lbproc=128] + m01s04i141[lbproc=128] + m01s04i181[lbproc=128] + m01s05i181[lbproc=128] + m01s06i181[lbproc=128] + m01s16i161[lbproc=128] + m01s16i181[lbproc=128] + m01s35i029[lbproc=128]) / ATMOS_TIMESTEP,HadGEM3_mappings.cfg
m01s03i189,3,189,128,,,,tntpbl,Emon,True,1,K s-1,ok,m01s03i189[lbproc=128] / ATMOS_TIMESTEP,HadGEM3_mappings.cfg
m01s03i189,3,189,128,,,,tntpbl,APmonLev,True,1,K s-1,ok,m01s03i189[lbproc=128] / ATMOS_TIMESTEP,HadGEM3_mappings.cfg
m01s01i161,1,161,128,,,,tntr,CFmon,False,2,K s-1,ok,(m01s01i161[lbproc=128] + m01s02i161[lbproc=128]) / ATMOS_TIMESTEP,HadGEM3_mappings.cfg
m01s02i161,2,161,128,,,,tntr,CFmon,False,2,K s-1,ok,(m01s01i161[lbproc=128] + m01s02i161[lbproc=128]) / ATMOS_TIMESTEP,HadGEM3_mappings.cfg
m01s01i161,1,161,128,,,,tntr,APmonLev,False,2,K s-1,ok,(m01s01i161[lbproc=128] + m01s02i161[lbproc=128]) / ATMOS_TIMESTEP,HadGEM3_mappings.cfg
m01s02i161,2,161,128,,,,tntr,APmonLev,False,2,K s-1,ok,(m01s01i161[lbproc=128] + m01s02i161[lbproc=128]) / ATMOS_TIMESTEP,HadGEM3_mappings.cfg
m01s02i161,2,161,128,,,,tntrl,AERmon,True,1,K s-1,ok,m01s02i161[lbproc=128] / ATMOS_TIMESTEP,HadGEM3_mappings.cfg
m01s02i161,2,161,128,,,,tntrl,AEmonLev,True,1,K s-1,ok,m01s02i161[lbproc=128] / ATMOS_TIMESTEP,HadGEM3_mappings.cfg
m01s02i233,2,233,128,,,,tntrlcs,Emon,True,1,K s-1,ok,m01s02i233[lbproc=128],HadGEM3_mappings.cfg
m01s02i233,2,233,128,,,,tntrlcs,APmonLev,True,1,K s-1,ok,m01s02i233[lbproc=128],HadGEM3_mappings.cfg
m01s01i161,1,161,128,,,,tntrs,AERmon,True,1,K s-1,ok,m01s01i161[lbproc=128] / ATMOS_TIMESTEP,HadGEM3_mappings.cfg
m01s01i161,1,161,128,,,,tntrs,AEmonLev,True,1,K s-1,ok,m01s01i161[lbproc=128] / ATMOS_TIMESTEP,HadGEM3_mappings.cfg
m01s01i233,1,233,128,,,,tntrscs,Emon,True,1,K s-1,ok,m01s01i233[lbproc=128],HadGEM3_mappings.cfg
m01s01i233,1,233,128,,,,tntrscs,APmonLev,True,1,K s-1,ok,m01s01i233[lbproc=128],HadGEM3_mappings.cfg
m01s03i181,3,181,128,,,,tntscp,Emon,False,12,K s-1,ok,(m01s03i181[lbproc=128] - m01s03i189[lbproc=128] + m01s04i141[lbproc=128] + m01s04i181[lbproc=128] + m01s16i161[lbproc=128] + m01s16i181[lbproc=128] + m01s01i181[lbproc=128] - m01s01i161[lbproc=128] + m01s02i181[lbproc=128] - m01s02i161[lbproc=128] + m01s05i181[lbproc=128] - m01s05i161[lbproc=128]) / ATMOS_TIMESTEP,HadGEM3_mappings.cfg
m01s03i189,3,189,128,,,,tntscp,Emon,False,12,K s-1,ok,(m01s03i181[lbproc=128] - m01s03i189[lbproc=128] + m01s04i141[lbproc=128] + m01s04i181[lbproc=128] + m01s16i161[lbproc=128] + m01s16i181[lbproc=128] + m01s01i181[lbproc=128] - m01s01i161[lbproc=128] + m01s02i181[lbproc=128] - m01s02i161[lbproc=128] + m01s05i181[lbproc=128] - m01s05i161[lbproc=128]) / ATMOS_TIMESTEP,HadGEM3_mappings.cfg
m01s04i141,4,141,128,,,,tntscp,Emon,False,12,K s-1,ok,(m01s03i181[lbproc=128] - m01s03i189[lbproc=128] + m01s04i141[lbproc=128] + m01s04i181[lbproc=128] + m01s16i161[lbproc=128] + m01s16i181[lbproc=128] + m01s01i181[lbproc=128] - m01s01i161[lbproc=128] + m01s02i181[lbproc=128] - m01s02i161[lbproc=128] + m01s05i181[lbproc=128] - m01s05i161[lbproc=128]) / ATMOS_TIMESTEP,HadGEM3_mappings.cfg
m01s04i181,4,181,128,,,,tntscp,Emon,False,12,K s-1,ok,(m01s03i181[lbproc=128] - m01s03i189[lbproc=128] + m01s04i141[lbproc=128] + m01s04i181[lbproc=128] + m01s16i161[lbproc=128] + m01s16i181[lbproc=128] + m01s01i181[lbproc=128] - m01s01i161[lbproc=128] + m01s02i181[lbproc=128] - m01s02i161[lbproc=128] + m01s05i181[lbproc=128] - m01s05i161[lbproc=128]) / ATMOS_TIMESTEP,HadGEM3_mappings.cfg
m01s16i161,16,161,128,,,,tntscp,Emon,False,12,K s-1,ok,(m01s03i181[lbproc=128] - m01s03i189[lbproc=128] + m01s04i141[lbproc=128] + m01s04i181[lbproc=128] + m01s16i161[lbproc=128] + m01s16i181[lbproc=128] + m01s01i181[lbproc=128] - m01s01i161[lbproc=128] + m01s02i181[lbproc=128] - m01s02i161[lbproc=128] + m01s05i181[lbproc=128] - m01s05i161[lbproc=128]) / ATMOS_TIMESTEP,HadGEM3_mappings.cfg
m01s16i181,16,181,128,,,,tntscp,Emon,False,12,K s-1,ok,(m01s03i181[lbproc=128] - m01s03i189[lbproc=128] + m01s04i141[lbproc=128] + m01s04i181[lbproc=128] + m01s16i161[lbproc=128] + m01s16i181[lbproc=128] + m01s01i181[lbproc=128] - m01s01i161[lbproc=128] + m01s02i181[lbproc=128] - m01s02i161[lbproc=128] + m01s05i181[lbproc=128] - m01s05i161[lbproc=128]) / ATMOS_TIMESTEP,HadGEM3_mappings.cfg
m01s01i181,1,181,128,,,,tntscp,Emon,False,12,K s-1,ok,(m01s03i181[lbproc=128] - m01s03i189[lbproc=128] + m01s04i141[lbproc=128] + m01s04i181[lbproc=128] + m01s16i161[lbproc=128] + m01s16i181[lbproc=128] + m01s01i181[lbproc=128] - m01s01i161[lbproc=128] + m01s02i181[lbproc=128] - m01s02i161[lbproc=128] + m01s05i181[lbproc=128] - m01s05i161[lbproc=128]) / ATMOS_TIMESTEP,HadGEM3_mappings.cfg
m01s01i161,1,161,128,,,,tntscp,Emon,False,12,K s-1,ok,(m01s03i181[lbproc=128] - m01s03i189[lbproc=128] + m01s04i141[lbproc=128] + m01s04i181[lbproc=128] + m01s16i161[lbproc=128] + m01s16i181[lbproc=128] + m01s01i181[lbproc=128] - m01s01i161[lbproc=128] + m01s02i181[lbproc=128] - m01s02i161[lbproc=128] + m01s05i181[lbproc=128] - m01s05i161[lbproc=128]) / ATMOS_TIMESTEP,HadGEM3_mappings.cfg
m01s02i181,2,181,128,,,,tntscp,Emon,False,12,K s-1,ok,(m01s03i181[lbproc=128] - m01s03i189[lbproc=128] + m01s04i141[lbproc=128] + m01s04i181[lbproc=128] + m01s16i161[lbproc=128] + m01s16i181[lbproc=128] + m01s01i181[lbproc=128] - m01s01i161[lbproc=128] + m01s02i181[lbproc=128] - m01s02i161[lbproc=128] + m01s05i181[lbproc=128] - m01s05i161[lbproc=128]) / ATMOS_TIMESTEP,HadGEM3_mappings.cfg
m01s02i161,2,161,128,,,,tntscp,Emon,False,12,K s-1,ok,(m01s03i181[lbproc=128] - m01s03i189[lbproc=128] + m01s04i141[lbproc=128] + m01s04i181[lbproc=128] + m01s16i161[lbproc=128] + m01s16i181[lbproc=128] + m01s01i181[lbproc=128] - m01s01i161[lbproc=128] + m01s02i181[lbproc=128] - m01s02i161[lbproc=128] + m01s05i181[lbproc=128] - m01s05i161[lbproc=128]) / ATMOS_TIMESTEP,HadGEM3_mappings.cfg
m01s05i181,5,181,128,,,,tntscp,Emon,False,12,K s-1,ok,(m01s03i181[lbproc=128] - m01s03i189[lbproc=128] + m01s04i141[lbproc=128] + m01s04i181[lbproc=128] + m01s16i161[lbproc=128] + m01s16i181[lbproc=128] + m01s01i181[lbproc=128] - m01s01i161[lbproc=128] + m01s02i181[lbproc=128] - m01s02i161[lbproc=128] + m01s05i181[lbproc=128] - m01s05i161[lbproc=128]) / ATMOS_TIMESTEP,HadGEM3_mappings.cfg
m01s05i161,5,161,128,,,,tntscp,Emon,False,12,K s-1,ok,(m01s03i181[lbproc=128] - m01s03i189[lbproc=128] + m01s04i141[lbproc=128] + m01s04i181[lbproc=128] + m01s16i161[lbproc=128] + m01s16i181[lbproc=128] + m01s01i181[lbproc=128] - m01s01i161[lbproc=128] + m01s02i181[lbproc=128] - m01s02i161[lbproc=128] + m01s05i181[lbproc=128] - m01s05i161[lbproc=128]) / ATMOS_TIMESTEP,HadGEM3_mappings.cfg
m01s03i181,3,181,128,,,,tntscp,APmonLev,False,12,K s-1,ok,(m01s03i181[lbproc=128] - m01s03i189[lbproc=128] + m01s04i141[lbproc=128] + m01s04i181[lbproc=128] + m01s16i161[lbproc=128] + m01s16i181[lbproc=128] + m01s01i181[lbproc=128] - m01s01i161[lbproc=128] + m01s02i181[lbproc=128] - m01s02i161[lbproc=128] + m01s05i181[lbproc=128] - m01s05i161[lbproc=128]) / ATMOS_TIMESTEP,HadGEM3_mappings.cfg
m01s03i189,3,189,128,,,,tntscp,APmonLev,False,12,K s-1,ok,(m01s03i181[lbproc=128] - m01s03i189[lbproc=128] + m01s04i141[lbproc=128] + m01s04i181[lbproc=128] + m01s16i161[lbproc=128] + m01s16i181[lbproc=128] + m01s01i181[lbproc=128] - m01s01i161[lbproc=128] + m01s02i181[lbproc=128] - m01s02i161[lbproc=128] + m01s05i181[lbproc=128] - m01s05i161[lbproc=128]) / ATMOS_TIMESTEP,HadGEM3_mappings.cfg
m01s04i141,4,141,128,,,,tntscp,APmonLev,False,12,K s-1,ok,(m01s03i181[lbproc=128] - m01s03i189[lbproc=128] + m01s04i141[lbproc=128] + m01s04i181[lbproc=128] + m01s16i161[lbproc=128] + m01s16i181[lbproc=128] + m01s01i181[lbproc=128] - m01s01i161[lbproc=128] + m01s02i181[lbproc=128] - m01s02i161[lbproc=128] + m01s05i181[lbproc=128] - m01s05i161[lbproc=128]) / ATMOS_TIMESTEP,HadGEM3_mappings.cfg
m01s04i181,4,181,128,,,,tntscp,APmonLev,False,12,K s-1,ok,(m01s03i181[lbproc=128] - m01s03i189[lbproc=128] + m01s04i141[lbproc=128] + m01s04i181[lbproc=128] + m01s16i161[lbproc=128] + m01s16i181[lbproc=128] + m01s01i181[lbproc=128] - m01s01i161[lbproc=128] + m01s02i181[lbproc=128] - m01s02i161[lbproc=128] + m01s05i181[lbproc=128] - m01s05i161[lbproc=128]) / ATMOS_TIMESTEP,HadGEM3_mappings.cfg
m01s16i161,16,161,128,,,,tntscp,APmonLev,False,12,K s-1,ok,(m01s03i181[lbproc=128] - m01s03i189[lbproc=128] + m01s04i141[lbproc=128] + m01s04i181[lbproc=128] + m01s16i161[lbproc=128] + m01s16i181[lbproc=128] + m01s01i181[lbproc=128] - m01s01i161[lbproc=128] + m01s02i181[lbproc=128] - m01s02i161[lbproc=128] + m01s05i181[lbproc=128] - m01s05i161[lbproc=128]) / ATMOS_TIMESTEP,HadGEM3_mappings.cfg
m01s16i181,16,181,128,,,,tntscp,APmonLev,False,12,K s-1,ok,(m01s03i181[lbproc=128] - m01s03i189[lbproc=128] + m01s04i141[lbproc=128] + m01s04i181[lbproc=128] + m01s16i161[lbproc=128] + m01s16i181[lbproc=128] + m01s01i181[lbproc=128] - m01s01i161[lbproc=128] + m01s02i181[lbproc=128] - m01s02i161[lbproc=128] + m01s05i181[lbproc=128] - m01s05i161[lbproc=128]) / ATMOS_TIMESTEP,HadGEM3_mappings.cfg
m01s01i181,1,181,128,,,,tntscp,APmonLev,False,12,K s-1,ok,(m01s03i181[lbproc=128] - m01s03i189[lbproc=128] + m01s04i141[lbproc=128] + m01s04i181[lbproc=128] + m01s16i161[lbproc=128] + m01s16i181[lbproc=128] + m01s01i181[lbproc=128] - m01s01i161[lbproc=128] + m01s02i181[lbproc=128] - m01s02i161[lbproc=128] + m01s05i181[lbproc=128] - m01s05i161[lbproc=128]) / ATMOS_TIMESTEP,HadGEM3_mappings.cfg
m01s01i161,1,161,128,,,,tntscp,APmonLev,False,12,K s-1,ok,(m01s03i181[lbproc=128] - m01s03i189[lbproc=128] + m01s04i141[lbproc=128] + m01s04i181[lbproc=128] + m01s16i161[lbproc=128] + m01s16i181[lbproc=128] + m01s01i181[lbproc=128] - m01s01i161[lbproc=128] + m01s02i181[lbproc=128] - m01s02i161[lbproc=128] + m01s05i181[lbproc=128] - m01s05i161[lbproc=128]) / ATMOS_TIMESTEP,HadGEM3_mappings.cfg
m01s02i181,2,181,128,,,,tntscp,APmonLev,False,12,K s-1,ok,(m01s03i181[lbproc=128] - m01s03i189[lbproc=128] + m01s04i141[lbproc=128] + m01s04i181[lbproc=128] + m01s16i161[lbproc=128] + m01s16i181[lbproc=128] + m01s01i181[lbproc=128] - m01s01i161[lbproc=128] + m01s02i181[lbproc=128] - m01s02i161[lbproc=128] + m01s05i181[lbproc=128] - m01s05i161[lbproc=128]) / ATMOS_TIMESTEP,HadGEM3_mappings.cfg
m01s02i161,2,161,128,,,,tntscp,APmonLev,False,12,K s-1,ok,(m01s03i181[lbproc=128] - m01s03i189[lbproc=128] + m01s04i141[lbproc=128] + m01s04i181[lbproc=128] + m01s16i161[lbproc=128] + m01s16i181[lbproc=128] + m01s01i181[lbproc=128] - m01s01i161[lbproc=128] + m01s02i181[lbproc=128] - m01s02i161[lbproc=128] + m01s05i181[lbproc=128] - m01s05i161[lbproc=128]) / ATMOS_TIMESTEP,HadGEM3_mappings.cfg
m01s05i181,5,181,128,,,,tntscp,APmonLev,False,12,K s-1,ok,(m01s03i181[lbproc=128] - m01s03i189[lbproc=128] + m01s04i141[lbproc=128] + m01s04i181[lbproc=128] + m01s16i161[lbproc=128] + m01s16i181[lbproc=128] + m01s01i181[lbproc=128] - m01s01i161[lbproc=128] + m01s02i181[lbproc=128] - m01s02i161[lbproc=128] + m01s05i181[lbproc=128] - m01s05i161[lbproc=128]) / ATMOS_TIMESTEP,HadGEM3_mappings.cfg
m01s05i161,5,161,128,,,,tntscp,APmonLev,False,12,K s-1,ok,(m01s03i181[lbproc=128] - m01s03i189[lbproc=128] + m01s04i141[lbproc=128] + m01s04i181[lbproc=128] + m01s16i161[lbproc=128] + m01s16i181[lbproc=128] + m01s01i181[lbproc=128] - m01s01i161[lbproc=128] + m01s02i181[lbproc=128] - m01s02i161[lbproc=128] + m01s05i181[lbproc=128] - m01s05i161[lbproc=128]) / ATMOS_TIMESTEP,HadGEM3_mappings.cfg
m01s03i181,3,181,128,,,,tntscpbl,CFmon,False,11,K s-1,ok,(m01s03i181[lbproc=128] + m01s04i141[lbproc=128] + m01s04i181[lbproc=128] + m01s16i161[lbproc=128] + m01s16i181[lbproc=128] + m01s01i181[lbproc=128] - m01s01i161[lbproc=128] + m01s02i181[lbproc=128] - m01s02i161[lbproc=128] + m01s05i181[lbproc=128] - m01s05i161[lbproc=128]) / ATMOS_TIMESTEP,HadGEM3_mappings.cfg
m01s04i141,4,141,128,,,,tntscpbl,CFmon,False,11,K s-1,ok,(m01s03i181[lbproc=128] + m01s04i141[lbproc=128] + m01s04i181[lbproc=128] + m01s16i161[lbproc=128] + m01s16i181[lbproc=128] + m01s01i181[lbproc=128] - m01s01i161[lbproc=128] + m01s02i181[lbproc=128] - m01s02i161[lbproc=128] + m01s05i181[lbproc=128] - m01s05i161[lbproc=128]) / ATMOS_TIMESTEP,HadGEM3_mappings.cfg
m01s04i181,4,181,128,,,,tntscpbl,CFmon,False,11,K s-1,ok,(m01s03i181[lbproc=128] + m01s04i141[lbproc=128] + m01s04i181[lbproc=128] + m01s16i161[lbproc=128] + m01s16i181[lbproc=128] + m01s01i181[lbproc=128] - m01s01i161[lbproc=128] + m01s02i181[lbproc=128] - m01s02i161[lbproc=128] + m01s05i181[lbproc=128] - m01s05i161[lbproc=128]) / ATMOS_TIMESTEP,HadGEM3_mappings.cfg
m01s16i161,16,161,128,,,,tntscpbl,CFmon,False,11,K s-1,ok,(m01s03i181[lbproc=128] + m01s04i141[lbproc=128] + m01s04i181[lbproc=128] + m01s16i161[lbproc=128] + m01s16i181[lbproc=128] + m01s01i181[lbproc=128] - m01s01i161[lbproc=128] + m01s02i181[lbproc=128] - m01s02i161[lbproc=128] + m01s05i181[lbproc=128] - m01s05i161[lbproc=128]) / ATMOS_TIMESTEP,HadGEM3_mappings.cfg
m01s16i181,16,181,128,,,,tntscpbl,CFmon,False,11,K s-1,ok,(m01s03i181[lbproc=128] + m01s04i141[lbproc=128] + m01s04i181[lbproc=128] + m01s16i161[lbproc=128] + m01s16i181[lbproc=128] + m01s01i181[lbproc=128] - m01s01i161[lbproc=128] + m01s02i181[lbproc=128] - m01s02i161[lbproc=128] + m01s05i181[lbproc=128] - m01s05i161[lbproc=128]) / ATMOS_TIMESTEP,HadGEM3_mappings.cfg
m01s01i181,1,181,128,,,,tntscpbl,CFmon,False,11,K s-1,ok,(m01s03i181[lbproc=128] + m01s04i141[lbproc=128] + m01s04i181[lbproc=128] + m01s16i161[lbproc=128] + m01s16i181[lbproc=128] + m01s01i181[lbproc=128] - m01s01i161[lbproc=128] + m01s02i181[lbproc=128] - m01s02i161[lbproc=128] + m01s05i181[lbproc=128] - m01s05i161[lbproc=128]) / ATMOS_TIMESTEP,HadGEM3_mappings.cfg
m01s01i161,1,161,128,,,,tntscpbl,CFmon,False,11,K s-1,ok,(m01s03i181[lbproc=128] + m01s04i141[lbproc=128] + m01s04i181[lbproc=128] + m01s16i161[lbproc=128] + m01s16i181[lbproc=128] + m01s01i181[lbproc=128] - m01s01i161[lbproc=128] + m01s02i181[lbproc=128] - m01s02i161[lbproc=128] + m01s05i181[lbproc=128] - m01s05i161[lbproc=128]) / ATMOS_TIMESTEP,HadGEM3_mappings.cfg
m01s02i181,2,181,128,,,,tntscpbl,CFmon,False,11,K s-1,ok,(m01s03i181[lbproc=128] + m01s04i141[lbproc=128] + m01s04i181[lbproc=128] + m01s16i161[lbproc=128] + m01s16i181[lbproc=128] + m01s01i181[lbproc=128] - m01s01i161[lbproc=128] + m01s02i181[lbproc=128] - m01s02i161[lbproc=128] + m01s05i181[lbproc=128] - m01s05i161[lbproc=128]) / ATMOS_TIMESTEP,HadGEM3_mappings.cfg
m01s02i161,2,161,128,,,,tntscpbl,CFmon,False,11,K s-1,ok,(m01s03i181[lbproc=128] + m01s04i141[lbproc=128] + m01s04i181[lbproc=128] + m01s16i161[lbproc=128] + m01s16i181[lbproc=128] + m01s01i181[lbproc=128] - m01s01i161[lbproc=128] + m01s02i181[lbproc=128] - m01s02i161[lbproc=128] + m01s05i181[lbproc=128] - m01s05i161[lbproc=128]) / ATMOS_TIMESTEP,HadGEM3_mappings.cfg
m01s05i181,5,181,128,,,,tntscpbl,CFmon,False,11,K s-1,ok,(m01s03i181[lbproc=128] + m01s04i141[lbproc=128] + m01s04i181[lbproc=128] + m01s16i161[lbproc=128] + m01s16i181[lbproc=128] + m01s01i181[lbproc=128] - m01s01i161[lbproc=128] + m01s02i181[lbproc=128] - m01s02i161[lbproc=128] + m01s05i181[lbproc=128] - m01s05i161[lbproc=128]) / ATMOS_TIMESTEP,HadGEM3_mappings.cfg
m01s05i161,5,161,128,,,,tntscpbl,CFmon,False,11,K s-1,ok,(m01s03i181[lbproc=128] + m01s04i141[lbproc=128] + m01s04i181[lbproc=128] + m01s16i161[lbproc=128] + m01s16i181[lbproc=128] + m01s01i181[lbproc=128] - m01s01i161[lbproc=128] + m01s02i181[lbproc=128] - m01s02i161[lbproc=128] + m01s05i181[lbproc=128] - m01s05i161[lbproc=128]) / ATMOS_TIMESTEP,HadGEM3_mappings.cfg
m01s03i181,3,181,128,,,,tntscpbl,APmonLev,False,11,K s-1,ok,(m01s03i181[lbproc=128] + m01s04i141[lbproc=128] + m01s04i181[lbproc=128] + m01s16i161[lbproc=128] + m01s16i181[lbproc=128] + m01s01i181[lbproc=128] - m01s01i161[lbproc=128] + m01s02i181[lbproc=128] - m01s02i161[lbproc=128] + m01s05i181[lbproc=128] - m01s05i161[lbproc=128]) / ATMOS_TIMESTEP,HadGEM3_mappings.cfg
m01s04i141,4,141,128,,,,tntscpbl,APmonLev,False,11,K s-1,ok,(m01s03i181[lbproc=128] + m01s04i141[lbproc=128] + m01s04i181[lbproc=128] + m01s16i161[lbproc=128] + m01s16i181[lbproc=128] + m01s01i181[lbproc=128] - m01s01i161[lbproc=128] + m01s02i181[lbproc=128] - m01s02i161[lbproc=128] + m01s05i181[lbproc=128] - m01s05i161[lbproc=128]) / ATMOS_TIMESTEP,HadGEM3_mappings.cfg
m01s04i181,4,181,128,,,,tntscpbl,APmonLev,False,11,K s-1,ok,(m01s03i181[lbproc=128] + m01s04i141[lbproc=128] + m01s04i181[lbproc=128] + m01s16i161[lbproc=128] + m01s16i181[lbproc=128] + m01s01i181[lbproc=128] - m01s01i161[lbproc=128] + m01s02i181[lbproc=128] - m01s02i161[lbproc=128] + m01s05i181[lbproc=128] - m01s05i161[lbproc=128]) / ATMOS_TIMESTEP,HadGEM3_mappings.cfg
m01s16i161,16,161,128,,,,tntscpbl,APmonLev,False,11,K s-1,ok,(m01s03i181[lbproc=128] + m01s04i141[lbproc=128] + m01s04i181[lbproc=128] + m01s16i161[lbproc=128] + m01s16i181[lbproc=128] + m01s01i181[lbproc=128] - m01s01i161[lbproc=128] + m01s02i181[lbproc=128] - m01s02i161[lbproc=128] + m01s05i181[lbproc=128] - m01s05i161[lbproc=128]) / ATMOS_TIMESTEP,HadGEM3_mappings.cfg
m01s16i181,16,181,128,,,,tntscpbl,APmonLev,False,11,K s-1,ok,(m01s03i181[lbproc=128] + m01s04i141[lbproc=128] + m01s04i181[lbproc=128] + m01s16i161[lbproc=128] + m01s16i181[lbproc=128] + m01s01i181[lbproc=128] - m01s01i161[lbproc=128] + m01s02i181[lbproc=128] - m01s02i161[lbproc=128] + m01s05i181[lbproc=128] - m01s05i161[lbproc=128]) / ATMOS_TIMESTEP,HadGEM3_mappings.cfg
m01s01i181,1,181,128,,,,tntscpbl,APmonLev,False,11,K s-1,ok,(m01s03i181[lbproc=128] + m01s04i141[lbproc=128] + m01s04i181[lbproc=128] + m01s16i161[lbproc=128] + m01s16i181[lbproc=128] + m01s01i181[lbproc=128] - m01s01i161[lbproc=128] + m01s02i181[lbproc=128] - m01s02i161[lbproc=128] + m01s05i181[lbproc=128] - m01s05i161[lbproc=128]) / ATMOS_TIMESTEP,HadGEM3_mappings.cfg
m01s01i161,1,161,128,,,,tntscpbl,APmonLev,False,11,K s-1,ok,(m01s03i181[lbproc=128] + m01s04i141[lbproc=128] + m01s04i181[lbproc=128] + m01s16i161[lbproc=128] + m01s16i181[lbproc=128] + m01s01i181[lbproc=128] - m01s01i161[lbproc=128] + m01s02i181[lbproc=128] - m01s02i161[lbproc=128] + m01s05i181[lbproc=128] - m01s05i161[lbproc=128]) / ATMOS_TIMESTEP,HadGEM3_mappings.cfg
m01s02i181,2,181,128,,,,tntscpbl,APmonLev,False,11,K s-1,ok,(m01s03i181[lbproc=128] + m01s04i141[lbproc=128] + m01s04i181[lbproc=128] + m01s16i161[lbproc=128] + m01s16i181[lbproc=128] + m01s01i181[lbproc=128] - m01s01i161[lbproc=128] + m01s02i181[lbproc=128] - m01s02i161[lbproc=128] + m01s05i181[lbproc=128] - m01s05i161[lbproc=128]) / ATMOS_TIMESTEP,HadGEM3_mappings.cfg
m01s02i161,2,161,128,,,,tntscpbl,APmonLev,False,11,K s-1,ok,(m01s03i181[lbproc=128] + m01s04i141[lbproc=128] + m01s04i181[lbproc=128] + m01s16i161[lbproc=128] + m01s16i181[lbproc=128] + m01s01i181[lbproc=128] - m01s01i161[lbproc=128] + m01s02i181[lbproc=128] - m01s02i161[lbproc=128] + m01s05i181[lbproc=128] - m01s05i161[lbproc=128]) / ATMOS_TIMESTEP,HadGEM3_mappings.cfg
m01s05i181,5,181,128,,,,tntscpbl,APmonLev,False,11,K s-1,ok,(m01s03i181[lbproc=128] + m01s04i141[lbproc=128] + m01s04i181[lbproc=128] + m01s16i161[lbproc=128] + m01s16i181[lbproc=128] + m01s01i181[lbproc=128] - m01s01i161[lbproc=128] + m01s02i181[lbproc=128] - m01s02i161[lbproc=128] + m01s05i181[lbproc=128] - m01s05i161[lbproc=128]) / ATMOS_TIMESTEP,HadGEM3_mappings.cfg
m01s05i161,5,161,128,,,,tntscpbl,APmonLev,False,11,K s-1,ok,(m01s03i181[lbproc=128] + m01s04i141[lbproc=128] + m01s04i181[lbproc=128] + m01s16i161[lbproc=128] + m01s16i181[lbproc=128] + m01s01i181[lbproc=128] - m01s01i161[lbproc=128] + m01s02i181[lbproc=128] - m01s02i161[lbproc=128] + m01s05i181[lbproc=128] - m01s05i161[lbproc=128]) / ATMOS_TIMESTEP,HadGEM3_mappings.cfg
m01s50i219,50,219,128,1,,,toz,AERmon,True,1,1e-5 m,ok,"m01s50i219[lblev=1, lbproc=128]",HadGEM3_mappings.cfg
m01s50i219,50,219,128,1,,,toz,AEmon,True,1,1e-5 m,ok,"m01s50i219[lblev=1, lbproc=128]",HadGEM3_mappings.cfg
m01s03i539,3,539,128,,,,tran,Lmon,True,1,kg m-2 s-1,ok,m01s03i539[lbproc=128],HadGEM3_mappings.cfg
m01s03i539,3,539,128,,,,tran,Eday,True,1,kg m-2 s-1,ok,m01s03i539[lbproc=128],HadGEM3_mappings.cfg
m01s03i539,3,539,128,,,,tran,LPmon,True,1,kg m-2 s-1,ok,m01s03i539[lbproc=128],HadGEM3_mappings.cfg
m01s03i539,3,539,128,,,,tran,LPday,True,1,kg m-2 s-1,ok,m01s03i539[lbproc=128],HadGEM3_mappings.cfg
m01s03i317,3,317,128,,,,treeFrac,Lmon,False,2,%,ok,"land_class_area(m01s03i317[lbproc=128], m01s03i395[lbproc=128],
land_class='tree')",HadGEM3_mappings.cfg
m01s03i395,3,395,128,,,,treeFrac,Lmon,False,2,%,ok,"land_class_area(m01s03i317[lbproc=128], m01s03i395[lbproc=128],
land_class='tree')",HadGEM3_mappings.cfg
m01s03i317,3,317,128,,,,treeFrac,LPmon,False,2,%,ok,"land_class_area(m01s03i317[lbproc=128], m01s03i395[lbproc=128],
land_class='tree')",HadGEM3_mappings.cfg
m01s03i395,3,395,128,,,,treeFrac,LPmon,False,2,%,ok,"land_class_area(m01s03i317[lbproc=128], m01s03i395[lbproc=128],
land_class='tree')",HadGEM3_mappings.cfg
m01s03i317,3,317,128,,,,treeFracBdlDcd,Emon,False,2,%,ok,"land_class_area(m01s03i317[lbproc=128], m01s03i395[lbproc=128],
land_class='broadLeafTreeDeciduous')",HadGEM3_mappings.cfg
m01s03i395,3,395,128,,,,treeFracBdlDcd,Emon,False,2,%,ok,"land_class_area(m01s03i317[lbproc=128], m01s03i395[lbproc=128],
land_class='broadLeafTreeDeciduous')",HadGEM3_mappings.cfg
m01s03i317,3,317,128,,,,treeFracBdlDcd,LPmon,False,2,%,ok,"land_class_area(m01s03i317[lbproc=128], m01s03i395[lbproc=128],
land_class='broadLeafTreeDeciduous')",HadGEM3_mappings.cfg
m01s03i395,3,395,128,,,,treeFracBdlDcd,LPmon,False,2,%,ok,"land_class_area(m01s03i317[lbproc=128], m01s03i395[lbproc=128],
land_class='broadLeafTreeDeciduous')",HadGEM3_mappings.cfg
m01s03i317,3,317,128,,,,treeFracNdlEvg,Emon,False,2,%,ok,"land_class_area(m01s03i317[lbproc=128], m01s03i395[lbproc=128],
land_class='needleLeafTreeEvergreen')",HadGEM3_mappings.cfg
m01s03i395,3,395,128,,,,treeFracNdlEvg,Emon,False,2,%,ok,"land_class_area(m01s03i317[lbproc=128], m01s03i395[lbproc=128],
land_class='needleLeafTreeEvergreen')",HadGEM3_mappings.cfg
m01s03i317,3,317,128,,,,treeFracNdlEvg,LPmon,False,2,%,ok,"land_class_area(m01s03i317[lbproc=128], m01s03i395[lbproc=128],
land_class='needleLeafTreeEvergreen')",HadGEM3_mappings.cfg
m01s03i395,3,395,128,,,,treeFracNdlEvg,LPmon,False,2,%,ok,"land_class_area(m01s03i317[lbproc=128], m01s03i395[lbproc=128],
land_class='needleLeafTreeEvergreen')",HadGEM3_mappings.cfg
m01s34i001,34,1,128,,,,tropoz,AERmon,False,3,1.0e-5 m,ok,trop_o3col(m01s34i001[lbproc=128] * m01s50i063[lbproc=128] * m01s50i062[lbproc=128]),HadGEM3_mappings.cfg
m01s50i063,50,63,128,,,,tropoz,AERmon,False,3,1.0e-5 m,ok,trop_o3col(m01s34i001[lbproc=128] * m01s50i063[lbproc=128] * m01s50i062[lbproc=128]),HadGEM3_mappings.cfg
m01s50i062,50,62,128,,,,tropoz,AERmon,False,3,1.0e-5 m,ok,trop_o3col(m01s34i001[lbproc=128] * m01s50i063[lbproc=128] * m01s50i062[lbproc=128]),HadGEM3_mappings.cfg
m01s34i001,34,1,128,,,,tropoz,AEmon,False,3,1.0e-5 m,ok,trop_o3col(m01s34i001[lbproc=128] * m01s50i063[lbproc=128] * m01s50i062[lbproc=128]),HadGEM3_mappings.cfg
m01s50i063,50,63,128,,,,tropoz,AEmon,False,3,1.0e-5 m,ok,trop_o3col(m01s34i001[lbproc=128] * m01s50i063[lbproc=128] * m01s50i062[lbproc=128]),HadGEM3_mappings.cfg
m01s50i062,50,62,128,,,,tropoz,AEmon,False,3,1.0e-5 m,ok,trop_o3col(m01s34i001[lbproc=128] * m01s50i063[lbproc=128] * m01s50i062[lbproc=128]),HadGEM3_mappings.cfg
m01s00i024,0,24,128,,,,ts,Amon,True,1,K,ok,m01s00i024[lbproc=128],HadGEM3_mappings.cfg
m01s00i024,0,24,128,,,,ts,Eday,True,1,K,ok,m01s00i024[lbproc=128],HadGEM3_mappings.cfg
m01s00i024,0,24,128,,,,ts,APmon,True,1,K,ok,m01s00i024[lbproc=128],HadGEM3_mappings.cfg
m01s00i024,0,24,128,,,,ts,APday,True,1,K,ok,m01s00i024[lbproc=128],HadGEM3_mappings.cfg
m01s08i225,8,225,128,,,,tsl,Lmon,True,1,K,ok,m01s08i225[lbproc=128],HadGEM3_mappings.cfg
m01s08i225,8,225,128,,,,tsl,Eday,True,1,K,ok,m01s08i225[lbproc=128],HadGEM3_mappings.cfg
m01s08i225,8,225,128,,,,tsl,LPmon,True,1,K,ok,m01s08i225[lbproc=128],HadGEM3_mappings.cfg
m01s08i225,8,225,128,,,,tsl,LPday,True,1,K,ok,m01s08i225[lbproc=128],HadGEM3_mappings.cfg
m01s00i024,0,24,128,,,,tsns,Eday,True,1,K,embargoed,m01s00i024[lbproc=128],HadGEM3_mappings.cfg
m01s00i024,0,24,128,,,,tsns,APday,True,1,K,embargoed,m01s00i024[lbproc=128],HadGEM3_mappings.cfg
m01s30i011,30,11,128,,,,u2,Emon,False,2,1e5 m2 s-2,ok,m01s30i011[lbproc=128] / m01s30i115[lbproc=128],HadGEM3_mappings.cfg
m01s30i115,30,115,128,,,,u2,Emon,False,2,1e5 m2 s-2,ok,m01s30i011[lbproc=128] / m01s30i115[lbproc=128],HadGEM3_mappings.cfg
m01s30i011,30,11,128,,,,u2,APmonLev,False,2,1e5 m2 s-2,ok,m01s30i011[lbproc=128] / m01s30i115[lbproc=128],HadGEM3_mappings.cfg
m01s30i115,30,115,128,,,,u2,APmonLev,False,2,1e5 m2 s-2,ok,m01s30i011[lbproc=128] / m01s30i115[lbproc=128],HadGEM3_mappings.cfg
m01s30i201,30,201,128,,,PLEV19,ua,Amon,False,2,m s-1,ok,"m01s30i201[blev=PLEV19, lbproc=128] / m01s30i301[blev=PLEV19, lbproc=128]",HadGEM3_mappings.cfg
m01s30i301,30,301,128,,,PLEV19,ua,Amon,False,2,m s-1,ok,"m01s30i201[blev=PLEV19, lbproc=128] / m01s30i301[blev=PLEV19, lbproc=128]",HadGEM3_mappings.cfg
m01s30i201,30,201,128,,,PLEV19,ua,Eday,False,2,m s-1,ok,"m01s30i201[blev=PLEV19, lbproc=128] / m01s30i301[blev=PLEV19, lbproc=128]",HadGEM3_mappings.cfg
m01s30i301,30,301,128,,,PLEV19,ua,Eday,False,2,m s-1,ok,"m01s30i201[blev=PLEV19, lbproc=128] / m01s30i301[blev=PLEV19, lbproc=128]",HadGEM3_mappings.cfg
m01s30i201,30,201,128,,,PLEV19,ua,APmon,False,2,m s-1,ok,"m01s30i201[blev=PLEV19, lbproc=128] / m01s30i301[blev=PLEV19, lbproc=128]",HadGEM3_mappings.cfg
m01s30i301,30,301,128,,,PLEV19,ua,APmon,False,2,m s-1,ok,"m01s30i201[blev=PLEV19, lbproc=128] / m01s30i301[blev=PLEV19, lbproc=128]",HadGEM3_mappings.cfg
m01s30i201,30,201,128,,,P10,ua10,AERday,True,1,m s-1,ok,"m01s30i201[blev=P10, lbproc=128]",HadGEM3_mappings.cfg
m01s30i201,30,201,128,,,P10,ua10,AEday,True,1,m s-1,ok,"m01s30i201[blev=P10, lbproc=128]",HadGEM3_mappings.cfg
m01s30i201,30,201,128,,,PLEV19,ua19,APmon,False,2,m s-1,ok,"m01s30i201[blev=PLEV19, lbproc=128] / m01s30i301[blev=PLEV19, lbproc=128]",HadGEM3_mappings.cfg
m01s30i301,30,301,128,,,PLEV19,ua19,APmon,False,2,m s-1,ok,"m01s30i201[blev=PLEV19, lbproc=128] / m01s30i301[blev=PLEV19, lbproc=128]",HadGEM3_mappings.cfg
m01s30i201,30,201,128,,,P100,ua100,GCAmon,False,2,m s-1,embargoed,"m01s30i201[blev=P100, lbproc=128] / m01s30i301[blev=P100, lbproc=128]",HadGEM3_mappings.cfg
m01s30i301,30,301,128,,,P100,ua100,GCAmon,False,2,m s-1,embargoed,"m01s30i201[blev=P100, lbproc=128] / m01s30i301[blev=P100, lbproc=128]",HadGEM3_mappings.cfg
m01s30i201,30,201,128,,,P1000,ua1000,GCAmon,False,2,m s-1,embargoed,"m01s30i201[blev=P1000, lbproc=128] / m01s30i301[blev=P1000, lbproc=128]",HadGEM3_mappings.cfg
m01s30i301,30,301,128,,,P1000,ua1000,GCAmon,False,2,m s-1,embargoed,"m01s30i201[blev=P1000, lbproc=128] / m01s30i301[blev=P1000, lbproc=128]",HadGEM3_mappings.cfg
m01s30i201,30,201,128,,,P1000,ua1000,GCday,False,2,m s-1,embargoed,"m01s30i201[blev=P1000, lbproc=128] / m01s30i301[blev=P1000, lbproc=128]",HadGEM3_mappings.cfg
m01s30i301,30,301,128,,,P1000,ua1000,GCday,False,2,m s-1,embargoed,"m01s30i201[blev=P1000, lbproc=128] / m01s30i301[blev=P1000, lbproc=128]",HadGEM3_mappings.cfg
m01s00i002,0,2,128,4,,,ua100m,6hrPlev,True,1,m s-1,embargoed,"primavera_make_uva100m(m01s00i002[lbproc=128, lblev=4])",HadGEM3_mappings.cfg
m01s00i002,0,2,128,4,,,ua100m,AP6hr,True,1,m s-1,embargoed,"primavera_make_uva100m(m01s00i002[lbproc=128, lblev=4])",HadGEM3_mappings.cfg
m01s30i201,30,201,128,,,P150,ua150,GCAmon,False,2,m s-1,embargoed,"m01s30i201[blev=P150, lbproc=128] / m01s30i301[blev=P150, lbproc=128]",HadGEM3_mappings.cfg
m01s30i301,30,301,128,,,P150,ua150,GCAmon,False,2,m s-1,embargoed,"m01s30i201[blev=P150, lbproc=128] / m01s30i301[blev=P150, lbproc=128]",HadGEM3_mappings.cfg
m01s30i201,30,201,128,,,P20,ua20,GCAmon,False,2,m s-1,embargoed,"m01s30i201[blev=P20, lbproc=128] / m01s30i301[blev=P20, lbproc=128]",HadGEM3_mappings.cfg
m01s30i301,30,301,128,,,P20,ua20,GCAmon,False,2,m s-1,embargoed,"m01s30i201[blev=P20, lbproc=128] / m01s30i301[blev=P20, lbproc=128]",HadGEM3_mappings.cfg
m01s30i201,30,201,128,,,P200,ua200,GCAmon,False,2,m s-1,embargoed,"m01s30i201[blev=P200, lbproc=128] / m01s30i301[blev=P200, lbproc=128]",HadGEM3_mappings.cfg
m01s30i301,30,301,128,,,P200,ua200,GCAmon,False,2,m s-1,embargoed,"m01s30i201[blev=P200, lbproc=128] / m01s30i301[blev=P200, lbproc=128]",HadGEM3_mappings.cfg
m01s30i201,30,201,128,,,P200,ua200,GCday,False,2,m s-1,embargoed,"m01s30i201[blev=P200, lbproc=128] / m01s30i301[blev=P200, lbproc=128]",HadGEM3_mappings.cfg
m01s30i301,30,301,128,,,P200,ua200,GCday,False,2,m s-1,embargoed,"m01s30i201[blev=P200, lbproc=128] / m01s30i301[blev=P200, lbproc=128]",HadGEM3_mappings.cfg
m01s30i201,30,201,128,,,P250,ua250,GCAmon,False,2,m s-1,embargoed,"m01s30i201[blev=P250, lbproc=128] / m01s30i301[blev=P250, lbproc=128]",HadGEM3_mappings.cfg
m01s30i301,30,301,128,,,P250,ua250,GCAmon,False,2,m s-1,embargoed,"m01s30i201[blev=P250, lbproc=128] / m01s30i301[blev=P250, lbproc=128]",HadGEM3_mappings.cfg
m01s30i201,30,201,128,,,P250,ua250,GCday,False,2,m s-1,embargoed,"m01s30i201[blev=P250, lbproc=128] / m01s30i301[blev=P250, lbproc=128]",HadGEM3_mappings.cfg
m01s30i301,30,301,128,,,P250,ua250,GCday,False,2,m s-1,embargoed,"m01s30i201[blev=P250, lbproc=128] / m01s30i301[blev=P250, lbproc=128]",HadGEM3_mappings.cfg
m01s30i201,30,201,128,,,PLEV27,ua27,Emon,False,2,m s-1,ok,"m01s30i201[blev=PLEV27, lbproc=128] / m01s30i301[blev=PLEV27, lbproc=128]",HadGEM3_mappings.cfg
m01s30i301,30,301,128,,,PLEV27,ua27,Emon,False,2,m s-1,ok,"m01s30i201[blev=PLEV27, lbproc=128] / m01s30i301[blev=PLEV27, lbproc=128]",HadGEM3_mappings.cfg
m01s30i201,30,201,128,,,PLEV27,ua27,APmon,False,2,m s-1,ok,"m01s30i201[blev=PLEV27, lbproc=128] / m01s30i301[blev=PLEV27, lbproc=128]",HadGEM3_mappings.cfg
m01s30i301,30,301,128,,,PLEV27,ua27,APmon,False,2,m s-1,ok,"m01s30i201[blev=PLEV27, lbproc=128] / m01s30i301[blev=PLEV27, lbproc=128]",HadGEM3_mappings.cfg
m01s30i201,30,201,128,,,P30,ua30,GCAmon,False,2,m s-1,embargoed,"m01s30i201[blev=P30, lbproc=128] / m01s30i301[blev=P30, lbproc=128]",HadGEM3_mappings.cfg
m01s30i301,30,301,128,,,P30,ua30,GCAmon,False,2,m s-1,embargoed,"m01s30i201[blev=P30, lbproc=128] / m01s30i301[blev=P30, lbproc=128]",HadGEM3_mappings.cfg
m01s30i201,30,201,128,,,P300,ua300,GCAmon,False,2,m s-1,embargoed,"m01s30i201[blev=P300, lbproc=128] / m01s30i301[blev=P300, lbproc=128]",HadGEM3_mappings.cfg
m01s30i301,30,301,128,,,P300,ua300,GCAmon,False,2,m s-1,embargoed,"m01s30i201[blev=P300, lbproc=128] / m01s30i301[blev=P300, lbproc=128]",HadGEM3_mappings.cfg
m01s30i201,30,201,128,,,P300,ua300,GCday,False,2,m s-1,embargoed,"m01s30i201[blev=P300, lbproc=128] / m01s30i301[blev=P300, lbproc=128]",HadGEM3_mappings.cfg
m01s30i301,30,301,128,,,P300,ua300,GCday,False,2,m s-1,embargoed,"m01s30i201[blev=P300, lbproc=128] / m01s30i301[blev=P300, lbproc=128]",HadGEM3_mappings.cfg
m01s30i201,30,201,128,,,P400,ua400,GCAmon,False,2,m s-1,embargoed,"m01s30i201[blev=P400, lbproc=128] / m01s30i301[blev=P400, lbproc=128]",HadGEM3_mappings.cfg
m01s30i301,30,301,128,,,P400,ua400,GCAmon,False,2,m s-1,embargoed,"m01s30i201[blev=P400, lbproc=128] / m01s30i301[blev=P400, lbproc=128]",HadGEM3_mappings.cfg
m01s30i201,30,201,128,,,P400,ua400,GCday,False,2,m s-1,embargoed,"m01s30i201[blev=P400, lbproc=128] / m01s30i301[blev=P400, lbproc=128]",HadGEM3_mappings.cfg
m01s30i301,30,301,128,,,P400,ua400,GCday,False,2,m s-1,embargoed,"m01s30i201[blev=P400, lbproc=128] / m01s30i301[blev=P400, lbproc=128]",HadGEM3_mappings.cfg
m01s30i201,30,201,128,,,P50,ua50,GCAmon,False,2,m s-1,embargoed,"m01s30i201[blev=P50, lbproc=128] / m01s30i301[blev=P50, lbproc=128]",HadGEM3_mappings.cfg
m01s30i301,30,301,128,,,P50,ua50,GCAmon,False,2,m s-1,embargoed,"m01s30i201[blev=P50, lbproc=128] / m01s30i301[blev=P50, lbproc=128]",HadGEM3_mappings.cfg
m01s30i201,30,201,128,,,P500,ua500,GCAmon,False,2,m s-1,embargoed,"m01s30i201[blev=P500, lbproc=128] / m01s30i301[blev=P500, lbproc=128]",HadGEM3_mappings.cfg
m01s30i301,30,301,128,,,P500,ua500,GCAmon,False,2,m s-1,embargoed,"m01s30i201[blev=P500, lbproc=128] / m01s30i301[blev=P500, lbproc=128]",HadGEM3_mappings.cfg
m01s30i201,30,201,128,,,P500,ua500,GCday,False,2,m s-1,embargoed,"m01s30i201[blev=P500, lbproc=128] / m01s30i301[blev=P500, lbproc=128]",HadGEM3_mappings.cfg
m01s30i301,30,301,128,,,P500,ua500,GCday,False,2,m s-1,embargoed,"m01s30i201[blev=P500, lbproc=128] / m01s30i301[blev=P500, lbproc=128]",HadGEM3_mappings.cfg
m01s30i201,30,201,128,,,P600,ua600,GCAmon,False,2,m s-1,embargoed,"m01s30i201[blev=P600, lbproc=128] / m01s30i301[blev=P600, lbproc=128]",HadGEM3_mappings.cfg
m01s30i301,30,301,128,,,P600,ua600,GCAmon,False,2,m s-1,embargoed,"m01s30i201[blev=P600, lbproc=128] / m01s30i301[blev=P600, lbproc=128]",HadGEM3_mappings.cfg
m01s30i201,30,201,128,,,P600,ua600,GCday,False,2,m s-1,embargoed,"m01s30i201[blev=P600, lbproc=128] / m01s30i301[blev=P600, lbproc=128]",HadGEM3_mappings.cfg
m01s30i301,30,301,128,,,P600,ua600,GCday,False,2,m s-1,embargoed,"m01s30i201[blev=P600, lbproc=128] / m01s30i301[blev=P600, lbproc=128]",HadGEM3_mappings.cfg
m01s30i201,30,201,128,,,P70,ua70,GCAmon,False,2,m s-1,embargoed,"m01s30i201[blev=P70, lbproc=128] / m01s30i301[blev=P70, lbproc=128]",HadGEM3_mappings.cfg
m01s30i301,30,301,128,,,P70,ua70,GCAmon,False,2,m s-1,embargoed,"m01s30i201[blev=P70, lbproc=128] / m01s30i301[blev=P70, lbproc=128]",HadGEM3_mappings.cfg
m01s30i201,30,201,128,,,P700,ua700,GCAmon,False,2,m s-1,embargoed,"m01s30i201[blev=P700, lbproc=128] / m01s30i301[blev=P700, lbproc=128]",HadGEM3_mappings.cfg
m01s30i301,30,301,128,,,P700,ua700,GCAmon,False,2,m s-1,embargoed,"m01s30i201[blev=P700, lbproc=128] / m01s30i301[blev=P700, lbproc=128]",HadGEM3_mappings.cfg
m01s30i201,30,201,128,,,P700,ua700,GCday,False,2,m s-1,embargoed,"m01s30i201[blev=P700, lbproc=128] / m01s30i301[blev=P700, lbproc=128]",HadGEM3_mappings.cfg
m01s30i301,30,301,128,,,P700,ua700,GCday,False,2,m s-1,embargoed,"m01s30i201[blev=P700, lbproc=128] / m01s30i301[blev=P700, lbproc=128]",HadGEM3_mappings.cfg
m01s30i201,30,201,128,,,P850,ua850,GCAmon,False,2,m s-1,embargoed,"m01s30i201[blev=P850, lbproc=128] / m01s30i301[blev=P850, lbproc=128]",HadGEM3_mappings.cfg
m01s30i301,30,301,128,,,P850,ua850,GCAmon,False,2,m s-1,embargoed,"m01s30i201[blev=P850, lbproc=128] / m01s30i301[blev=P850, lbproc=128]",HadGEM3_mappings.cfg
m01s30i201,30,201,128,,,P850,ua850,GCday,False,2,m s-1,embargoed,"m01s30i201[blev=P850, lbproc=128] / m01s30i301[blev=P850, lbproc=128]",HadGEM3_mappings.cfg
m01s30i301,30,301,128,,,P850,ua850,GCday,False,2,m s-1,embargoed,"m01s30i201[blev=P850, lbproc=128] / m01s30i301[blev=P850, lbproc=128]",HadGEM3_mappings.cfg
m01s30i201,30,201,128,,,P925,ua925,GCAmon,False,2,m s-1,embargoed,"m01s30i201[blev=P925, lbproc=128] / m01s30i301[blev=P925, lbproc=128]",HadGEM3_mappings.cfg
m01s30i301,30,301,128,,,P925,ua925,GCAmon,False,2,m s-1,embargoed,"m01s30i201[blev=P925, lbproc=128] / m01s30i301[blev=P925, lbproc=128]",HadGEM3_mappings.cfg
m01s30i201,30,201,128,,,P925,ua925,GCday,False,2,m s-1,embargoed,"m01s30i201[blev=P925, lbproc=128] / m01s30i301[blev=P925, lbproc=128]",HadGEM3_mappings.cfg
m01s30i301,30,301,128,,,P925,ua925,GCday,False,2,m s-1,embargoed,"m01s30i201[blev=P925, lbproc=128] / m01s30i301[blev=P925, lbproc=128]",HadGEM3_mappings.cfg
m01s03i209,3,209,128,,,,uas,6hrPlev,True,1,m s-1,ok,m01s03i209[lbproc=128],HadGEM3_mappings.cfg
m01s03i209,3,209,128,,,,uas,Amon,True,1,m s-1,ok,m01s03i209[lbproc=128],HadGEM3_mappings.cfg
m01s03i209,3,209,128,,,,uas,E3hr,True,1,m s-1,ok,m01s03i209[lbproc=128],HadGEM3_mappings.cfg
m01s03i209,3,209,128,,,,uas,day,True,1,m s-1,ok,m01s03i209[lbproc=128],HadGEM3_mappings.cfg
m01s03i209,3,209,128,,,,uas,AP6hr,True,1,m s-1,ok,m01s03i209[lbproc=128],HadGEM3_mappings.cfg
m01s03i209,3,209,128,,,,uas,APday,True,1,m s-1,ok,m01s03i209[lbproc=128],HadGEM3_mappings.cfg
m01s03i209,3,209,128,,,,uas,APmon,True,1,m s-1,ok,m01s03i209[lbproc=128],HadGEM3_mappings.cfg
m01s03i209,3,209,128,,,,uas,AP3hr,True,1,m s-1,ok,m01s03i209[lbproc=128],HadGEM3_mappings.cfg
m01s30i428,30,428,128,,,,uqint,Emon,True,1,m2 s-1,ok,m01s30i428[lbproc=128],HadGEM3_mappings.cfg
m01s30i428,30,428,128,,,,uqint,APmon,True,1,m2 s-1,ok,m01s30i428[lbproc=128],HadGEM3_mappings.cfg
m01s30i014,30,14,128,,,,ut,Emon,False,2,1e5 K m s-1,ok,m01s30i014[lbproc=128] / m01s30i115[lbproc=128],HadGEM3_mappings.cfg
m01s30i115,30,115,128,,,,ut,Emon,False,2,1e5 K m s-1,ok,m01s30i014[lbproc=128] / m01s30i115[lbproc=128],HadGEM3_mappings.cfg
m01s30i014,30,14,128,,,,ut,APmonLev,False,2,1e5 K m s-1,ok,m01s30i014[lbproc=128] / m01s30i115[lbproc=128],HadGEM3_mappings.cfg
m01s30i115,30,115,128,,,,ut,APmonLev,False,2,1e5 K m s-1,ok,m01s30i014[lbproc=128] / m01s30i115[lbproc=128],HadGEM3_mappings.cfg
m01s30i314,30,314,192,,,PLEV39,utendepfd,EdayZ,False,2,m s-2,ok,"zonal_apply_heaviside(m01s30i314[blev=PLEV39, lbproc=192], m01s30i301[blev=PLEV39, lbproc=192])",HadGEM3_mappings.cfg
m01s30i301,30,301,192,,,PLEV39,utendepfd,EdayZ,False,2,m s-2,ok,"zonal_apply_heaviside(m01s30i314[blev=PLEV39, lbproc=192], m01s30i301[blev=PLEV39, lbproc=192])",HadGEM3_mappings.cfg
m01s30i314,30,314,192,,,PLEV39,utendepfd,EmonZ,False,2,m s-2,ok,"zonal_apply_heaviside(m01s30i314[blev=PLEV39, lbproc=192], m01s30i301[blev=PLEV39, lbproc=192])",HadGEM3_mappings.cfg
m01s30i301,30,301,192,,,PLEV39,utendepfd,EmonZ,False,2,m s-2,ok,"zonal_apply_heaviside(m01s30i314[blev=PLEV39, lbproc=192], m01s30i301[blev=PLEV39, lbproc=192])",HadGEM3_mappings.cfg
m01s30i314,30,314,192,,,PLEV39,utendepfd,APdayZ,False,2,m s-2,ok,"zonal_apply_heaviside(m01s30i314[blev=PLEV39, lbproc=192], m01s30i301[blev=PLEV39, lbproc=192])",HadGEM3_mappings.cfg
m01s30i301,30,301,192,,,PLEV39,utendepfd,APdayZ,False,2,m s-2,ok,"zonal_apply_heaviside(m01s30i314[blev=PLEV39, lbproc=192], m01s30i301[blev=PLEV39, lbproc=192])",HadGEM3_mappings.cfg
m01s30i314,30,314,192,,,PLEV39,utendepfd,APmonZ,False,2,m s-2,ok,"zonal_apply_heaviside(m01s30i314[blev=PLEV39, lbproc=192], m01s30i301[blev=PLEV39, lbproc=192])",HadGEM3_mappings.cfg
m01s30i301,30,301,192,,,PLEV39,utendepfd,APmonZ,False,2,m s-2,ok,"zonal_apply_heaviside(m01s30i314[blev=PLEV39, lbproc=192], m01s30i301[blev=PLEV39, lbproc=192])",HadGEM3_mappings.cfg
m01s06i115,6,115,128,,,PLEV19,utendnogw,Emon,True,1,m s-2,embargoed,"m01s06i115[blev=PLEV19, lbproc=128]",HadGEM3_mappings.cfg
m01s06i115,6,115,128,,,PLEV19,utendnogw,APmon,True,1,m s-2,embargoed,"m01s06i115[blev=PLEV19, lbproc=128]",HadGEM3_mappings.cfg
m01s06i247,6,247,128,,,PLEV19,utendogw,Emon,True,1,m s-2,ok,"m01s06i247[blev=PLEV19, lbproc=128]",HadGEM3_mappings.cfg
m01s06i247,6,247,128,,,PLEV19,utendogw,APmon,True,1,m s-2,ok,"m01s06i247[blev=PLEV19, lbproc=128]",HadGEM3_mappings.cfg
m01s30i012,30,12,128,,,,uv,Emon,False,2,1e5 m2 s-2,ok,m01s30i012[lbproc=128] / m01s30i115[lbproc=128],HadGEM3_mappings.cfg
m01s30i115,30,115,128,,,,uv,Emon,False,2,1e5 m2 s-2,ok,m01s30i012[lbproc=128] / m01s30i115[lbproc=128],HadGEM3_mappings.cfg
m01s30i012,30,12,128,,,,uv,APmonLev,False,2,1e5 m2 s-2,ok,m01s30i012[lbproc=128] / m01s30i115[lbproc=128],HadGEM3_mappings.cfg
m01s30i115,30,115,128,,,,uv,APmonLev,False,2,1e5 m2 s-2,ok,m01s30i012[lbproc=128] / m01s30i115[lbproc=128],HadGEM3_mappings.cfg
m01s30i022,30,22,128,,,,v2,Emon,False,2,1e5 m2 s-2,ok,m01s30i022[lbproc=128] / m01s30i115[lbproc=128],HadGEM3_mappings.cfg
m01s30i115,30,115,128,,,,v2,Emon,False,2,1e5 m2 s-2,ok,m01s30i022[lbproc=128] / m01s30i115[lbproc=128],HadGEM3_mappings.cfg
m01s30i022,30,22,128,,,,v2,APmonLev,False,2,1e5 m2 s-2,ok,m01s30i022[lbproc=128] / m01s30i115[lbproc=128],HadGEM3_mappings.cfg
m01s30i115,30,115,128,,,,v2,APmonLev,False,2,1e5 m2 s-2,ok,m01s30i022[lbproc=128] / m01s30i115[lbproc=128],HadGEM3_mappings.cfg
m01s30i202,30,202,128,,,PLEV19,va,Amon,False,2,m s-1,ok,"m01s30i202[blev=PLEV19, lbproc=128] / m01s30i301[blev=PLEV19, lbproc=128]",HadGEM3_mappings.cfg
m01s30i301,30,301,128,,,PLEV19,va,Amon,False,2,m s-1,ok,"m01s30i202[blev=PLEV19, lbproc=128] / m01s30i301[blev=PLEV19, lbproc=128]",HadGEM3_mappings.cfg
m01s30i202,30,202,128,,,PLEV19,va,Eday,False,2,m s-1,ok,"m01s30i202[blev=PLEV19, lbproc=128] / m01s30i301[blev=PLEV19, lbproc=128]",HadGEM3_mappings.cfg
m01s30i301,30,301,128,,,PLEV19,va,Eday,False,2,m s-1,ok,"m01s30i202[blev=PLEV19, lbproc=128] / m01s30i301[blev=PLEV19, lbproc=128]",HadGEM3_mappings.cfg
m01s30i202,30,202,128,,,PLEV19,va,APmon,False,2,m s-1,ok,"m01s30i202[blev=PLEV19, lbproc=128] / m01s30i301[blev=PLEV19, lbproc=128]",HadGEM3_mappings.cfg
m01s30i301,30,301,128,,,PLEV19,va,APmon,False,2,m s-1,ok,"m01s30i202[blev=PLEV19, lbproc=128] / m01s30i301[blev=PLEV19, lbproc=128]",HadGEM3_mappings.cfg
m01s30i202,30,202,128,,,P10,va10,GCAmon,False,2,m s-1,embargoed,"m01s30i202[blev=P10, lbproc=128] / m01s30i301[blev=P10, lbproc=128]",HadGEM3_mappings.cfg
m01s30i301,30,301,128,,,P10,va10,GCAmon,False,2,m s-1,embargoed,"m01s30i202[blev=P10, lbproc=128] / m01s30i301[blev=P10, lbproc=128]",HadGEM3_mappings.cfg
m01s30i202,30,202,128,,,PLEV19,va19,APmon,False,2,m s-1,ok,"m01s30i202[blev=PLEV19, lbproc=128] / m01s30i301[blev=PLEV19, lbproc=128]",HadGEM3_mappings.cfg
m01s30i301,30,301,128,,,PLEV19,va19,APmon,False,2,m s-1,ok,"m01s30i202[blev=PLEV19, lbproc=128] / m01s30i301[blev=PLEV19, lbproc=128]",HadGEM3_mappings.cfg
m01s30i202,30,202,128,,,P100,va100,GCAmon,False,2,m s-1,embargoed,"m01s30i202[blev=P100, lbproc=128] / m01s30i301[blev=P100, lbproc=128]",HadGEM3_mappings.cfg
m01s30i301,30,301,128,,,P100,va100,GCAmon,False,2,m s-1,embargoed,"m01s30i202[blev=P100, lbproc=128] / m01s30i301[blev=P100, lbproc=128]",HadGEM3_mappings.cfg
m01s30i202,30,202,128,,,P1000,va1000,GCAmon,False,2,m s-1,embargoed,"m01s30i202[blev=P1000, lbproc=128] / m01s30i301[blev=P1000, lbproc=128]",HadGEM3_mappings.cfg
m01s30i301,30,301,128,,,P1000,va1000,GCAmon,False,2,m s-1,embargoed,"m01s30i202[blev=P1000, lbproc=128] / m01s30i301[blev=P1000, lbproc=128]",HadGEM3_mappings.cfg
m01s30i202,30,202,128,,,P1000,va1000,GCday,False,2,m s-1,embargoed,"m01s30i202[blev=P1000, lbproc=128] / m01s30i301[blev=P1000, lbproc=128]",HadGEM3_mappings.cfg
m01s30i301,30,301,128,,,P1000,va1000,GCday,False,2,m s-1,embargoed,"m01s30i202[blev=P1000, lbproc=128] / m01s30i301[blev=P1000, lbproc=128]",HadGEM3_mappings.cfg
m01s00i003,0,3,128,4,,,va100m,6hrPlev,True,1,m s-1,embargoed,"primavera_make_uva100m(m01s00i003[lbproc=128, lblev=4])",HadGEM3_mappings.cfg
m01s00i003,0,3,128,4,,,va100m,AP6hr,True,1,m s-1,embargoed,"primavera_make_uva100m(m01s00i003[lbproc=128, lblev=4])",HadGEM3_mappings.cfg
m01s30i202,30,202,128,,,P150,va150,GCAmon,False,2,m s-1,embargoed,"m01s30i202[blev=P150, lbproc=128] / m01s30i301[blev=P150, lbproc=128]",HadGEM3_mappings.cfg
m01s30i301,30,301,128,,,P150,va150,GCAmon,False,2,m s-1,embargoed,"m01s30i202[blev=P150, lbproc=128] / m01s30i301[blev=P150, lbproc=128]",HadGEM3_mappings.cfg
m01s30i202,30,202,128,,,P20,va20,GCAmon,False,2,m s-1,embargoed,"m01s30i202[blev=P20, lbproc=128] / m01s30i301[blev=P20, lbproc=128]",HadGEM3_mappings.cfg
m01s30i301,30,301,128,,,P20,va20,GCAmon,False,2,m s-1,embargoed,"m01s30i202[blev=P20, lbproc=128] / m01s30i301[blev=P20, lbproc=128]",HadGEM3_mappings.cfg
m01s30i202,30,202,128,,,P200,va200,GCAmon,False,2,m s-1,embargoed,"m01s30i202[blev=P200, lbproc=128] / m01s30i301[blev=P200, lbproc=128]",HadGEM3_mappings.cfg
m01s30i301,30,301,128,,,P200,va200,GCAmon,False,2,m s-1,embargoed,"m01s30i202[blev=P200, lbproc=128] / m01s30i301[blev=P200, lbproc=128]",HadGEM3_mappings.cfg
m01s30i202,30,202,128,,,P200,va200,GCday,False,2,m s-1,embargoed,"m01s30i202[blev=P200, lbproc=128] / m01s30i301[blev=P200, lbproc=128]",HadGEM3_mappings.cfg
m01s30i301,30,301,128,,,P200,va200,GCday,False,2,m s-1,embargoed,"m01s30i202[blev=P200, lbproc=128] / m01s30i301[blev=P200, lbproc=128]",HadGEM3_mappings.cfg
m01s30i202,30,202,128,,,P250,va250,GCAmon,False,2,m s-1,embargoed,"m01s30i202[blev=P250, lbproc=128] / m01s30i301[blev=P250, lbproc=128]",HadGEM3_mappings.cfg
m01s30i301,30,301,128,,,P250,va250,GCAmon,False,2,m s-1,embargoed,"m01s30i202[blev=P250, lbproc=128] / m01s30i301[blev=P250, lbproc=128]",HadGEM3_mappings.cfg
m01s30i202,30,202,128,,,P250,va250,GCday,False,2,m s-1,embargoed,"m01s30i202[blev=P250, lbproc=128] / m01s30i301[blev=P250, lbproc=128]",HadGEM3_mappings.cfg
m01s30i301,30,301,128,,,P250,va250,GCday,False,2,m s-1,embargoed,"m01s30i202[blev=P250, lbproc=128] / m01s30i301[blev=P250, lbproc=128]",HadGEM3_mappings.cfg
m01s30i202,30,202,128,,,PLEV27,va27,Emon,False,2,m s-1,ok,"m01s30i202[blev=PLEV27, lbproc=128] / m01s30i301[blev=PLEV27, lbproc=128]",HadGEM3_mappings.cfg
m01s30i301,30,301,128,,,PLEV27,va27,Emon,False,2,m s-1,ok,"m01s30i202[blev=PLEV27, lbproc=128] / m01s30i301[blev=PLEV27, lbproc=128]",HadGEM3_mappings.cfg
m01s30i202,30,202,128,,,PLEV27,va27,APmon,False,2,m s-1,ok,"m01s30i202[blev=PLEV27, lbproc=128] / m01s30i301[blev=PLEV27, lbproc=128]",HadGEM3_mappings.cfg
m01s30i301,30,301,128,,,PLEV27,va27,APmon,False,2,m s-1,ok,"m01s30i202[blev=PLEV27, lbproc=128] / m01s30i301[blev=PLEV27, lbproc=128]",HadGEM3_mappings.cfg
m01s30i202,30,202,128,,,P30,va30,GCAmon,False,2,m s-1,embargoed,"m01s30i202[blev=P30, lbproc=128] / m01s30i301[blev=P30, lbproc=128]",HadGEM3_mappings.cfg
m01s30i301,30,301,128,,,P30,va30,GCAmon,False,2,m s-1,embargoed,"m01s30i202[blev=P30, lbproc=128] / m01s30i301[blev=P30, lbproc=128]",HadGEM3_mappings.cfg
m01s30i202,30,202,128,,,P300,va300,GCAmon,False,2,m s-1,embargoed,"m01s30i202[blev=P300, lbproc=128] / m01s30i301[blev=P300, lbproc=128]",HadGEM3_mappings.cfg
m01s30i301,30,301,128,,,P300,va300,GCAmon,False,2,m s-1,embargoed,"m01s30i202[blev=P300, lbproc=128] / m01s30i301[blev=P300, lbproc=128]",HadGEM3_mappings.cfg
m01s30i202,30,202,128,,,P300,va300,GCday,False,2,m s-1,embargoed,"m01s30i202[blev=P300, lbproc=128] / m01s30i301[blev=P300, lbproc=128]",HadGEM3_mappings.cfg
m01s30i301,30,301,128,,,P300,va300,GCday,False,2,m s-1,embargoed,"m01s30i202[blev=P300, lbproc=128] / m01s30i301[blev=P300, lbproc=128]",HadGEM3_mappings.cfg
m01s30i202,30,202,128,,,P400,va400,GCAmon,False,2,m s-1,embargoed,"m01s30i202[blev=P400, lbproc=128] / m01s30i301[blev=P400, lbproc=128]",HadGEM3_mappings.cfg
m01s30i301,30,301,128,,,P400,va400,GCAmon,False,2,m s-1,embargoed,"m01s30i202[blev=P400, lbproc=128] / m01s30i301[blev=P400, lbproc=128]",HadGEM3_mappings.cfg
m01s30i202,30,202,128,,,P400,va400,GCday,False,2,m s-1,embargoed,"m01s30i202[blev=P400, lbproc=128] / m01s30i301[blev=P400, lbproc=128]",HadGEM3_mappings.cfg
m01s30i301,30,301,128,,,P400,va400,GCday,False,2,m s-1,embargoed,"m01s30i202[blev=P400, lbproc=128] / m01s30i301[blev=P400, lbproc=128]",HadGEM3_mappings.cfg
m01s30i202,30,202,128,,,P50,va50,GCAmon,False,2,m s-1,embargoed,"m01s30i202[blev=P50, lbproc=128] / m01s30i301[blev=P50, lbproc=128]",HadGEM3_mappings.cfg
m01s30i301,30,301,128,,,P50,va50,GCAmon,False,2,m s-1,embargoed,"m01s30i202[blev=P50, lbproc=128] / m01s30i301[blev=P50, lbproc=128]",HadGEM3_mappings.cfg
m01s30i202,30,202,128,,,P500,va500,GCAmon,False,2,m s-1,embargoed,"m01s30i202[blev=P500, lbproc=128] / m01s30i301[blev=P500, lbproc=128]",HadGEM3_mappings.cfg
m01s30i301,30,301,128,,,P500,va500,GCAmon,False,2,m s-1,embargoed,"m01s30i202[blev=P500, lbproc=128] / m01s30i301[blev=P500, lbproc=128]",HadGEM3_mappings.cfg
m01s30i202,30,202,128,,,P500,va500,GCday,False,2,m s-1,embargoed,"m01s30i202[blev=P500, lbproc=128] / m01s30i301[blev=P500, lbproc=128]",HadGEM3_mappings.cfg
m01s30i301,30,301,128,,,P500,va500,GCday,False,2,m s-1,embargoed,"m01s30i202[blev=P500, lbproc=128] / m01s30i301[blev=P500, lbproc=128]",HadGEM3_mappings.cfg
m01s30i202,30,202,128,,,P600,va600,GCAmon,False,2,m s-1,embargoed,"m01s30i202[blev=P600, lbproc=128] / m01s30i301[blev=P600, lbproc=128]",HadGEM3_mappings.cfg
m01s30i301,30,301,128,,,P600,va600,GCAmon,False,2,m s-1,embargoed,"m01s30i202[blev=P600, lbproc=128] / m01s30i301[blev=P600, lbproc=128]",HadGEM3_mappings.cfg
m01s30i202,30,202,128,,,P600,va600,GCday,False,2,m s-1,embargoed,"m01s30i202[blev=P600, lbproc=128] / m01s30i301[blev=P600, lbproc=128]",HadGEM3_mappings.cfg
m01s30i301,30,301,128,,,P600,va600,GCday,False,2,m s-1,embargoed,"m01s30i202[blev=P600, lbproc=128] / m01s30i301[blev=P600, lbproc=128]",HadGEM3_mappings.cfg
m01s30i202,30,202,128,,,P70,va70,GCAmon,False,2,m s-1,embargoed,"m01s30i202[blev=P70, lbproc=128] / m01s30i301[blev=P70, lbproc=128]",HadGEM3_mappings.cfg
m01s30i301,30,301,128,,,P70,va70,GCAmon,False,2,m s-1,embargoed,"m01s30i202[blev=P70, lbproc=128] / m01s30i301[blev=P70, lbproc=128]",HadGEM3_mappings.cfg
m01s30i202,30,202,128,,,P700,va700,GCAmon,False,2,m s-1,embargoed,"m01s30i202[blev=P700, lbproc=128] / m01s30i301[blev=P700, lbproc=128]",HadGEM3_mappings.cfg
m01s30i301,30,301,128,,,P700,va700,GCAmon,False,2,m s-1,embargoed,"m01s30i202[blev=P700, lbproc=128] / m01s30i301[blev=P700, lbproc=128]",HadGEM3_mappings.cfg
m01s30i202,30,202,128,,,P700,va700,GCday,False,2,m s-1,embargoed,"m01s30i202[blev=P700, lbproc=128] / m01s30i301[blev=P700, lbproc=128]",HadGEM3_mappings.cfg
m01s30i301,30,301,128,,,P700,va700,GCday,False,2,m s-1,embargoed,"m01s30i202[blev=P700, lbproc=128] / m01s30i301[blev=P700, lbproc=128]",HadGEM3_mappings.cfg
m01s30i202,30,202,128,,,P850,va850,GCAmon,False,2,m s-1,embargoed,"m01s30i202[blev=P850, lbproc=128] / m01s30i301[blev=P850, lbproc=128]",HadGEM3_mappings.cfg
m01s30i301,30,301,128,,,P850,va850,GCAmon,False,2,m s-1,embargoed,"m01s30i202[blev=P850, lbproc=128] / m01s30i301[blev=P850, lbproc=128]",HadGEM3_mappings.cfg
m01s30i202,30,202,128,,,P850,va850,GCday,False,2,m s-1,embargoed,"m01s30i202[blev=P850, lbproc=128] / m01s30i301[blev=P850, lbproc=128]",HadGEM3_mappings.cfg
m01s30i301,30,301,128,,,P850,va850,GCday,False,2,m s-1,embargoed,"m01s30i202[blev=P850, lbproc=128] / m01s30i301[blev=P850, lbproc=128]",HadGEM3_mappings.cfg
m01s30i202,30,202,128,,,P925,va925,GCAmon,False,2,m s-1,embargoed,"m01s30i202[blev=P925, lbproc=128] / m01s30i301[blev=P925, lbproc=128]",HadGEM3_mappings.cfg
m01s30i301,30,301,128,,,P925,va925,GCAmon,False,2,m s-1,embargoed,"m01s30i202[blev=P925, lbproc=128] / m01s30i301[blev=P925, lbproc=128]",HadGEM3_mappings.cfg
m01s30i202,30,202,128,,,P925,va925,GCday,False,2,m s-1,embargoed,"m01s30i202[blev=P925, lbproc=128] / m01s30i301[blev=P925, lbproc=128]",HadGEM3_mappings.cfg
m01s30i301,30,301,128,,,P925,va925,GCday,False,2,m s-1,embargoed,"m01s30i202[blev=P925, lbproc=128] / m01s30i301[blev=P925, lbproc=128]",HadGEM3_mappings.cfg
m01s03i210,3,210,128,,,,vas,6hrPlev,True,1,m s-1,ok,m01s03i210[lbproc=128],HadGEM3_mappings.cfg
m01s03i210,3,210,128,,,,vas,Amon,True,1,m s-1,ok,m01s03i210[lbproc=128],HadGEM3_mappings.cfg
m01s03i210,3,210,128,,,,vas,E3hr,True,1,m s-1,ok,m01s03i210[lbproc=128],HadGEM3_mappings.cfg
m01s03i210,3,210,128,,,,vas,day,True,1,m s-1,ok,m01s03i210[lbproc=128],HadGEM3_mappings.cfg
m01s03i210,3,210,128,,,,vas,AP3hr,True,1,m s-1,ok,m01s03i210[lbproc=128],HadGEM3_mappings.cfg
m01s03i210,3,210,128,,,,vas,AP6hr,True,1,m s-1,ok,m01s03i210[lbproc=128],HadGEM3_mappings.cfg
m01s03i210,3,210,128,,,,vas,APday,True,1,m s-1,ok,m01s03i210[lbproc=128],HadGEM3_mappings.cfg
m01s03i210,3,210,128,,,,vas,APmon,True,1,m s-1,ok,m01s03i210[lbproc=128],HadGEM3_mappings.cfg
m01s03i317,3,317,128,,,,vegFrac,Emon,False,2,%,ok,"land_class_area(m01s03i317[lbproc=128], m01s03i395[lbproc=128],
land_class='natural')",HadGEM3_mappings.cfg
m01s03i395,3,395,128,,,,vegFrac,Emon,False,2,%,ok,"land_class_area(m01s03i317[lbproc=128], m01s03i395[lbproc=128],
land_class='natural')",HadGEM3_mappings.cfg
m01s03i317,3,317,128,,,,vegFrac,LPmon,False,2,%,ok,"land_class_area(m01s03i317[lbproc=128], m01s03i395[lbproc=128],
land_class='natural')",HadGEM3_mappings.cfg
m01s03i395,3,395,128,,,,vegFrac,LPmon,False,2,%,ok,"land_class_area(m01s03i317[lbproc=128], m01s03i395[lbproc=128],
land_class='natural')",HadGEM3_mappings.cfg
m01s51i997,51,997,192,,,PLEV39,vmrox,EmonZ,False,4,mol mol-1,ok,"(MOLECULAR_MASS_OF_AIR / MOLECULAR_MASS_OF_O3) * (m01s51i997[blev=PLEV39, lbproc=192] + 3.0 * m01s51i001[blev=PLEV39, lbproc=192] + m01s51i059[blev=PLEV39, lbproc=192]) / m01s51i999[blev=PLEV39, lbproc=192]",HadGEM3_mappings.cfg
m01s51i001,51,1,192,,,PLEV39,vmrox,EmonZ,False,4,mol mol-1,ok,"(MOLECULAR_MASS_OF_AIR / MOLECULAR_MASS_OF_O3) * (m01s51i997[blev=PLEV39, lbproc=192] + 3.0 * m01s51i001[blev=PLEV39, lbproc=192] + m01s51i059[blev=PLEV39, lbproc=192]) / m01s51i999[blev=PLEV39, lbproc=192]",HadGEM3_mappings.cfg
m01s51i059,51,59,192,,,PLEV39,vmrox,EmonZ,False,4,mol mol-1,ok,"(MOLECULAR_MASS_OF_AIR / MOLECULAR_MASS_OF_O3) * (m01s51i997[blev=PLEV39, lbproc=192] + 3.0 * m01s51i001[blev=PLEV39, lbproc=192] + m01s51i059[blev=PLEV39, lbproc=192]) / m01s51i999[blev=PLEV39, lbproc=192]",HadGEM3_mappings.cfg
m01s51i999,51,999,192,,,PLEV39,vmrox,EmonZ,False,4,mol mol-1,ok,"(MOLECULAR_MASS_OF_AIR / MOLECULAR_MASS_OF_O3) * (m01s51i997[blev=PLEV39, lbproc=192] + 3.0 * m01s51i001[blev=PLEV39, lbproc=192] + m01s51i059[blev=PLEV39, lbproc=192]) / m01s51i999[blev=PLEV39, lbproc=192]",HadGEM3_mappings.cfg
m01s51i997,51,997,192,,,PLEV39,vmrox,ACmonZ,False,4,mol mol-1,ok,"(MOLECULAR_MASS_OF_AIR / MOLECULAR_MASS_OF_O3) * (m01s51i997[blev=PLEV39, lbproc=192] + 3.0 * m01s51i001[blev=PLEV39, lbproc=192] + m01s51i059[blev=PLEV39, lbproc=192]) / m01s51i999[blev=PLEV39, lbproc=192]",HadGEM3_mappings.cfg
m01s51i001,51,1,192,,,PLEV39,vmrox,ACmonZ,False,4,mol mol-1,ok,"(MOLECULAR_MASS_OF_AIR / MOLECULAR_MASS_OF_O3) * (m01s51i997[blev=PLEV39, lbproc=192] + 3.0 * m01s51i001[blev=PLEV39, lbproc=192] + m01s51i059[blev=PLEV39, lbproc=192]) / m01s51i999[blev=PLEV39, lbproc=192]",HadGEM3_mappings.cfg
m01s51i059,51,59,192,,,PLEV39,vmrox,ACmonZ,False,4,mol mol-1,ok,"(MOLECULAR_MASS_OF_AIR / MOLECULAR_MASS_OF_O3) * (m01s51i997[blev=PLEV39, lbproc=192] + 3.0 * m01s51i001[blev=PLEV39, lbproc=192] + m01s51i059[blev=PLEV39, lbproc=192]) / m01s51i999[blev=PLEV39, lbproc=192]",HadGEM3_mappings.cfg
m01s51i999,51,999,192,,,PLEV39,vmrox,ACmonZ,False,4,mol mol-1,ok,"(MOLECULAR_MASS_OF_AIR / MOLECULAR_MASS_OF_O3) * (m01s51i997[blev=PLEV39, lbproc=192] + 3.0 * m01s51i001[blev=PLEV39, lbproc=192] + m01s51i059[blev=PLEV39, lbproc=192]) / m01s51i999[blev=PLEV39, lbproc=192]",HadGEM3_mappings.cfg
m01s30i457,30,457,0,,,600 700 850,vortmean,6hrPlevPt,True,1,s-1,ok,"vortmean(m01s30i457[blev=600 700 850, lbproc=0])",HadGEM3_mappings.cfg
m01s30i457,30,457,0,,,600 700 850,vortmean,AP6hrPt,True,1,s-1,ok,"vortmean(m01s30i457[blev=600 700 850, lbproc=0])",HadGEM3_mappings.cfg
m01s30i429,30,429,128,,,,vqint,Emon,True,1,m2 s-1,ok,m01s30i429[lbproc=128],HadGEM3_mappings.cfg
m01s30i429,30,429,128,,,,vqint,APmon,True,1,m2 s-1,ok,m01s30i429[lbproc=128],HadGEM3_mappings.cfg
m01s30i024,30,24,128,,,,vt,Emon,False,2,1e5 K m s-1,ok,m01s30i024[lbproc=128] / m01s30i115[lbproc=128],HadGEM3_mappings.cfg
m01s30i115,30,115,128,,,,vt,Emon,False,2,1e5 K m s-1,ok,m01s30i024[lbproc=128] / m01s30i115[lbproc=128],HadGEM3_mappings.cfg
m01s30i024,30,24,128,,,,vt,APmonLev,False,2,1e5 K m s-1,ok,m01s30i024[lbproc=128] / m01s30i115[lbproc=128],HadGEM3_mappings.cfg
m01s30i115,30,115,128,,,,vt,APmonLev,False,2,1e5 K m s-1,ok,m01s30i024[lbproc=128] / m01s30i115[lbproc=128],HadGEM3_mappings.cfg
m01s30i310,30,310,192,,,PLEV39,vtem,EdayZ,False,2,m s-1,ok,"mask_vtem(m01s30i310[blev=PLEV39, lbproc=192],
m01s30i301[blev=PLEV39, lbproc=192])",HadGEM3_mappings.cfg
m01s30i301,30,301,192,,,PLEV39,vtem,EdayZ,False,2,m s-1,ok,"mask_vtem(m01s30i310[blev=PLEV39, lbproc=192],
m01s30i301[blev=PLEV39, lbproc=192])",HadGEM3_mappings.cfg
m01s30i310,30,310,192,,,PLEV39,vtem,EmonZ,False,2,m s-1,ok,"mask_vtem(m01s30i310[blev=PLEV39, lbproc=192],
m01s30i301[blev=PLEV39, lbproc=192])",HadGEM3_mappings.cfg
m01s30i301,30,301,192,,,PLEV39,vtem,EmonZ,False,2,m s-1,ok,"mask_vtem(m01s30i310[blev=PLEV39, lbproc=192],
m01s30i301[blev=PLEV39, lbproc=192])",HadGEM3_mappings.cfg
m01s30i310,30,310,192,,,PLEV39,vtem,APmonZ,False,2,m s-1,ok,"mask_vtem(m01s30i310[blev=PLEV39, lbproc=192],
m01s30i301[blev=PLEV39, lbproc=192])",HadGEM3_mappings.cfg
m01s30i301,30,301,192,,,PLEV39,vtem,APmonZ,False,2,m s-1,ok,"mask_vtem(m01s30i310[blev=PLEV39, lbproc=192],
m01s30i301[blev=PLEV39, lbproc=192])",HadGEM3_mappings.cfg
m01s30i310,30,310,192,,,PLEV39,vtem,APdayZ,False,2,m s-1,ok,"mask_vtem(m01s30i310[blev=PLEV39, lbproc=192],
m01s30i301[blev=PLEV39, lbproc=192])",HadGEM3_mappings.cfg
m01s30i301,30,301,192,,,PLEV39,vtem,APdayZ,False,2,m s-1,ok,"mask_vtem(m01s30i310[blev=PLEV39, lbproc=192],
m01s30i301[blev=PLEV39, lbproc=192])",HadGEM3_mappings.cfg
m01s00i150,0,150,128,,,,wa,AERmon,True,1,m s-1,ok,m01s00i150[lbproc=128],HadGEM3_mappings.cfg
m01s00i150,0,150,128,,,,wa,AEmonLev,True,1,m s-1,ok,m01s00i150[lbproc=128],HadGEM3_mappings.cfg
m01s30i203,30,203,128,,,P10,wa10,GCAmon,False,2,m s-1,embargoed,"m01s30i203[blev=P10, lbproc=128] / m01s30i301[blev=P10, lbproc=128]",HadGEM3_mappings.cfg
m01s30i301,30,301,128,,,P10,wa10,GCAmon,False,2,m s-1,embargoed,"m01s30i203[blev=P10, lbproc=128] / m01s30i301[blev=P10, lbproc=128]",HadGEM3_mappings.cfg
m01s30i203,30,203,128,,,P100,wa100,GCAmon,False,2,m s-1,embargoed,"m01s30i203[blev=P100, lbproc=128] / m01s30i301[blev=P100, lbproc=128]",HadGEM3_mappings.cfg
m01s30i301,30,301,128,,,P100,wa100,GCAmon,False,2,m s-1,embargoed,"m01s30i203[blev=P100, lbproc=128] / m01s30i301[blev=P100, lbproc=128]",HadGEM3_mappings.cfg
m01s30i203,30,203,128,,,P1000,wa1000,GCAmon,False,2,m s-1,embargoed,"m01s30i203[blev=P1000, lbproc=128] / m01s30i301[blev=P1000, lbproc=128]",HadGEM3_mappings.cfg
m01s30i301,30,301,128,,,P1000,wa1000,GCAmon,False,2,m s-1,embargoed,"m01s30i203[blev=P1000, lbproc=128] / m01s30i301[blev=P1000, lbproc=128]",HadGEM3_mappings.cfg
m01s30i203,30,203,128,,,P1000,wa1000,GCday,False,2,m s-1,embargoed,"m01s30i203[blev=P1000, lbproc=128] / m01s30i301[blev=P1000, lbproc=128]",HadGEM3_mappings.cfg
m01s30i301,30,301,128,,,P1000,wa1000,GCday,False,2,m s-1,embargoed,"m01s30i203[blev=P1000, lbproc=128] / m01s30i301[blev=P1000, lbproc=128]",HadGEM3_mappings.cfg
m01s30i203,30,203,128,,,P150,wa150,GCAmon,False,2,m s-1,embargoed,"m01s30i203[blev=P150, lbproc=128] / m01s30i301[blev=P150, lbproc=128]",HadGEM3_mappings.cfg
m01s30i301,30,301,128,,,P150,wa150,GCAmon,False,2,m s-1,embargoed,"m01s30i203[blev=P150, lbproc=128] / m01s30i301[blev=P150, lbproc=128]",HadGEM3_mappings.cfg
m01s30i203,30,203,128,,,P20,wa20,GCAmon,False,2,m s-1,embargoed,"m01s30i203[blev=P20, lbproc=128] / m01s30i301[blev=P20, lbproc=128]",HadGEM3_mappings.cfg
m01s30i301,30,301,128,,,P20,wa20,GCAmon,False,2,m s-1,embargoed,"m01s30i203[blev=P20, lbproc=128] / m01s30i301[blev=P20, lbproc=128]",HadGEM3_mappings.cfg
m01s30i203,30,203,128,,,P200,wa200,GCAmon,False,2,m s-1,embargoed,"m01s30i203[blev=P200, lbproc=128] / m01s30i301[blev=P200, lbproc=128]",HadGEM3_mappings.cfg
m01s30i301,30,301,128,,,P200,wa200,GCAmon,False,2,m s-1,embargoed,"m01s30i203[blev=P200, lbproc=128] / m01s30i301[blev=P200, lbproc=128]",HadGEM3_mappings.cfg
m01s30i203,30,203,128,,,P200,wa200,GCday,False,2,m s-1,embargoed,"m01s30i203[blev=P200, lbproc=128] / m01s30i301[blev=P200, lbproc=128]",HadGEM3_mappings.cfg
m01s30i301,30,301,128,,,P200,wa200,GCday,False,2,m s-1,embargoed,"m01s30i203[blev=P200, lbproc=128] / m01s30i301[blev=P200, lbproc=128]",HadGEM3_mappings.cfg
m01s30i203,30,203,128,,,P250,wa250,GCAmon,False,2,m s-1,embargoed,"m01s30i203[blev=P250, lbproc=128] / m01s30i301[blev=P250, lbproc=128]",HadGEM3_mappings.cfg
m01s30i301,30,301,128,,,P250,wa250,GCAmon,False,2,m s-1,embargoed,"m01s30i203[blev=P250, lbproc=128] / m01s30i301[blev=P250, lbproc=128]",HadGEM3_mappings.cfg
m01s30i203,30,203,128,,,P250,wa250,GCday,False,2,m s-1,embargoed,"m01s30i203[blev=P250, lbproc=128] / m01s30i301[blev=P250, lbproc=128]",HadGEM3_mappings.cfg
m01s30i301,30,301,128,,,P250,wa250,GCday,False,2,m s-1,embargoed,"m01s30i203[blev=P250, lbproc=128] / m01s30i301[blev=P250, lbproc=128]",HadGEM3_mappings.cfg
m01s30i203,30,203,128,,,P30,wa30,GCAmon,False,2,m s-1,embargoed,"m01s30i203[blev=P30, lbproc=128] / m01s30i301[blev=P30, lbproc=128]",HadGEM3_mappings.cfg
m01s30i301,30,301,128,,,P30,wa30,GCAmon,False,2,m s-1,embargoed,"m01s30i203[blev=P30, lbproc=128] / m01s30i301[blev=P30, lbproc=128]",HadGEM3_mappings.cfg
m01s30i203,30,203,128,,,P300,wa300,GCAmon,False,2,m s-1,embargoed,"m01s30i203[blev=P300, lbproc=128] / m01s30i301[blev=P300, lbproc=128]",HadGEM3_mappings.cfg
m01s30i301,30,301,128,,,P300,wa300,GCAmon,False,2,m s-1,embargoed,"m01s30i203[blev=P300, lbproc=128] / m01s30i301[blev=P300, lbproc=128]",HadGEM3_mappings.cfg
m01s30i203,30,203,128,,,P300,wa300,GCday,False,2,m s-1,embargoed,"m01s30i203[blev=P300, lbproc=128] / m01s30i301[blev=P300, lbproc=128]",HadGEM3_mappings.cfg
m01s30i301,30,301,128,,,P300,wa300,GCday,False,2,m s-1,embargoed,"m01s30i203[blev=P300, lbproc=128] / m01s30i301[blev=P300, lbproc=128]",HadGEM3_mappings.cfg
m01s30i203,30,203,128,,,P400,wa400,GCAmon,False,2,m s-1,embargoed,"m01s30i203[blev=P400, lbproc=128] / m01s30i301[blev=P400, lbproc=128]",HadGEM3_mappings.cfg
m01s30i301,30,301,128,,,P400,wa400,GCAmon,False,2,m s-1,embargoed,"m01s30i203[blev=P400, lbproc=128] / m01s30i301[blev=P400, lbproc=128]",HadGEM3_mappings.cfg
m01s30i203,30,203,128,,,P400,wa400,GCday,False,2,m s-1,embargoed,"m01s30i203[blev=P400, lbproc=128] / m01s30i301[blev=P400, lbproc=128]",HadGEM3_mappings.cfg
m01s30i301,30,301,128,,,P400,wa400,GCday,False,2,m s-1,embargoed,"m01s30i203[blev=P400, lbproc=128] / m01s30i301[blev=P400, lbproc=128]",HadGEM3_mappings.cfg
m01s30i203,30,203,128,,,P50,wa50,GCAmon,False,2,m s-1,embargoed,"m01s30i203[blev=P50, lbproc=128] / m01s30i301[blev=P50, lbproc=128]",HadGEM3_mappings.cfg
m01s30i301,30,301,128,,,P50,wa50,GCAmon,False,2,m s-1,embargoed,"m01s30i203[blev=P50, lbproc=128] / m01s30i301[blev=P50, lbproc=128]",HadGEM3_mappings.cfg
m01s30i203,30,203,128,,,P500,wa500,GCAmon,False,2,m s-1,embargoed,"m01s30i203[blev=P500, lbproc=128] / m01s30i301[blev=P500, lbproc=128]",HadGEM3_mappings.cfg
m01s30i301,30,301,128,,,P500,wa500,GCAmon,False,2,m s-1,embargoed,"m01s30i203[blev=P500, lbproc=128] / m01s30i301[blev=P500, lbproc=128]",HadGEM3_mappings.cfg
m01s30i203,30,203,128,,,P500,wa500,GCday,False,2,m s-1,embargoed,"m01s30i203[blev=P500, lbproc=128] / m01s30i301[blev=P500, lbproc=128]",HadGEM3_mappings.cfg
m01s30i301,30,301,128,,,P500,wa500,GCday,False,2,m s-1,embargoed,"m01s30i203[blev=P500, lbproc=128] / m01s30i301[blev=P500, lbproc=128]",HadGEM3_mappings.cfg
m01s30i203,30,203,128,,,P600,wa600,GCAmon,False,2,m s-1,embargoed,"m01s30i203[blev=P600, lbproc=128] / m01s30i301[blev=P600, lbproc=128]",HadGEM3_mappings.cfg
m01s30i301,30,301,128,,,P600,wa600,GCAmon,False,2,m s-1,embargoed,"m01s30i203[blev=P600, lbproc=128] / m01s30i301[blev=P600, lbproc=128]",HadGEM3_mappings.cfg
m01s30i203,30,203,128,,,P600,wa600,GCday,False,2,m s-1,embargoed,"m01s30i203[blev=P600, lbproc=128] / m01s30i301[blev=P600, lbproc=128]",HadGEM3_mappings.cfg
m01s30i301,30,301,128,,,P600,wa600,GCday,False,2,m s-1,embargoed,"m01s30i203[blev=P600, lbproc=128] / m01s30i301[blev=P600, lbproc=128]",HadGEM3_mappings.cfg
m01s30i203,30,203,128,,,P70,wa70,GCAmon,False,2,m s-1,embargoed,"m01s30i203[blev=P70, lbproc=128] / m01s30i301[blev=P70, lbproc=128]",HadGEM3_mappings.cfg
m01s30i301,30,301,128,,,P70,wa70,GCAmon,False,2,m s-1,embargoed,"m01s30i203[blev=P70, lbproc=128] / m01s30i301[blev=P70, lbproc=128]",HadGEM3_mappings.cfg
m01s30i203,30,203,128,,,P700,wa700,GCAmon,False,2,m s-1,embargoed,"m01s30i203[blev=P700, lbproc=128] / m01s30i301[blev=P700, lbproc=128]",HadGEM3_mappings.cfg
m01s30i301,30,301,128,,,P700,wa700,GCAmon,False,2,m s-1,embargoed,"m01s30i203[blev=P700, lbproc=128] / m01s30i301[blev=P700, lbproc=128]",HadGEM3_mappings.cfg
m01s30i203,30,203,128,,,P700,wa700,GCday,False,2,m s-1,embargoed,"m01s30i203[blev=P700, lbproc=128] / m01s30i301[blev=P700, lbproc=128]",HadGEM3_mappings.cfg
m01s30i301,30,301,128,,,P700,wa700,GCday,False,2,m s-1,embargoed,"m01s30i203[blev=P700, lbproc=128] / m01s30i301[blev=P700, lbproc=128]",HadGEM3_mappings.cfg
m01s30i203,30,203,128,,,P850,wa850,GCAmon,False,2,m s-1,embargoed,"m01s30i203[blev=P850, lbproc=128] / m01s30i301[blev=P850, lbproc=128]",HadGEM3_mappings.cfg
m01s30i301,30,301,128,,,P850,wa850,GCAmon,False,2,m s-1,embargoed,"m01s30i203[blev=P850, lbproc=128] / m01s30i301[blev=P850, lbproc=128]",HadGEM3_mappings.cfg
m01s30i203,30,203,128,,,P850,wa850,GCday,False,2,m s-1,embargoed,"m01s30i203[blev=P850, lbproc=128] / m01s30i301[blev=P850, lbproc=128]",HadGEM3_mappings.cfg
m01s30i301,30,301,128,,,P850,wa850,GCday,False,2,m s-1,embargoed,"m01s30i203[blev=P850, lbproc=128] / m01s30i301[blev=P850, lbproc=128]",HadGEM3_mappings.cfg
m01s30i203,30,203,128,,,P925,wa925,GCAmon,False,2,m s-1,embargoed,"m01s30i203[blev=P925, lbproc=128] / m01s30i301[blev=P925, lbproc=128]",HadGEM3_mappings.cfg
m01s30i301,30,301,128,,,P925,wa925,GCAmon,False,2,m s-1,embargoed,"m01s30i203[blev=P925, lbproc=128] / m01s30i301[blev=P925, lbproc=128]",HadGEM3_mappings.cfg
m01s30i203,30,203,128,,,P925,wa925,GCday,False,2,m s-1,embargoed,"m01s30i203[blev=P925, lbproc=128] / m01s30i301[blev=P925, lbproc=128]",HadGEM3_mappings.cfg
m01s30i301,30,301,128,,,P925,wa925,GCday,False,2,m s-1,embargoed,"m01s30i203[blev=P925, lbproc=128] / m01s30i301[blev=P925, lbproc=128]",HadGEM3_mappings.cfg
m01s30i298,30,298,128,,,PLEV19,wap,Amon,False,2,Pa s-1,ok,"m01s30i298[blev=PLEV19, lbproc=128] / m01s30i304[blev=PLEV19, lbproc=128]",HadGEM3_mappings.cfg
m01s30i304,30,304,128,,,PLEV19,wap,Amon,False,2,Pa s-1,ok,"m01s30i298[blev=PLEV19, lbproc=128] / m01s30i304[blev=PLEV19, lbproc=128]",HadGEM3_mappings.cfg
m01s30i298,30,298,128,,,PLEV19,wap,Eday,False,2,Pa s-1,ok,"m01s30i298[blev=PLEV19, lbproc=128] / m01s30i304[blev=PLEV19, lbproc=128]",HadGEM3_mappings.cfg
m01s30i304,30,304,128,,,PLEV19,wap,Eday,False,2,Pa s-1,ok,"m01s30i298[blev=PLEV19, lbproc=128] / m01s30i304[blev=PLEV19, lbproc=128]",HadGEM3_mappings.cfg
m01s30i298,30,298,128,,,PLEV19,wap,APmon,False,2,Pa s-1,ok,"m01s30i298[blev=PLEV19, lbproc=128] / m01s30i304[blev=PLEV19, lbproc=128]",HadGEM3_mappings.cfg
m01s30i304,30,304,128,,,PLEV19,wap,APmon,False,2,Pa s-1,ok,"m01s30i298[blev=PLEV19, lbproc=128] / m01s30i304[blev=PLEV19, lbproc=128]",HadGEM3_mappings.cfg
m01s30i298,30,298,128,,,P10,wap10,GCAmon,False,2,Pa s-1,embargoed,"m01s30i298[blev=P10, lbproc=128] / m01s30i304[blev=P10, lbproc=128]",HadGEM3_mappings.cfg
m01s30i304,30,304,128,,,P10,wap10,GCAmon,False,2,Pa s-1,embargoed,"m01s30i298[blev=P10, lbproc=128] / m01s30i304[blev=P10, lbproc=128]",HadGEM3_mappings.cfg
m01s30i298,30,298,128,,,P100,wap100,GCAmon,False,2,Pa s-1,embargoed,"m01s30i298[blev=P100, lbproc=128] / m01s30i304[blev=P100, lbproc=128]",HadGEM3_mappings.cfg
m01s30i304,30,304,128,,,P100,wap100,GCAmon,False,2,Pa s-1,embargoed,"m01s30i298[blev=P100, lbproc=128] / m01s30i304[blev=P100, lbproc=128]",HadGEM3_mappings.cfg
m01s30i298,30,298,128,,,P1000,wap1000,GCAmon,False,2,Pa s-1,embargoed,"m01s30i298[blev=P1000, lbproc=128] / m01s30i304[blev=P1000, lbproc=128]",HadGEM3_mappings.cfg
m01s30i304,30,304,128,,,P1000,wap1000,GCAmon,False,2,Pa s-1,embargoed,"m01s30i298[blev=P1000, lbproc=128] / m01s30i304[blev=P1000, lbproc=128]",HadGEM3_mappings.cfg
m01s30i298,30,298,128,,,P150,wap150,GCAmon,False,2,Pa s-1,embargoed,"m01s30i298[blev=P150, lbproc=128] / m01s30i304[blev=P150, lbproc=128]",HadGEM3_mappings.cfg
m01s30i304,30,304,128,,,P150,wap150,GCAmon,False,2,Pa s-1,embargoed,"m01s30i298[blev=P150, lbproc=128] / m01s30i304[blev=P150, lbproc=128]",HadGEM3_mappings.cfg
m01s30i298,30,298,128,,,P20,wap20,GCAmon,False,2,Pa s-1,embargoed,"m01s30i298[blev=P20, lbproc=128] / m01s30i304[blev=P20, lbproc=128]",HadGEM3_mappings.cfg
m01s30i304,30,304,128,,,P20,wap20,GCAmon,False,2,Pa s-1,embargoed,"m01s30i298[blev=P20, lbproc=128] / m01s30i304[blev=P20, lbproc=128]",HadGEM3_mappings.cfg
m01s30i298,30,298,128,,,P200,wap200,GCAmon,False,2,Pa s-1,embargoed,"m01s30i298[blev=P200, lbproc=128] / m01s30i304[blev=P200, lbproc=128]",HadGEM3_mappings.cfg
m01s30i304,30,304,128,,,P200,wap200,GCAmon,False,2,Pa s-1,embargoed,"m01s30i298[blev=P200, lbproc=128] / m01s30i304[blev=P200, lbproc=128]",HadGEM3_mappings.cfg
m01s30i298,30,298,128,,,P250,wap250,GCAmon,False,2,Pa s-1,embargoed,"m01s30i298[blev=P250, lbproc=128] / m01s30i304[blev=P250, lbproc=128]",HadGEM3_mappings.cfg
m01s30i304,30,304,128,,,P250,wap250,GCAmon,False,2,Pa s-1,embargoed,"m01s30i298[blev=P250, lbproc=128] / m01s30i304[blev=P250, lbproc=128]",HadGEM3_mappings.cfg
m01s30i298,30,298,128,,,P30,wap30,GCAmon,False,2,Pa s-1,embargoed,"m01s30i298[blev=P30, lbproc=128] / m01s30i304[blev=P30, lbproc=128]",HadGEM3_mappings.cfg
m01s30i304,30,304,128,,,P30,wap30,GCAmon,False,2,Pa s-1,embargoed,"m01s30i298[blev=P30, lbproc=128] / m01s30i304[blev=P30, lbproc=128]",HadGEM3_mappings.cfg
m01s30i298,30,298,128,,,P300,wap300,GCAmon,False,2,Pa s-1,embargoed,"m01s30i298[blev=P300, lbproc=128] / m01s30i304[blev=P300, lbproc=128]",HadGEM3_mappings.cfg
m01s30i304,30,304,128,,,P300,wap300,GCAmon,False,2,Pa s-1,embargoed,"m01s30i298[blev=P300, lbproc=128] / m01s30i304[blev=P300, lbproc=128]",HadGEM3_mappings.cfg
m01s30i298,30,298,128,,,PLEV4,wap4,6hrPlev,False,2,Pa s-1,ok,"m01s30i298[blev=PLEV4, lbproc=128] / m01s30i304[blev=PLEV4, lbproc=128]",HadGEM3_mappings.cfg
m01s30i304,30,304,128,,,PLEV4,wap4,6hrPlev,False,2,Pa s-1,ok,"m01s30i298[blev=PLEV4, lbproc=128] / m01s30i304[blev=PLEV4, lbproc=128]",HadGEM3_mappings.cfg
m01s30i298,30,298,128,,,PLEV4,wap4,AP6hr,False,2,Pa s-1,ok,"m01s30i298[blev=PLEV4, lbproc=128] / m01s30i304[blev=PLEV4, lbproc=128]",HadGEM3_mappings.cfg
m01s30i304,30,304,128,,,PLEV4,wap4,AP6hr,False,2,Pa s-1,ok,"m01s30i298[blev=PLEV4, lbproc=128] / m01s30i304[blev=PLEV4, lbproc=128]",HadGEM3_mappings.cfg
m01s30i298,30,298,128,,,P400,wap400,GCAmon,False,2,Pa s-1,embargoed,"m01s30i298[blev=P400, lbproc=128] / m01s30i304[blev=P400, lbproc=128]",HadGEM3_mappings.cfg
m01s30i304,30,304,128,,,P400,wap400,GCAmon,False,2,Pa s-1,embargoed,"m01s30i298[blev=P400, lbproc=128] / m01s30i304[blev=P400, lbproc=128]",HadGEM3_mappings.cfg
m01s30i298,30,298,128,,,P50,wap50,GCAmon,False,2,Pa s-1,embargoed,"m01s30i298[blev=P50, lbproc=128] / m01s30i304[blev=P50, lbproc=128]",HadGEM3_mappings.cfg
m01s30i304,30,304,128,,,P50,wap50,GCAmon,False,2,Pa s-1,embargoed,"m01s30i298[blev=P50, lbproc=128] / m01s30i304[blev=P50, lbproc=128]",HadGEM3_mappings.cfg
m01s30i298,30,298,128,,,P500,wap500,GCAmon,False,2,Pa s-1,ok,"m01s30i298[blev=P500, lbproc=128] / m01s30i304[blev=P500, lbproc=128]",HadGEM3_mappings.cfg
m01s30i304,30,304,128,,,P500,wap500,GCAmon,False,2,Pa s-1,ok,"m01s30i298[blev=P500, lbproc=128] / m01s30i304[blev=P500, lbproc=128]",HadGEM3_mappings.cfg
m01s30i298,30,298,128,,,P500,wap500,CFday,False,2,Pa s-1,ok,"m01s30i298[blev=P500, lbproc=128] / m01s30i304[blev=P500, lbproc=128]",HadGEM3_mappings.cfg
m01s30i304,30,304,128,,,P500,wap500,CFday,False,2,Pa s-1,ok,"m01s30i298[blev=P500, lbproc=128] / m01s30i304[blev=P500, lbproc=128]",HadGEM3_mappings.cfg
m01s30i298,30,298,128,,,P500,wap500,APday,False,2,Pa s-1,ok,"m01s30i298[blev=P500, lbproc=128] / m01s30i304[blev=P500, lbproc=128]",HadGEM3_mappings.cfg
m01s30i304,30,304,128,,,P500,wap500,APday,False,2,Pa s-1,ok,"m01s30i298[blev=P500, lbproc=128] / m01s30i304[blev=P500, lbproc=128]",HadGEM3_mappings.cfg
m01s30i298,30,298,128,,,P600,wap600,GCAmon,False,2,Pa s-1,embargoed,"m01s30i298[blev=P600, lbproc=128] / m01s30i304[blev=P600, lbproc=128]",HadGEM3_mappings.cfg
m01s30i304,30,304,128,,,P600,wap600,GCAmon,False,2,Pa s-1,embargoed,"m01s30i298[blev=P600, lbproc=128] / m01s30i304[blev=P600, lbproc=128]",HadGEM3_mappings.cfg
m01s30i298,30,298,128,,,P70,wap70,GCAmon,False,2,Pa s-1,embargoed,"m01s30i298[blev=P70, lbproc=128] / m01s30i304[blev=P70, lbproc=128]",HadGEM3_mappings.cfg
m01s30i304,30,304,128,,,P70,wap70,GCAmon,False,2,Pa s-1,embargoed,"m01s30i298[blev=P70, lbproc=128] / m01s30i304[blev=P70, lbproc=128]",HadGEM3_mappings.cfg
m01s30i298,30,298,128,,,P700,wap700,GCAmon,False,2,Pa s-1,embargoed,"m01s30i298[blev=P700, lbproc=128] / m01s30i304[blev=P700, lbproc=128]",HadGEM3_mappings.cfg
m01s30i304,30,304,128,,,P700,wap700,GCAmon,False,2,Pa s-1,embargoed,"m01s30i298[blev=P700, lbproc=128] / m01s30i304[blev=P700, lbproc=128]",HadGEM3_mappings.cfg
m01s30i298,30,298,0,,,PLEV7H,wap7h,E3hrPt,False,2,Pa s-1,ok,"m01s30i298[blev=PLEV7H, lbproc=0] / m01s30i304[blev=PLEV7H, lbproc=0]",HadGEM3_mappings.cfg
m01s30i304,30,304,0,,,PLEV7H,wap7h,E3hrPt,False,2,Pa s-1,ok,"m01s30i298[blev=PLEV7H, lbproc=0] / m01s30i304[blev=PLEV7H, lbproc=0]",HadGEM3_mappings.cfg
m01s30i298,30,298,0,,,PLEV7H,wap7h,AP3hrPt,False,2,Pa s-1,ok,"m01s30i298[blev=PLEV7H, lbproc=0] / m01s30i304[blev=PLEV7H, lbproc=0]",HadGEM3_mappings.cfg
m01s30i304,30,304,0,,,PLEV7H,wap7h,AP3hrPt,False,2,Pa s-1,ok,"m01s30i298[blev=PLEV7H, lbproc=0] / m01s30i304[blev=PLEV7H, lbproc=0]",HadGEM3_mappings.cfg
m01s30i298,30,298,128,,,P850,wap850,GCAmon,False,2,Pa s-1,embargoed,"m01s30i298[blev=P850, lbproc=128] / m01s30i304[blev=P850, lbproc=128]",HadGEM3_mappings.cfg
m01s30i304,30,304,128,,,P850,wap850,GCAmon,False,2,Pa s-1,embargoed,"m01s30i298[blev=P850, lbproc=128] / m01s30i304[blev=P850, lbproc=128]",HadGEM3_mappings.cfg
m01s30i298,30,298,128,,,P925,wap925,GCAmon,False,2,Pa s-1,embargoed,"m01s30i298[blev=P925, lbproc=128] / m01s30i304[blev=P925, lbproc=128]",HadGEM3_mappings.cfg
m01s30i304,30,304,128,,,P925,wap925,GCAmon,False,2,Pa s-1,embargoed,"m01s30i298[blev=P925, lbproc=128] / m01s30i304[blev=P925, lbproc=128]",HadGEM3_mappings.cfg
m01s16i205,16,205,0,,,PLEV7H,wbptemp7h,6hrPlevPt,False,2,K,embargoed,"m01s16i205[blev=PLEV7H, lbproc=0] / m01s30i304[blev=PLEV7H, lbproc=0]",HadGEM3_mappings.cfg
m01s30i304,30,304,0,,,PLEV7H,wbptemp7h,6hrPlevPt,False,2,K,embargoed,"m01s16i205[blev=PLEV7H, lbproc=0] / m01s30i304[blev=PLEV7H, lbproc=0]",HadGEM3_mappings.cfg
m01s16i205,16,205,0,,,PLEV7H,wbptemp7h,AP6hrPt,False,2,K,embargoed,"m01s16i205[blev=PLEV7H, lbproc=0] / m01s30i304[blev=PLEV7H, lbproc=0]",HadGEM3_mappings.cfg
m01s30i304,30,304,0,,,PLEV7H,wbptemp7h,AP6hrPt,False,2,K,embargoed,"m01s16i205[blev=PLEV7H, lbproc=0] / m01s30i304[blev=PLEV7H, lbproc=0]",HadGEM3_mappings.cfg
m01s04i231,4,231,128,,,,wetdust,AERmon,False,12,kg m-2 s-1,ok,m01s04i231[lbproc=128] + m01s04i232[lbproc=128] + m01s04i233[lbproc=128] + m01s04i234[lbproc=128] + m01s04i235[lbproc=128] + m01s04i236[lbproc=128] + m01s05i281[lbproc=128] + m01s05i282[lbproc=128] + m01s05i283[lbproc=128] + m01s05i284[lbproc=128] + m01s05i285[lbproc=128] + m01s05i286[lbproc=128],HadGEM3_mappings.cfg
m01s04i232,4,232,128,,,,wetdust,AERmon,False,12,kg m-2 s-1,ok,m01s04i231[lbproc=128] + m01s04i232[lbproc=128] + m01s04i233[lbproc=128] + m01s04i234[lbproc=128] + m01s04i235[lbproc=128] + m01s04i236[lbproc=128] + m01s05i281[lbproc=128] + m01s05i282[lbproc=128] + m01s05i283[lbproc=128] + m01s05i284[lbproc=128] + m01s05i285[lbproc=128] + m01s05i286[lbproc=128],HadGEM3_mappings.cfg
m01s04i233,4,233,128,,,,wetdust,AERmon,False,12,kg m-2 s-1,ok,m01s04i231[lbproc=128] + m01s04i232[lbproc=128] + m01s04i233[lbproc=128] + m01s04i234[lbproc=128] + m01s04i235[lbproc=128] + m01s04i236[lbproc=128] + m01s05i281[lbproc=128] + m01s05i282[lbproc=128] + m01s05i283[lbproc=128] + m01s05i284[lbproc=128] + m01s05i285[lbproc=128] + m01s05i286[lbproc=128],HadGEM3_mappings.cfg
m01s04i234,4,234,128,,,,wetdust,AERmon,False,12,kg m-2 s-1,ok,m01s04i231[lbproc=128] + m01s04i232[lbproc=128] + m01s04i233[lbproc=128] + m01s04i234[lbproc=128] + m01s04i235[lbproc=128] + m01s04i236[lbproc=128] + m01s05i281[lbproc=128] + m01s05i282[lbproc=128] + m01s05i283[lbproc=128] + m01s05i284[lbproc=128] + m01s05i285[lbproc=128] + m01s05i286[lbproc=128],HadGEM3_mappings.cfg
m01s04i235,4,235,128,,,,wetdust,AERmon,False,12,kg m-2 s-1,ok,m01s04i231[lbproc=128] + m01s04i232[lbproc=128] + m01s04i233[lbproc=128] + m01s04i234[lbproc=128] + m01s04i235[lbproc=128] + m01s04i236[lbproc=128] + m01s05i281[lbproc=128] + m01s05i282[lbproc=128] + m01s05i283[lbproc=128] + m01s05i284[lbproc=128] + m01s05i285[lbproc=128] + m01s05i286[lbproc=128],HadGEM3_mappings.cfg
m01s04i236,4,236,128,,,,wetdust,AERmon,False,12,kg m-2 s-1,ok,m01s04i231[lbproc=128] + m01s04i232[lbproc=128] + m01s04i233[lbproc=128] + m01s04i234[lbproc=128] + m01s04i235[lbproc=128] + m01s04i236[lbproc=128] + m01s05i281[lbproc=128] + m01s05i282[lbproc=128] + m01s05i283[lbproc=128] + m01s05i284[lbproc=128] + m01s05i285[lbproc=128] + m01s05i286[lbproc=128],HadGEM3_mappings.cfg
m01s05i281,5,281,128,,,,wetdust,AERmon,False,12,kg m-2 s-1,ok,m01s04i231[lbproc=128] + m01s04i232[lbproc=128] + m01s04i233[lbproc=128] + m01s04i234[lbproc=128] + m01s04i235[lbproc=128] + m01s04i236[lbproc=128] + m01s05i281[lbproc=128] + m01s05i282[lbproc=128] + m01s05i283[lbproc=128] + m01s05i284[lbproc=128] + m01s05i285[lbproc=128] + m01s05i286[lbproc=128],HadGEM3_mappings.cfg
m01s05i282,5,282,128,,,,wetdust,AERmon,False,12,kg m-2 s-1,ok,m01s04i231[lbproc=128] + m01s04i232[lbproc=128] + m01s04i233[lbproc=128] + m01s04i234[lbproc=128] + m01s04i235[lbproc=128] + m01s04i236[lbproc=128] + m01s05i281[lbproc=128] + m01s05i282[lbproc=128] + m01s05i283[lbproc=128] + m01s05i284[lbproc=128] + m01s05i285[lbproc=128] + m01s05i286[lbproc=128],HadGEM3_mappings.cfg
m01s05i283,5,283,128,,,,wetdust,AERmon,False,12,kg m-2 s-1,ok,m01s04i231[lbproc=128] + m01s04i232[lbproc=128] + m01s04i233[lbproc=128] + m01s04i234[lbproc=128] + m01s04i235[lbproc=128] + m01s04i236[lbproc=128] + m01s05i281[lbproc=128] + m01s05i282[lbproc=128] + m01s05i283[lbproc=128] + m01s05i284[lbproc=128] + m01s05i285[lbproc=128] + m01s05i286[lbproc=128],HadGEM3_mappings.cfg
m01s05i284,5,284,128,,,,wetdust,AERmon,False,12,kg m-2 s-1,ok,m01s04i231[lbproc=128] + m01s04i232[lbproc=128] + m01s04i233[lbproc=128] + m01s04i234[lbproc=128] + m01s04i235[lbproc=128] + m01s04i236[lbproc=128] + m01s05i281[lbproc=128] + m01s05i282[lbproc=128] + m01s05i283[lbproc=128] + m01s05i284[lbproc=128] + m01s05i285[lbproc=128] + m01s05i286[lbproc=128],HadGEM3_mappings.cfg
m01s05i285,5,285,128,,,,wetdust,AERmon,False,12,kg m-2 s-1,ok,m01s04i231[lbproc=128] + m01s04i232[lbproc=128] + m01s04i233[lbproc=128] + m01s04i234[lbproc=128] + m01s04i235[lbproc=128] + m01s04i236[lbproc=128] + m01s05i281[lbproc=128] + m01s05i282[lbproc=128] + m01s05i283[lbproc=128] + m01s05i284[lbproc=128] + m01s05i285[lbproc=128] + m01s05i286[lbproc=128],HadGEM3_mappings.cfg
m01s05i286,5,286,128,,,,wetdust,AERmon,False,12,kg m-2 s-1,ok,m01s04i231[lbproc=128] + m01s04i232[lbproc=128] + m01s04i233[lbproc=128] + m01s04i234[lbproc=128] + m01s04i235[lbproc=128] + m01s04i236[lbproc=128] + m01s05i281[lbproc=128] + m01s05i282[lbproc=128] + m01s05i283[lbproc=128] + m01s05i284[lbproc=128] + m01s05i285[lbproc=128] + m01s05i286[lbproc=128],HadGEM3_mappings.cfg
m01s04i231,4,231,128,,,,wetdust,AEmon,False,12,kg m-2 s-1,ok,m01s04i231[lbproc=128] + m01s04i232[lbproc=128] + m01s04i233[lbproc=128] + m01s04i234[lbproc=128] + m01s04i235[lbproc=128] + m01s04i236[lbproc=128] + m01s05i281[lbproc=128] + m01s05i282[lbproc=128] + m01s05i283[lbproc=128] + m01s05i284[lbproc=128] + m01s05i285[lbproc=128] + m01s05i286[lbproc=128],HadGEM3_mappings.cfg
m01s04i232,4,232,128,,,,wetdust,AEmon,False,12,kg m-2 s-1,ok,m01s04i231[lbproc=128] + m01s04i232[lbproc=128] + m01s04i233[lbproc=128] + m01s04i234[lbproc=128] + m01s04i235[lbproc=128] + m01s04i236[lbproc=128] + m01s05i281[lbproc=128] + m01s05i282[lbproc=128] + m01s05i283[lbproc=128] + m01s05i284[lbproc=128] + m01s05i285[lbproc=128] + m01s05i286[lbproc=128],HadGEM3_mappings.cfg
m01s04i233,4,233,128,,,,wetdust,AEmon,False,12,kg m-2 s-1,ok,m01s04i231[lbproc=128] + m01s04i232[lbproc=128] + m01s04i233[lbproc=128] + m01s04i234[lbproc=128] + m01s04i235[lbproc=128] + m01s04i236[lbproc=128] + m01s05i281[lbproc=128] + m01s05i282[lbproc=128] + m01s05i283[lbproc=128] + m01s05i284[lbproc=128] + m01s05i285[lbproc=128] + m01s05i286[lbproc=128],HadGEM3_mappings.cfg
m01s04i234,4,234,128,,,,wetdust,AEmon,False,12,kg m-2 s-1,ok,m01s04i231[lbproc=128] + m01s04i232[lbproc=128] + m01s04i233[lbproc=128] + m01s04i234[lbproc=128] + m01s04i235[lbproc=128] + m01s04i236[lbproc=128] + m01s05i281[lbproc=128] + m01s05i282[lbproc=128] + m01s05i283[lbproc=128] + m01s05i284[lbproc=128] + m01s05i285[lbproc=128] + m01s05i286[lbproc=128],HadGEM3_mappings.cfg
m01s04i235,4,235,128,,,,wetdust,AEmon,False,12,kg m-2 s-1,ok,m01s04i231[lbproc=128] + m01s04i232[lbproc=128] + m01s04i233[lbproc=128] + m01s04i234[lbproc=128] + m01s04i235[lbproc=128] + m01s04i236[lbproc=128] + m01s05i281[lbproc=128] + m01s05i282[lbproc=128] + m01s05i283[lbproc=128] + m01s05i284[lbproc=128] + m01s05i285[lbproc=128] + m01s05i286[lbproc=128],HadGEM3_mappings.cfg
m01s04i236,4,236,128,,,,wetdust,AEmon,False,12,kg m-2 s-1,ok,m01s04i231[lbproc=128] + m01s04i232[lbproc=128] + m01s04i233[lbproc=128] + m01s04i234[lbproc=128] + m01s04i235[lbproc=128] + m01s04i236[lbproc=128] + m01s05i281[lbproc=128] + m01s05i282[lbproc=128] + m01s05i283[lbproc=128] + m01s05i284[lbproc=128] + m01s05i285[lbproc=128] + m01s05i286[lbproc=128],HadGEM3_mappings.cfg
m01s05i281,5,281,128,,,,wetdust,AEmon,False,12,kg m-2 s-1,ok,m01s04i231[lbproc=128] + m01s04i232[lbproc=128] + m01s04i233[lbproc=128] + m01s04i234[lbproc=128] + m01s04i235[lbproc=128] + m01s04i236[lbproc=128] + m01s05i281[lbproc=128] + m01s05i282[lbproc=128] + m01s05i283[lbproc=128] + m01s05i284[lbproc=128] + m01s05i285[lbproc=128] + m01s05i286[lbproc=128],HadGEM3_mappings.cfg
m01s05i282,5,282,128,,,,wetdust,AEmon,False,12,kg m-2 s-1,ok,m01s04i231[lbproc=128] + m01s04i232[lbproc=128] + m01s04i233[lbproc=128] + m01s04i234[lbproc=128] + m01s04i235[lbproc=128] + m01s04i236[lbproc=128] + m01s05i281[lbproc=128] + m01s05i282[lbproc=128] + m01s05i283[lbproc=128] + m01s05i284[lbproc=128] + m01s05i285[lbproc=128] + m01s05i286[lbproc=128],HadGEM3_mappings.cfg
m01s05i283,5,283,128,,,,wetdust,AEmon,False,12,kg m-2 s-1,ok,m01s04i231[lbproc=128] + m01s04i232[lbproc=128] + m01s04i233[lbproc=128] + m01s04i234[lbproc=128] + m01s04i235[lbproc=128] + m01s04i236[lbproc=128] + m01s05i281[lbproc=128] + m01s05i282[lbproc=128] + m01s05i283[lbproc=128] + m01s05i284[lbproc=128] + m01s05i285[lbproc=128] + m01s05i286[lbproc=128],HadGEM3_mappings.cfg
m01s05i284,5,284,128,,,,wetdust,AEmon,False,12,kg m-2 s-1,ok,m01s04i231[lbproc=128] + m01s04i232[lbproc=128] + m01s04i233[lbproc=128] + m01s04i234[lbproc=128] + m01s04i235[lbproc=128] + m01s04i236[lbproc=128] + m01s05i281[lbproc=128] + m01s05i282[lbproc=128] + m01s05i283[lbproc=128] + m01s05i284[lbproc=128] + m01s05i285[lbproc=128] + m01s05i286[lbproc=128],HadGEM3_mappings.cfg
m01s05i285,5,285,128,,,,wetdust,AEmon,False,12,kg m-2 s-1,ok,m01s04i231[lbproc=128] + m01s04i232[lbproc=128] + m01s04i233[lbproc=128] + m01s04i234[lbproc=128] + m01s04i235[lbproc=128] + m01s04i236[lbproc=128] + m01s05i281[lbproc=128] + m01s05i282[lbproc=128] + m01s05i283[lbproc=128] + m01s05i284[lbproc=128] + m01s05i285[lbproc=128] + m01s05i286[lbproc=128],HadGEM3_mappings.cfg
m01s05i286,5,286,128,,,,wetdust,AEmon,False,12,kg m-2 s-1,ok,m01s04i231[lbproc=128] + m01s04i232[lbproc=128] + m01s04i233[lbproc=128] + m01s04i234[lbproc=128] + m01s04i235[lbproc=128] + m01s04i236[lbproc=128] + m01s05i281[lbproc=128] + m01s05i282[lbproc=128] + m01s05i283[lbproc=128] + m01s05i284[lbproc=128] + m01s05i285[lbproc=128] + m01s05i286[lbproc=128],HadGEM3_mappings.cfg
m01s08i242,8,242,128,,,,wetlandCH4,Emon,True,1,ug m-2 s-1,ok,m01s08i242[lbproc=128] * MOLECULAR_MASS_OF_CH4 / ATOMIC_MASS_OF_C,HadGEM3_mappings.cfg
m01s08i242,8,242,128,,,,wetlandCH4,LPmon,True,1,ug m-2 s-1,ok,m01s08i242[lbproc=128] * MOLECULAR_MASS_OF_CH4 / ATOMIC_MASS_OF_C,HadGEM3_mappings.cfg
m01s08i248,8,248,128,,,,wetlandFrac,Emon,False,2,1,ok,m01s08i248[lbproc=128] * m01s03i395[lbproc=128],HadGEM3_mappings.cfg
m01s03i395,3,395,128,,,,wetlandFrac,Emon,False,2,1,ok,m01s08i248[lbproc=128] * m01s03i395[lbproc=128],HadGEM3_mappings.cfg
m01s08i248,8,248,128,,,,wetlandFrac,LPmon,False,2,1,ok,m01s08i248[lbproc=128] * m01s03i395[lbproc=128],HadGEM3_mappings.cfg
m01s03i395,3,395,128,,,,wetlandFrac,LPmon,False,2,1,ok,m01s08i248[lbproc=128] * m01s03i395[lbproc=128],HadGEM3_mappings.cfg
m01s03i463,3,463,8192,,,,wsgmax10m,6hrPlev,True,1,m s-1,embargoed,m01s03i463[lbproc=8192],HadGEM3_mappings.cfg
m01s03i463,3,463,8192,,,,wsgmax10m,AP6hr,True,1,m s-1,embargoed,m01s03i463[lbproc=8192],HadGEM3_mappings.cfg
m01s08i249,8,249,128,,,,wtd,Emon,True,1,m,ok,m01s08i249[lbproc=128],HadGEM3_mappings.cfg
m01s08i249,8,249,128,,,,wtd,Eday,True,1,m,ok,m01s08i249[lbproc=128],HadGEM3_mappings.cfg
m01s08i249,8,249,128,,,,wtd,LPmon,True,1,m,ok,m01s08i249[lbproc=128],HadGEM3_mappings.cfg
m01s08i249,8,249,128,,,,wtd,LPday,True,1,m,ok,m01s08i249[lbproc=128],HadGEM3_mappings.cfg
m01s30i311,30,311,192,,,PLEV39,wtem,EdayZ,False,2,m s-1,ok,"mask_polar_column_zonal_means( m01s30i311[blev=PLEV39, lbproc=192], m01s30i301[blev=PLEV39, lbproc=192])",HadGEM3_mappings.cfg
m01s30i301,30,301,192,,,PLEV39,wtem,EdayZ,False,2,m s-1,ok,"mask_polar_column_zonal_means( m01s30i311[blev=PLEV39, lbproc=192], m01s30i301[blev=PLEV39, lbproc=192])",HadGEM3_mappings.cfg
m01s30i311,30,311,192,,,PLEV39,wtem,EmonZ,False,2,m s-1,ok,"mask_polar_column_zonal_means( m01s30i311[blev=PLEV39, lbproc=192], m01s30i301[blev=PLEV39, lbproc=192])",HadGEM3_mappings.cfg
m01s30i301,30,301,192,,,PLEV39,wtem,EmonZ,False,2,m s-1,ok,"mask_polar_column_zonal_means( m01s30i311[blev=PLEV39, lbproc=192], m01s30i301[blev=PLEV39, lbproc=192])",HadGEM3_mappings.cfg
m01s30i311,30,311,192,,,PLEV39,wtem,APdayZ,False,2,m s-1,ok,"mask_polar_column_zonal_means( m01s30i311[blev=PLEV39, lbproc=192], m01s30i301[blev=PLEV39, lbproc=192])",HadGEM3_mappings.cfg
m01s30i301,30,301,192,,,PLEV39,wtem,APdayZ,False,2,m s-1,ok,"mask_polar_column_zonal_means( m01s30i311[blev=PLEV39, lbproc=192], m01s30i301[blev=PLEV39, lbproc=192])",HadGEM3_mappings.cfg
m01s30i311,30,311,192,,,PLEV39,wtem,APmonZ,False,2,m s-1,ok,"mask_polar_column_zonal_means( m01s30i311[blev=PLEV39, lbproc=192], m01s30i301[blev=PLEV39, lbproc=192])",HadGEM3_mappings.cfg
m01s30i301,30,301,192,,,PLEV39,wtem,APmonZ,False,2,m s-1,ok,"mask_polar_column_zonal_means( m01s30i311[blev=PLEV39, lbproc=192], m01s30i301[blev=PLEV39, lbproc=192])",HadGEM3_mappings.cfg
m01s15i101,15,101,0,,,,zfull,CF3hr,True,1,m,embargoed,m01s15i101[lbproc=0],HadGEM3_mappings.cfg
m01s15i101,15,101,0,,,,zfull,AP3hrPtLev,True,1,m,embargoed,m01s15i101[lbproc=0],HadGEM3_mappings.cfg
m01s30i297,30,297,128,,,PLEV19,zg,Amon,False,2,m,ok,"m01s30i297[blev=PLEV19, lbproc=128] / m01s30i304[blev=PLEV19, lbproc=128]",HadGEM3_mappings.cfg
m01s30i304,30,304,128,,,PLEV19,zg,Amon,False,2,m,ok,"m01s30i297[blev=PLEV19, lbproc=128] / m01s30i304[blev=PLEV19, lbproc=128]",HadGEM3_mappings.cfg
m01s30i297,30,297,128,,,PLEV19,zg,Eday,False,2,m,ok,"m01s30i297[blev=PLEV19, lbproc=128] / m01s30i304[blev=PLEV19, lbproc=128]",HadGEM3_mappings.cfg
m01s30i304,30,304,128,,,PLEV19,zg,Eday,False,2,m,ok,"m01s30i297[blev=PLEV19, lbproc=128] / m01s30i304[blev=PLEV19, lbproc=128]",HadGEM3_mappings.cfg
m01s30i297,30,297,128,,,PLEV19,zg,APmon,False,2,m,ok,"m01s30i297[blev=PLEV19, lbproc=128] / m01s30i304[blev=PLEV19, lbproc=128]",HadGEM3_mappings.cfg
m01s30i304,30,304,128,,,PLEV19,zg,APmon,False,2,m,ok,"m01s30i297[blev=PLEV19, lbproc=128] / m01s30i304[blev=PLEV19, lbproc=128]",HadGEM3_mappings.cfg
m01s30i297,30,297,128,,,P10,zg10,AERday,False,2,m,ok,"m01s30i297[blev=P10, lbproc=128] / m01s30i304[blev=P10, lbproc=128]",HadGEM3_mappings.cfg
m01s30i304,30,304,128,,,P10,zg10,AERday,False,2,m,ok,"m01s30i297[blev=P10, lbproc=128] / m01s30i304[blev=P10, lbproc=128]",HadGEM3_mappings.cfg
m01s30i297,30,297,128,,,P10,zg10,AEday,False,2,m,ok,"m01s30i297[blev=P10, lbproc=128] / m01s30i304[blev=P10, lbproc=128]",HadGEM3_mappings.cfg
m01s30i304,30,304,128,,,P10,zg10,AEday,False,2,m,ok,"m01s30i297[blev=P10, lbproc=128] / m01s30i304[blev=P10, lbproc=128]",HadGEM3_mappings.cfg
m01s30i297,30,297,128,,,P100,zg100,AERday,False,2,m,ok,"m01s30i297[blev=P100, lbproc=128] / m01s30i304[blev=P100, lbproc=128]",HadGEM3_mappings.cfg
m01s30i304,30,304,128,,,P100,zg100,AERday,False,2,m,ok,"m01s30i297[blev=P100, lbproc=128] / m01s30i304[blev=P100, lbproc=128]",HadGEM3_mappings.cfg
m01s30i297,30,297,128,,,P100,zg100,AEday,False,2,m,ok,"m01s30i297[blev=P100, lbproc=128] / m01s30i304[blev=P100, lbproc=128]",HadGEM3_mappings.cfg
m01s30i304,30,304,128,,,P100,zg100,AEday,False,2,m,ok,"m01s30i297[blev=P100, lbproc=128] / m01s30i304[blev=P100, lbproc=128]",HadGEM3_mappings.cfg
m01s30i297,30,297,128,,,P1000,zg1000,GCAmon,False,2,m,ok,"m01s30i297[blev=P1000, lbproc=128] / m01s30i304[blev=P1000, lbproc=128]",HadGEM3_mappings.cfg
m01s30i304,30,304,128,,,P1000,zg1000,GCAmon,False,2,m,ok,"m01s30i297[blev=P1000, lbproc=128] / m01s30i304[blev=P1000, lbproc=128]",HadGEM3_mappings.cfg
m01s30i297,30,297,128,,,P1000,zg1000,GCday,False,2,m,ok,"m01s30i297[blev=P1000, lbproc=128] / m01s30i304[blev=P1000, lbproc=128]",HadGEM3_mappings.cfg
m01s30i304,30,304,128,,,P1000,zg1000,GCday,False,2,m,ok,"m01s30i297[blev=P1000, lbproc=128] / m01s30i304[blev=P1000, lbproc=128]",HadGEM3_mappings.cfg
m01s30i297,30,297,128,,,P1000,zg1000,6hrPlev,False,2,m,ok,"m01s30i297[blev=P1000, lbproc=128] / m01s30i304[blev=P1000, lbproc=128]",HadGEM3_mappings.cfg
m01s30i304,30,304,128,,,P1000,zg1000,6hrPlev,False,2,m,ok,"m01s30i297[blev=P1000, lbproc=128] / m01s30i304[blev=P1000, lbproc=128]",HadGEM3_mappings.cfg
m01s30i297,30,297,128,,,P1000,zg1000,AERday,False,2,m,ok,"m01s30i297[blev=P1000, lbproc=128] / m01s30i304[blev=P1000, lbproc=128]",HadGEM3_mappings.cfg
m01s30i304,30,304,128,,,P1000,zg1000,AERday,False,2,m,ok,"m01s30i297[blev=P1000, lbproc=128] / m01s30i304[blev=P1000, lbproc=128]",HadGEM3_mappings.cfg
m01s30i297,30,297,128,,,P1000,zg1000,AP6hr,False,2,m,ok,"m01s30i297[blev=P1000, lbproc=128] / m01s30i304[blev=P1000, lbproc=128]",HadGEM3_mappings.cfg
m01s30i304,30,304,128,,,P1000,zg1000,AP6hr,False,2,m,ok,"m01s30i297[blev=P1000, lbproc=128] / m01s30i304[blev=P1000, lbproc=128]",HadGEM3_mappings.cfg
m01s30i297,30,297,128,,,P1000,zg1000,APday,False,2,m,ok,"m01s30i297[blev=P1000, lbproc=128] / m01s30i304[blev=P1000, lbproc=128]",HadGEM3_mappings.cfg
m01s30i304,30,304,128,,,P1000,zg1000,APday,False,2,m,ok,"m01s30i297[blev=P1000, lbproc=128] / m01s30i304[blev=P1000, lbproc=128]",HadGEM3_mappings.cfg
m01s30i297,30,297,128,,,P200,zg200,GCAmon,False,2,m,embargoed,"m01s30i297[blev=P200, lbproc=128] / m01s30i304[blev=P200, lbproc=128]",HadGEM3_mappings.cfg
m01s30i304,30,304,128,,,P200,zg200,GCAmon,False,2,m,embargoed,"m01s30i297[blev=P200, lbproc=128] / m01s30i304[blev=P200, lbproc=128]",HadGEM3_mappings.cfg
m01s30i297,30,297,128,,,P200,zg200,GCday,False,2,m,embargoed,"m01s30i297[blev=P200, lbproc=128] / m01s30i304[blev=P200, lbproc=128]",HadGEM3_mappings.cfg
m01s30i304,30,304,128,,,P200,zg200,GCday,False,2,m,embargoed,"m01s30i297[blev=P200, lbproc=128] / m01s30i304[blev=P200, lbproc=128]",HadGEM3_mappings.cfg
m01s30i297,30,297,128,,,P250,zg250,GCAmon,False,2,m,embargoed,"m01s30i297[blev=P250, lbproc=128] / m01s30i304[blev=P250, lbproc=128]",HadGEM3_mappings.cfg
m01s30i304,30,304,128,,,P250,zg250,GCAmon,False,2,m,embargoed,"m01s30i297[blev=P250, lbproc=128] / m01s30i304[blev=P250, lbproc=128]",HadGEM3_mappings.cfg
m01s30i297,30,297,128,,,P250,zg250,GCday,False,2,m,embargoed,"m01s30i297[blev=P250, lbproc=128] / m01s30i304[blev=P250, lbproc=128]",HadGEM3_mappings.cfg
m01s30i304,30,304,128,,,P250,zg250,GCday,False,2,m,embargoed,"m01s30i297[blev=P250, lbproc=128] / m01s30i304[blev=P250, lbproc=128]",HadGEM3_mappings.cfg
m01s30i297,30,297,128,,,PLEV27,zg27,Emon,False,2,m,ok,"m01s30i297[blev=PLEV27, lbproc=128] / m01s30i304[blev=PLEV27, lbproc=128]",HadGEM3_mappings.cfg
m01s30i304,30,304,128,,,PLEV27,zg27,Emon,False,2,m,ok,"m01s30i297[blev=PLEV27, lbproc=128] / m01s30i304[blev=PLEV27, lbproc=128]",HadGEM3_mappings.cfg
m01s30i297,30,297,128,,,PLEV27,zg27,APmon,False,2,m,ok,"m01s30i297[blev=PLEV27, lbproc=128] / m01s30i304[blev=PLEV27, lbproc=128]",HadGEM3_mappings.cfg
m01s30i304,30,304,128,,,PLEV27,zg27,APmon,False,2,m,ok,"m01s30i297[blev=PLEV27, lbproc=128] / m01s30i304[blev=PLEV27, lbproc=128]",HadGEM3_mappings.cfg
m01s30i297,30,297,128,,,P300,zg300,GCAmon,False,2,m,embargoed,"m01s30i297[blev=P300, lbproc=128] / m01s30i304[blev=P300, lbproc=128]",HadGEM3_mappings.cfg
m01s30i304,30,304,128,,,P300,zg300,GCAmon,False,2,m,embargoed,"m01s30i297[blev=P300, lbproc=128] / m01s30i304[blev=P300, lbproc=128]",HadGEM3_mappings.cfg
m01s30i297,30,297,128,,,P300,zg300,GCday,False,2,m,embargoed,"m01s30i297[blev=P300, lbproc=128] / m01s30i304[blev=P300, lbproc=128]",HadGEM3_mappings.cfg
m01s30i304,30,304,128,,,P300,zg300,GCday,False,2,m,embargoed,"m01s30i297[blev=P300, lbproc=128] / m01s30i304[blev=P300, lbproc=128]",HadGEM3_mappings.cfg
m01s30i297,30,297,128,,,P400,zg400,GCAmon,False,2,m,embargoed,"m01s30i297[blev=P400, lbproc=128] / m01s30i304[blev=P400, lbproc=128]",HadGEM3_mappings.cfg
m01s30i304,30,304,128,,,P400,zg400,GCAmon,False,2,m,embargoed,"m01s30i297[blev=P400, lbproc=128] / m01s30i304[blev=P400, lbproc=128]",HadGEM3_mappings.cfg
m01s30i297,30,297,128,,,P400,zg400,GCday,False,2,m,embargoed,"m01s30i297[blev=P400, lbproc=128] / m01s30i304[blev=P400, lbproc=128]",HadGEM3_mappings.cfg
m01s30i304,30,304,128,,,P400,zg400,GCday,False,2,m,embargoed,"m01s30i297[blev=P400, lbproc=128] / m01s30i304[blev=P400, lbproc=128]",HadGEM3_mappings.cfg
m01s30i297,30,297,128,,,P500,zg500,GCAmon,False,2,m,ok,"m01s30i297[blev=P500, lbproc=128] / m01s30i304[blev=P500, lbproc=128]",HadGEM3_mappings.cfg
m01s30i304,30,304,128,,,P500,zg500,GCAmon,False,2,m,ok,"m01s30i297[blev=P500, lbproc=128] / m01s30i304[blev=P500, lbproc=128]",HadGEM3_mappings.cfg
m01s30i297,30,297,128,,,P500,zg500,GCday,False,2,m,ok,"m01s30i297[blev=P500, lbproc=128] / m01s30i304[blev=P500, lbproc=128]",HadGEM3_mappings.cfg
m01s30i304,30,304,128,,,P500,zg500,GCday,False,2,m,ok,"m01s30i297[blev=P500, lbproc=128] / m01s30i304[blev=P500, lbproc=128]",HadGEM3_mappings.cfg
m01s30i297,30,297,128,,,P500,zg500,AERday,False,2,m,ok,"m01s30i297[blev=P500, lbproc=128] / m01s30i304[blev=P500, lbproc=128]",HadGEM3_mappings.cfg
m01s30i304,30,304,128,,,P500,zg500,AERday,False,2,m,ok,"m01s30i297[blev=P500, lbproc=128] / m01s30i304[blev=P500, lbproc=128]",HadGEM3_mappings.cfg
m01s30i297,30,297,128,,,P500,zg500,AEday,False,2,m,ok,"m01s30i297[blev=P500, lbproc=128] / m01s30i304[blev=P500, lbproc=128]",HadGEM3_mappings.cfg
m01s30i304,30,304,128,,,P500,zg500,AEday,False,2,m,ok,"m01s30i297[blev=P500, lbproc=128] / m01s30i304[blev=P500, lbproc=128]",HadGEM3_mappings.cfg
m01s30i297,30,297,128,,,P600,zg600,GCAmon,False,2,m,embargoed,"m01s30i297[blev=P600, lbproc=128] / m01s30i304[blev=P600, lbproc=128]",HadGEM3_mappings.cfg
m01s30i304,30,304,128,,,P600,zg600,GCAmon,False,2,m,embargoed,"m01s30i297[blev=P600, lbproc=128] / m01s30i304[blev=P600, lbproc=128]",HadGEM3_mappings.cfg
m01s30i297,30,297,128,,,P600,zg600,GCday,False,2,m,embargoed,"m01s30i297[blev=P600, lbproc=128] / m01s30i304[blev=P600, lbproc=128]",HadGEM3_mappings.cfg
m01s30i304,30,304,128,,,P600,zg600,GCday,False,2,m,embargoed,"m01s30i297[blev=P600, lbproc=128] / m01s30i304[blev=P600, lbproc=128]",HadGEM3_mappings.cfg
m01s30i297,30,297,128,,,P700,zg700,GCAmon,False,2,m,embargoed,"m01s30i297[blev=P700, lbproc=128] / m01s30i304[blev=P700, lbproc=128]",HadGEM3_mappings.cfg
m01s30i304,30,304,128,,,P700,zg700,GCAmon,False,2,m,embargoed,"m01s30i297[blev=P700, lbproc=128] / m01s30i304[blev=P700, lbproc=128]",HadGEM3_mappings.cfg
m01s30i297,30,297,128,,,P700,zg700,GCday,False,2,m,embargoed,"m01s30i297[blev=P700, lbproc=128] / m01s30i304[blev=P700, lbproc=128]",HadGEM3_mappings.cfg
m01s30i304,30,304,128,,,P700,zg700,GCday,False,2,m,embargoed,"m01s30i297[blev=P700, lbproc=128] / m01s30i304[blev=P700, lbproc=128]",HadGEM3_mappings.cfg
m01s30i297,30,297,0,,,PLEV7H,zg7h,6hrPlevPt,False,2,m,ok,"m01s30i297[blev=PLEV7H, lbproc=0] / m01s30i304[blev=PLEV7H, lbproc=0]",HadGEM3_mappings.cfg
m01s30i304,30,304,0,,,PLEV7H,zg7h,6hrPlevPt,False,2,m,ok,"m01s30i297[blev=PLEV7H, lbproc=0] / m01s30i304[blev=PLEV7H, lbproc=0]",HadGEM3_mappings.cfg
m01s30i297,30,297,0,,,PLEV7H,zg7h,AP6hrPt,False,2,m,ok,"m01s30i297[blev=PLEV7H, lbproc=0] / m01s30i304[blev=PLEV7H, lbproc=0]",HadGEM3_mappings.cfg
m01s30i304,30,304,0,,,PLEV7H,zg7h,AP6hrPt,False,2,m,ok,"m01s30i297[blev=PLEV7H, lbproc=0] / m01s30i304[blev=PLEV7H, lbproc=0]",HadGEM3_mappings.cfg
m01s30i297,30,297,128,,,P850,zg850,GCAmon,False,2,m,embargoed,"m01s30i297[blev=P850, lbproc=128] / m01s30i304[blev=P850, lbproc=128]",HadGEM3_mappings.cfg
m01s30i304,30,304,128,,,P850,zg850,GCAmon,False,2,m,embargoed,"m01s30i297[blev=P850, lbproc=128] / m01s30i304[blev=P850, lbproc=128]",HadGEM3_mappings.cfg
m01s30i297,30,297,128,,,P850,zg850,GCday,False,2,m,embargoed,"m01s30i297[blev=P850, lbproc=128] / m01s30i304[blev=P850, lbproc=128]",HadGEM3_mappings.cfg
m01s30i304,30,304,128,,,P850,zg850,GCday,False,2,m,embargoed,"m01s30i297[blev=P850, lbproc=128] / m01s30i304[blev=P850, lbproc=128]",HadGEM3_mappings.cfg
m01s30i297,30,297,128,,,P925,zg925,GCAmon,False,2,m,embargoed,"m01s30i297[blev=P925, lbproc=128] / m01s30i304[blev=P925, lbproc=128]",HadGEM3_mappings.cfg
m01s30i304,30,304,128,,,P925,zg925,GCAmon,False,2,m,embargoed,"m01s30i297[blev=P925, lbproc=128] / m01s30i304[blev=P925, lbproc=128]",HadGEM3_mappings.cfg
m01s30i297,30,297,128,,,P925,zg925,GCday,False,2,m,embargoed,"m01s30i297[blev=P925, lbproc=128] / m01s30i304[blev=P925, lbproc=128]",HadGEM3_mappings.cfg
m01s30i304,30,304,128,,,P925,zg925,GCday,False,2,m,embargoed,"m01s30i297[blev=P925, lbproc=128] / m01s30i304[blev=P925, lbproc=128]",HadGEM3_mappings.cfg
m01s15i102,15,102,0,,,,zhalf,CF3hr,True,1,m,embargoed,m01s15i102[lbproc=0],HadGEM3_mappings.cfg
m01s15i102,15,102,0,,,,zhalf,AP3hrPtLev,True,1,m,embargoed,m01s15i102[lbproc=0],HadGEM3_mappings.cfg
m01s03i304,3,304,128,,,,zmla,Eday,True,1,m,ok,m01s03i304[lbproc=128],HadGEM3_mappings.cfg
m01s03i304,3,304,128,,,,zmla,APday,True,1,m,ok,m01s03i304[lbproc=128],HadGEM3_mappings.cfg
m01s30i453,30,453,128,,,,ztp,AERmon,False,2,m,ok,m01s30i453[lbproc=128] + m01s00i033[lbproc=128],HadGEM3_mappings.cfg
m01s00i033,0,33,128,,,,ztp,AERmon,False,2,m,ok,m01s30i453[lbproc=128] + m01s00i033[lbproc=128],HadGEM3_mappings.cfg
m01s30i453,30,453,128,,,,ztp,AEmon,False,2,m,ok,m01s30i453[lbproc=128] + m01s00i033[lbproc=128],HadGEM3_mappings.cfg
m01s00i033,0,33,128,,,,ztp,AEmon,False,2,m,ok,m01s30i453[lbproc=128] + m01s00i033[lbproc=128],HadGEM3_mappings.cfg
